player,player_id,position,team_name,player_game_count,batted_passes,declined_penalties,franchise_id,grades_pass_rush_defense,hits,hurries,pass_rush_opp,pass_rush_percent,pass_rush_win_rate,pass_rush_wins,penalties,prp,sacks,snap_counts_pass_play,snap_counts_pass_rush,total_pressures,true_pass_set_batted_passes,true_pass_set_grades_pass_rush_defense,true_pass_set_hits,true_pass_set_hurries,true_pass_set_pass_rush_opp,true_pass_set_pass_rush_percent,true_pass_set_pass_rush_win_rate,true_pass_set_pass_rush_wins,true_pass_set_prp,true_pass_set_sacks,true_pass_set_snap_counts_pass_play,true_pass_set_snap_counts_pass_rush,true_pass_set_total_pressures
Charles Woodson,330,S,OAK,16,0,0,23,53.3,0,0,4,0.7,0.0,0,0,0.0,0,737,5,0,0,53.3,0,0,3,1.2,0.0,0,0.0,0,325,4,0
Julius Peppers,1010,ED,GB,18,0,1,12,73.9,10,43,472,90.3,15.7,74,3,8.2,12,546,493,65,0,75.2,8,29,277,94.8,19.5,54,9.6,8,305,289,45
Dwight Freeney,1019,ED,ARZ,13,0,0,1,77.2,4,29,253,96.8,17.4,44,0,9.7,8,277,268,41,0,90.1,4,23,141,98.1,24.8,35,14.5,7,154,151,34
James Harrison,1251,ED,PIT,17,2,0,25,81.2,11,30,317,72.9,18.9,60,5,8.7,7,458,334,48,0,84.4,6,19,156,76.4,26.3,41,11.9,6,216,165,31
Terence Newman,1321,CB,MIN,17,0,0,18,68.3,0,2,2,0.3,50.0,1,5,50.0,0,625,2,2,0,66.7,0,1,1,0.4,100.0,1,50.0,0,281,1,1
Kevin Williams,1325,DI,NO,16,2,0,20,63.7,2,19,255,100.0,7.8,20,2,4.1,0,274,274,21,2,71.1,1,6,75,100.0,10.7,8,4.7,0,82,82,7
Terrell Suggs,1326,ED,BLT,1,0,0,3,64.3,0,1,27,79.4,14.8,4,0,1.9,0,34,27,1,0,63.2,0,0,13,81.3,15.4,2,0.0,0,16,13,0
Calvin Pace,1334,ED,NYJ,16,0,0,22,60.4,4,10,214,75.4,7.9,17,1,4.7,3,301,227,17,0,55.4,3,5,98,84.8,12.2,12,4.1,0,125,106,8
Charles Tillman,1351,CB,CAR,12,0,0,5,68.4,1,0,6,1.2,16.7,1,2,8.3,0,490,6,1,0,74.3,1,0,3,1.1,33.3,1,16.7,0,267,3,1
Rashean Mathis,1355,CB,DET,7,0,0,11,54.7,0,0,2,0.8,0.0,0,1,0.0,0,250,2,0,0,54.7,0,0,2,1.9,0.0,0,0.0,0,106,2,0
Cory Redding,1381,DI,ARZ,11,1,1,1,55.2,0,5,109,99.1,4.6,5,2,2.3,0,116,115,5,0,53.9,0,1,36,97.4,2.8,1,1.4,0,39,38,1
Robert Mathis,1447,ED,IND,15,0,0,14,63.9,8,20,307,87.8,11.7,36,3,6.8,7,376,330,35,0,69.3,6,16,155,90.8,18.7,29,9.7,4,185,168,26
Chris Clemons,1585,ED,JAX,16,1,0,15,52.6,8,23,434,96.9,8.8,38,5,4.3,3,484,469,34,1,58.3,4,18,224,99.2,12.5,28,6.3,3,242,240,25
Colin Cole,1589,DI,CAR,2,0,0,5,56.8,0,1,32,100.0,6.3,2,0,1.6,0,34,34,1,0,61.3,0,1,16,100.0,12.5,2,3.1,0,17,17,1
Cullen Jenkins,1637,DI,NYG,16,1,0,21,64.7,8,24,473,97.5,8.2,39,3,4.0,3,518,505,35,1,65.3,6,16,225,97.6,11.6,26,5.8,2,250,244,24
DeAngelo Hall,1729,CB,WAS,12,0,0,32,68.2,0,0,3,1.1,33.3,1,2,0.0,0,348,4,0,0,,0,0,0,0.0,,0,,0,168,0,0
Vince Wilfork,1742,DI,HST,17,0,0,13,53.2,1,9,279,100.0,4.3,12,1,1.8,0,299,299,10,0,49.7,0,4,77,100.0,6.5,5,2.6,0,82,82,4
Jason Babin,1748,ED,ARZ,2,0,0,1,53.5,1,1,22,88.9,9.1,2,3,4.5,0,27,24,2,0,54.9,1,1,18,95.0,11.1,2,5.6,0,20,19,2
Karlos Dansby,1754,LB,CLV,16,1,1,8,63.9,5,5,72,13.7,6.9,5,2,6.9,0,591,81,10,0,71.3,4,2,29,16.1,6.9,2,10.3,0,223,36,6
Daryl Smith,1760,LB,BLT,16,0,0,3,58.3,1,6,63,11.7,14.3,9,0,10.3,3,579,68,10,0,65.8,1,3,28,14.7,25.0,7,17.9,3,218,32,7
Dwan Edwards,1772,DI,CAR,15,2,0,5,53.2,4,14,321,98.0,6.2,20,0,3.4,2,342,335,20,1,54.2,3,13,175,100.0,9.1,16,5.1,1,185,185,17
Randy Starks,1792,DI,CLV,15,1,1,8,60.6,4,14,259,98.9,7.7,20,3,3.9,1,280,277,19,0,68.8,2,11,102,100.0,14.7,15,7.4,1,114,114,14
Will Allen,1832,S,PIT,15,0,0,25,81.3,1,9,45,7.6,15.6,7,2,20.0,4,617,47,14,0,79.4,0,5,18,7.7,16.7,3,30.6,3,261,20,8
Jared Allen,1847,ED,CAR,17,3,0,5,63.1,24,20,427,94.7,13.8,59,2,5.9,3,473,448,47,1,62.0,15,12,225,96.8,16.0,36,7.3,3,248,240,30
Antonio Smith,1856,DI,DEN,19,2,1,10,63.8,6,24,293,100.0,11.6,34,1,6.5,4,320,320,34,2,65.3,4,15,152,100.0,15.8,24,8.2,3,171,171,22
Mike Adams,1972,S,IND,13,0,0,14,91.4,0,2,10,2.1,10.0,1,1,20.0,1,487,10,3,0,93.0,0,2,5,2.5,20.0,1,40.0,1,202,5,3
Antrel Rolle,2225,S,CHI,7,0,0,6,57.7,0,1,2,0.8,0.0,0,0,25.0,0,236,2,1,0,58.7,0,0,1,1.0,0.0,0,0.0,0,105,1,0
DeMarcus Ware,2228,ED,DEN,14,0,2,10,90.1,17,38,326,89.8,20.9,68,7,11.8,11,384,345,66,0,86.4,10,21,158,92.8,27.2,43,15.5,9,180,167,40
Thomas Davis Sr.,2231,LB,CAR,19,0,0,5,67.6,6,16,124,16.1,13.7,17,1,13.7,6,782,126,28,0,63.1,2,6,56,14.1,14.3,8,14.3,4,410,58,12
Derrick Johnson,2232,LB,KC,18,0,0,16,59.2,3,12,79,10.6,8.9,7,3,14.6,4,792,84,19,0,60.5,2,7,47,13.2,6.4,3,13.8,2,386,51,11
Jonathan Babineaux,2276,DI,ATL,16,1,0,2,60.3,8,18,361,96.0,9.7,35,0,4.2,2,403,387,28,0,63.5,7,14,220,100.0,13.6,30,5.2,1,233,233,22
Justin Tuck,2291,DI,OAK,5,3,0,23,60.3,5,3,155,99.4,7.1,11,0,3.2,1,167,166,9,1,57.5,2,3,85,100.0,8.2,7,4.1,1,93,93,6
Chris Canty,2349,DI,BLT,9,1,0,3,61.9,3,8,149,99.4,7.4,11,0,4.4,1,161,160,12,0,66.6,3,2,47,98.1,12.8,6,7.4,1,53,52,6
Trent Cole,2363,ED,IND,14,2,1,14,69.6,6,24,270,86.8,13.3,36,4,6.7,3,333,289,33,0,60.5,4,13,122,94.3,17.2,21,7.8,1,140,132,18
C.J. Mosley,2408,DI,MIA,11,0,0,17,57.5,3,4,115,99.2,7.0,8,2,3.0,0,127,126,7,0,63.2,3,3,53,100.0,13.2,7,5.7,0,59,59,6
Jay Ratliff,2441,DI,CHI,2,0,0,6,50.2,1,1,45,100.0,4.4,2,0,2.2,0,47,47,2,0,49.2,0,1,19,100.0,5.3,1,2.6,0,19,19,1
Lorenzo Alexander,2476,ED,OAK,4,0,0,23,72.2,0,2,5,33.3,40.0,2,0,20.0,0,15,5,2,0,74.7,0,2,3,50.0,66.7,2,33.3,0,6,3,2
Brandon Browner,2512,CB,NO,16,0,2,20,49.1,0,0,9,1.4,0.0,0,22,0.0,0,633,9,0,0,52.1,0,0,4,1.5,0.0,0,0.0,0,272,4,0
Ahmad Brooks,2945,ED,SF,14,0,1,28,51.0,3,26,291,72.5,10.3,30,10,7.4,7,429,311,36,0,55.8,2,13,137,86.8,13.9,19,8.4,4,174,151,19
Mario Williams,2946,ED,BUF,15,1,0,4,47.1,6,25,507,95.1,6.9,35,1,4.0,5,576,548,36,0,49.7,2,8,166,96.3,9.0,15,4.2,2,191,184,12
A.J. Hawk,2950,LB,CIN,17,0,0,7,66.1,0,1,10,7.7,10.0,1,0,15.0,1,142,11,2,0,66.7,0,1,2,9.4,50.0,1,25.0,0,32,3,1
Donte Whitner,2953,S,CLV,14,0,0,8,56.4,0,1,14,3.0,14.3,2,0,10.7,1,494,15,2,0,59.7,0,0,6,3.8,16.7,1,16.7,1,185,7,1
Haloti Ngata,2957,DI,DET,14,3,0,11,68.5,4,25,357,98.7,9.2,33,1,5.2,4,388,383,33,0,71.4,3,21,175,99.5,14.9,26,8.6,3,197,196,27
Chad Greenway,2962,LB,MIN,17,0,1,18,58.7,2,2,29,9.0,17.2,5,2,17.2,3,346,31,7,0,66.1,2,2,10,7.9,50.0,5,40.0,2,139,11,6
Tamba Hali,2965,ED,KC,17,1,1,16,79.9,10,58,517,86.8,17.2,89,1,7.9,7,629,546,75,0,88.1,8,34,265,92.3,23.0,61,10.6,7,310,286,49
Manny Lawson,2967,LB,BUF,16,3,0,4,51.0,3,4,117,29.8,5.1,6,2,3.8,1,413,123,8,0,51.1,2,0,35,31.7,8.6,3,5.7,1,120,38,3
DeMeco Ryans,2978,LB,PHI,14,0,0,24,52.9,1,3,41,15.2,2.4,1,2,4.9,0,297,45,4,0,54.9,0,2,15,15.8,6.7,1,6.7,0,114,18,2
D'Qwell Jackson,2979,LB,IND,16,0,0,14,45.3,1,12,127,20.9,5.5,7,2,6.7,2,646,135,15,0,48.7,1,6,56,22.8,8.9,5,8.0,1,259,59,8
Roman Harper,2988,S,CAR,19,0,0,5,61.1,1,5,17,2.3,5.9,1,3,17.6,0,724,17,6,0,61.8,1,2,6,1.6,16.7,1,25.0,0,375,6,3
Darryl Tapp,3008,ED,DET,16,0,0,11,57.9,4,9,204,99.1,8.8,18,0,4.2,2,217,215,15,0,55.0,1,3,60,97.1,8.3,5,5.0,1,68,66,5
James Anderson,3033,LB,NO,3,0,0,20,64.0,1,0,9,16.1,22.2,2,0,5.6,0,62,10,1,0,62.4,1,0,4,18.5,25.0,1,12.5,0,27,5,1
Frostee Rucker,3036,DI,ARZ,15,0,0,1,58.9,10,15,330,99.4,8.5,28,2,4.7,3,358,356,28,0,62.5,4,10,143,100.0,13.3,19,7.0,3,154,154,17
Jason Hatcher,3037,DI,WAS,16,1,0,32,74.1,12,38,373,100.0,15.3,57,2,7.2,2,396,396,52,0,87.8,11,32,185,100.0,25.9,48,12.7,2,197,197,45
Will Blackmon,3060,CB,WAS,16,0,1,32,74.9,0,0,2,0.4,50.0,1,4,50.0,1,548,2,1,0,58.1,0,0,2,0.8,0.0,0,0.0,0,243,2,0
Stephen Tulloch,3061,LB,DET,16,0,0,11,62.8,3,2,31,9.6,6.5,2,1,11.3,1,375,36,6,0,69.0,2,0,8,10.6,12.5,1,12.5,0,123,13,2
Domata Peko Sr.,3068,DI,CIN,17,1,0,7,61.8,1,4,273,100.0,6.2,17,2,2.7,5,287,287,10,0,68.1,1,2,77,100.0,9.1,7,4.5,2,81,81,5
Barry Cofield,3069,DI,NYG,2,0,0,21,64.2,0,0,7,100.0,14.3,1,0,0.0,0,7,7,0,0,58.2,0,0,2,100.0,0.0,0,0.0,0,2,2,0
Elvis Dumervil,3071,ED,BLT,16,2,0,3,75.2,16,42,437,92.8,14.2,62,5,8.2,7,501,465,65,2,81.2,5,25,181,97.5,19.9,36,10.5,4,202,197,34
Kyle Williams,3079,DI,BUF,6,0,0,4,59.9,5,7,206,93.7,7.3,15,2,3.4,1,237,222,13,0,61.7,2,6,69,98.7,14.5,10,7.2,1,77,76,9
Rob Ninkovich,3080,ED,NE,18,5,0,19,55.6,13,30,491,77.0,9.8,48,0,5.8,7,678,522,50,0,58.2,10,10,236,85.7,11.0,26,6.8,6,294,252,26
Jeremy Mincey,3136,ED,DAL,14,0,0,9,56.9,3,14,204,98.2,9.3,19,1,4.2,0,223,219,17,0,59.1,2,9,79,97.8,15.2,12,7.0,0,90,88,11
Kedric Golston,3141,DI,WAS,16,0,0,32,58.8,1,3,88,100.0,3.4,3,1,2.3,0,96,96,4,0,55.8,0,1,20,100.0,5.0,1,2.5,0,23,23,1
Antoine Bethea,3152,S,SF,7,0,0,28,91.1,2,1,9,3.6,22.2,2,2,27.8,1,276,10,4,0,92.3,1,1,4,3.4,50.0,2,50.0,1,117,4,3
Cortland Finnegan,3160,CB,CAR,8,0,1,5,77.2,3,3,17,6.1,11.8,2,3,17.6,0,280,17,6,0,90.4,3,2,8,5.0,25.0,2,31.3,0,160,8,5
Stephen Bowen,3242,DI,NYJ,14,0,0,22,60.9,0,6,70,100.0,10.0,7,0,4.3,0,74,74,6,0,66.1,0,5,29,100.0,17.2,5,8.6,0,31,31,5
Tom Johnson,3378,DI,MIN,17,0,0,18,64.9,13,38,482,99.4,11.8,57,3,6.5,6,518,515,57,0,70.6,8,28,242,100.0,17.4,42,9.1,4,261,261,40
Tony McDaniel,3423,DI,TB,14,1,0,30,57.4,1,3,116,100.0,5.2,6,2,3.4,2,121,121,6,1,57.5,1,1,35,100.0,5.7,2,5.7,1,36,36,3
Tramon Williams,3558,CB,CLV,15,0,0,8,64.8,1,0,3,0.5,0.0,0,7,16.7,0,551,3,1,0,64.8,1,0,3,1.5,0.0,0,16.7,0,206,3,1
Brent Grimes,3589,CB,MIA,15,1,1,17,87.8,0,1,2,0.4,50.0,1,3,25.0,0,535,2,1,0,58.6,0,0,1,0.5,0.0,0,0.0,0,202,1,0
Darrelle Revis,3630,CB,NYJ,14,0,0,22,59.0,0,0,1,0.2,0.0,0,3,0.0,0,584,1,0,0,59.0,0,0,1,0.4,0.0,0,0.0,0,270,1,0
Lawrence Timmons,3631,LB,PIT,18,2,0,25,69.5,3,12,127,17.8,11.8,15,3,9.8,5,749,133,20,2,75.9,2,8,63,22.3,19.0,12,12.7,3,301,67,13
Leon Hall,3634,CB,CIN,15,0,0,7,57.4,0,2,23,4.4,4.3,1,0,4.3,0,546,24,2,0,47.3,0,0,7,2.6,0.0,0,0.0,0,270,7,0
Michael Griffin,3635,S,TEN,15,0,0,31,54.9,0,3,36,7.4,5.6,2,2,9.7,2,526,39,5,0,47.5,0,2,15,6.7,0.0,0,6.7,0,225,15,2
Reggie Nelson,3637,S,CIN,17,0,0,7,51.5,1,4,47,6.6,0.0,0,0,7.4,1,730,48,6,0,58.6,1,3,19,5.9,0.0,0,15.8,1,338,20,5
Brandon Meriweather,3640,S,NYG,13,2,0,21,71.9,0,2,8,1.8,12.5,1,1,12.5,0,512,9,2,0,55.5,0,0,2,0.9,0.0,0,0.0,0,234,2,0
Jon Beason,3641,LB,NYG,4,0,0,21,47.4,0,0,6,13.0,0.0,0,0,0.0,0,69,9,0,0,50.6,0,0,4,20.8,0.0,0,0.0,0,24,5,0
Alan Branch,3649,DI,NE,18,2,0,19,70.1,1,14,247,100.0,8.9,22,1,3.8,2,257,257,17,2,76.8,0,7,64,100.0,17.2,11,5.5,0,66,66,7
Paul Posluszny,3650,LB,JAX,14,0,0,15,64.2,7,5,56,10.3,10.7,6,0,12.5,1,604,62,13,0,55.9,1,3,30,12.8,10.0,3,6.7,0,266,34,4
Eric Weddle,3653,S,SD,13,1,0,27,69.6,2,4,37,8.9,10.8,4,0,10.8,1,448,40,7,1,71.2,0,3,17,10.1,17.6,3,14.7,1,189,19,4
Lamarr Woodley,3662,ED,ARZ,10,0,0,1,54.6,1,6,94,70.5,5.3,5,1,4.8,1,149,105,8,0,55.6,1,2,32,87.8,9.4,3,4.7,0,41,36,3
David Harris,3663,LB,NYJ,16,1,0,22,68.1,3,12,126,21.1,14.3,18,1,9.9,5,636,134,20,1,75.1,3,9,61,22.6,21.3,13,14.8,3,292,66,15
Justin Durant,3664,LB,ATL,13,0,0,2,60.1,0,2,26,6.7,11.5,3,0,3.8,0,401,27,2,0,60.5,0,1,16,8.4,12.5,2,3.1,0,203,17,1
Josh Wilson,3671,CB,DET,8,0,2,11,71.4,0,2,11,6.1,18.2,2,2,27.3,2,180,11,4,0,81.0,0,0,5,6.0,40.0,2,40.0,2,83,5,2
Charles Johnson,3699,ED,CAR,12,1,0,5,69.4,3,23,335,93.3,11.6,39,2,5.1,4,374,349,30,0,70.7,1,10,181,96.5,12.2,22,4.7,3,198,191,14
Brandon Mebane,3701,DI,SEA,17,0,1,29,67.3,1,17,262,96.5,9.5,25,3,4.6,3,286,276,21,0,69.9,0,10,97,100.0,14.4,14,7.2,2,104,104,12
Brian Robison,3718,ED,MIN,17,4,0,18,65.8,6,49,549,96.8,11.7,64,1,5.9,5,601,582,60,1,70.6,3,35,252,97.1,15.9,40,8.7,3,276,268,41
Paul Soliai,3724,DI,ATL,14,0,0,2,73.8,6,6,144,98.0,11.1,16,2,4.2,0,152,149,12,0,70.6,1,3,39,100.0,12.8,5,5.1,0,41,41,4
Dashon Goldson,3742,S,WAS,16,0,0,32,62.3,1,0,12,2.2,0.0,0,2,4.2,0,640,14,1,0,60.9,1,0,5,1.8,0.0,0,10.0,0,278,5,1
Corey Graham,3784,S,BUF,15,0,0,4,63.9,7,4,41,6.7,4.9,2,4,15.9,1,612,41,12,0,56.5,0,2,11,5.8,0.0,0,18.2,1,191,11,3
William Gay,3786,CB,PIT,18,0,1,25,54.6,1,4,34,4.4,2.9,1,5,10.3,1,788,35,6,0,71.0,1,1,10,3.0,10.0,1,20.0,1,330,10,3
Trumaine McBride,3837,CB,NYG,15,0,0,21,55.1,0,2,22,8.6,4.5,1,3,4.5,0,266,23,2,0,50.3,0,0,14,10.9,7.1,1,0.0,0,138,15,0
Alan Ball,3853,CB,CHI,15,0,0,6,52.0,0,0,5,3.0,0.0,0,2,0.0,0,165,5,0,0,54.2,0,0,3,4.2,0.0,0,0.0,0,71,3,0
Craig Dahl,3920,S,NYG,14,0,0,21,54.8,0,2,24,8.5,12.5,3,0,8.3,1,307,26,3,0,62.7,0,2,10,7.4,30.0,3,20.0,1,149,11,3
Mike Devito,3928,DI,KC,15,0,0,16,57.6,0,9,166,100.0,7.2,12,0,4.5,3,182,182,12,0,60.8,0,3,61,100.0,8.2,5,4.1,1,68,68,4
James Ihedigbo,4147,S,DET,15,0,1,11,84.9,1,3,26,8.3,7.7,2,4,11.5,1,325,27,5,0,92.9,0,3,10,8.5,20.0,2,25.0,1,130,11,4
Chris Long,4316,ED,SL,12,0,0,26,53.4,0,14,299,100.0,7.7,23,0,3.7,4,315,315,18,0,54.4,0,9,106,100.0,11.3,12,6.1,2,114,114,11
Glenn Dorsey,4319,DI,SF,9,0,0,28,47.0,3,4,171,100.0,2.9,5,0,2.0,0,182,182,7,0,50.9,3,1,50,100.0,6.0,3,4.0,0,55,55,4
Jerod Mayo,4324,LB,NE,16,0,0,19,50.4,2,7,44,20.7,9.1,4,0,12.5,1,222,46,10,0,52.4,2,3,23,29.9,4.3,1,10.9,0,77,23,5
Leodis McKelvin,4325,CB,BUF,9,0,1,4,54.4,0,0,3,1.6,0.0,0,1,0.0,0,244,4,0,0,56.5,0,0,1,2.4,0.0,0,0.0,0,85,2,0
Dominique Rodgers-Cromartie,4330,CB,NYG,15,0,0,21,56.3,0,0,2,0.4,0.0,0,3,0.0,0,555,2,0,0,,0,0,0,0.0,,0,,0,246,0,0
Aqib Talib,4334,CB,DEN,18,0,2,10,59.7,0,0,1,0.1,0.0,0,11,0.0,0,780,1,0,0,59.7,0,0,1,0.3,0.0,0,0.0,0,397,1,0
Mike Jenkins,4339,CB,TB,10,0,2,30,66.0,0,1,1,0.5,100.0,1,2,50.0,0,200,1,1,0,,0,0,0,0.0,,0,,0,91,0,0
Brandon Flowers,4349,CB,SD,11,0,1,27,67.0,0,0,3,1.0,33.3,1,6,33.3,1,384,4,1,0,53.2,0,0,1,1.3,0.0,0,0.0,0,156,2,0
Curtis Lofton,4351,LB,OAK,16,0,0,23,45.1,1,3,25,9.5,4.0,1,1,8.0,0,305,29,4,0,43.3,0,1,13,12.3,0.0,0,3.8,0,122,15,1
Tracy Porter,4354,CB,CHI,14,0,0,6,53.0,0,2,3,0.6,33.3,1,4,33.3,0,523,3,2,0,53.0,0,2,3,1.2,33.3,1,33.3,0,241,3,2
Calais Campbell,4364,DI,ARZ,18,2,0,1,67.2,13,32,569,99.8,8.8,50,5,5.0,6,612,611,51,2,72.2,4,22,256,100.0,12.1,31,6.6,4,278,278,30
Jason Jones,4368,ED,DET,15,0,0,11,63.5,6,29,322,99.1,12.7,41,7,7.0,5,345,342,40,0,69.8,6,20,164,98.9,20.1,33,11.0,5,182,180,31
Kendall Langford,4380,DI,IND,16,4,0,14,60.4,11,24,498,99.8,8.0,40,0,4.9,7,529,528,42,0,62.2,6,11,207,100.0,9.7,20,6.5,5,219,219,22
Pat Sims,4391,DI,CIN,9,1,0,7,70.8,3,5,100,100.0,11.0,11,1,5.0,1,104,104,9,1,67.2,1,1,29,100.0,10.3,3,6.9,1,30,30,3
Andre Fluellen,4401,DI,DET,4,0,0,11,59.4,0,3,48,100.0,6.3,3,0,3.1,0,49,49,3,0,65.9,0,2,13,100.0,15.4,2,7.7,0,13,13,2
Cliff Avril,4406,ED,SEA,18,5,1,29,77.8,17,44,510,96.5,15.7,80,5,8.3,12,564,544,73,3,81.7,11,29,238,97.4,22.7,54,11.8,8,270,263,48
Philip Wheeler,4407,LB,ATL,9,0,0,2,88.2,1,1,12,19.4,25.0,3,2,16.7,1,72,14,3,0,91.3,1,1,8,31.3,25.0,2,25.0,1,32,10,3
Tyvon Branch,4414,S,KC,16,0,0,16,65.1,0,1,9,2.2,22.2,2,0,16.7,1,411,9,2,0,61.0,0,0,5,2.2,20.0,1,0.0,0,223,5,0
William Hayes,4417,ED,SL,16,0,0,26,77.6,9,31,318,99.7,15.7,50,7,8.5,7,344,343,47,0,88.4,4,15,112,100.0,24.1,27,12.1,4,124,124,23
Dwight Lowery,4427,S,IND,16,1,0,14,71.5,1,4,19,3.3,5.3,1,2,18.4,1,659,22,6,0,75.6,1,2,11,4.8,9.1,1,22.7,1,271,13,4
Quintin Demps,4431,S,HST,15,0,0,13,63.0,0,2,17,3.5,5.9,1,2,11.8,1,519,18,3,0,61.7,0,1,6,3.0,16.7,1,25.0,1,198,6,2
Red Bryant,4435,DI,ARZ,7,0,0,1,54.2,0,1,57,100.0,3.5,2,1,0.9,0,60,60,1,0,57.1,0,1,15,100.0,6.7,1,3.3,0,17,17,1
Brandon Carr,4454,CB,DAL,16,0,0,9,80.8,2,0,1,0.2,0.0,0,5,100.0,0,601,1,2,0,66.9,1,0,1,0.4,0.0,0,50.0,0,263,1,1
Letroy Guion,4466,DI,GB,15,0,0,12,57.8,2,11,168,99.4,7.1,12,2,3.9,0,175,174,13,0,55.5,1,4,62,100.0,6.5,4,4.0,0,63,63,5
Kroy Biermann,4468,ED,ATL,16,0,1,2,57.5,6,9,214,91.8,10.3,22,2,4.4,2,244,224,17,0,61.3,2,3,66,88.6,13.6,9,5.3,1,79,70,6
Erik Walden,4481,ED,IND,15,1,0,14,61.5,12,24,335,74.4,13.1,44,6,6.3,3,481,358,39,0,63.0,7,14,155,81.7,16.8,26,6.8,0,202,165,21
Nick Hayden,4495,DI,DAL,16,2,0,9,54.2,1,5,251,98.5,3.2,8,0,1.2,0,274,270,6,1,52.2,1,3,90,100.0,4.4,4,2.2,0,100,100,4
Ahtyba Rubin,4504,DI,SEA,18,0,0,29,56.4,2,12,241,100.0,6.2,15,4,3.3,1,256,256,15,0,62.6,1,6,75,100.0,10.7,8,6.0,1,81,81,8
Joe Mays,4514,LB,SD,1,0,0,27,64.4,0,1,1,25.0,100.0,1,0,50.0,0,4,1,1,0,,0,0,0,0.0,,0,,0,1,0,0
Cary Williams,4543,CB,WAS,11,0,0,32,97.8,0,0,1,0.3,0.0,0,3,100.0,1,377,1,1,0,,0,0,0,0.0,,0,,0,170,0,0
Wesley Woodyard,4583,LB,TEN,16,0,0,31,79.0,2,4,42,18.8,16.7,7,2,19.0,5,234,44,11,0,84.6,0,2,20,29.3,20.0,4,30.0,5,75,22,7
Husain Abdullah,4652,S,KC,13,0,0,16,60.7,2,4,41,12.3,12.2,5,2,7.3,0,390,48,6,0,51.2,1,1,23,13.0,8.7,2,4.3,0,215,28,2
Leger Douzable,4654,DI,NYJ,16,0,0,22,50.9,6,7,177,98.5,7.9,14,1,4.2,1,195,192,14,0,51.3,5,6,104,99.1,9.6,10,5.3,0,116,115,11
Erin Henderson,4656,LB,NYJ,11,0,0,22,52.1,0,4,44,32.9,6.8,3,0,4.5,0,143,47,4,0,44.2,0,0,20,35.6,0.0,0,0.0,0,59,21,0
David Hawthorne,4693,LB,NO,9,0,0,20,57.4,1,0,10,10.7,10.0,1,0,5.0,0,103,11,1,0,54.0,0,0,3,9.7,0.0,0,0.0,0,31,3,0
Ropati Pitoitua,4707,DI,TEN,4,0,0,31,61.9,0,1,10,90.9,10.0,1,0,5.0,0,11,10,1,0,57.8,0,0,2,100.0,0.0,0,0.0,0,2,2,0
Danny Lansanah,4713,LB,TB,16,1,0,30,84.8,0,3,9,7.4,44.4,4,0,27.8,1,148,11,4,0,79.0,0,2,4,9.3,50.0,2,25.0,0,43,4,2
Kyle Arrington,4742,CB,BLT,15,0,2,3,80.7,2,2,13,5.1,15.4,2,3,15.4,0,255,13,4,0,80.5,0,2,5,4.3,40.0,2,20.0,0,116,5,2
Wallace Gilberry,4763,ED,CIN,17,1,0,7,64.0,16,33,499,98.7,10.8,54,1,5.3,2,534,527,51,0,68.7,12,25,271,99.0,15.5,42,7.6,2,295,292,39
Jerrell Freeman,4888,LB,IND,13,0,0,14,69.7,4,5,62,14.9,16.1,10,1,12.1,3,450,67,12,0,75.6,4,4,38,23.0,23.7,9,18.4,3,178,41,11
Cameron Wake,4907,ED,MIA,7,1,1,17,93.3,2,10,139,97.5,18.7,26,4,9.4,7,158,154,19,0,96.3,1,8,54,98.5,35.2,19,19.4,6,65,64,15
Tyson Jackson,4926,DI,ATL,16,0,0,2,47.0,0,7,185,100.0,4.3,8,0,1.9,0,193,193,7,0,50.4,0,2,59,100.0,5.1,3,1.7,0,61,61,2
B.J. Raji,4932,DI,GB,17,2,1,12,66.5,0,13,225,98.8,7.6,17,5,3.3,1,240,237,14,0,81.8,0,10,59,100.0,20.3,12,10.2,1,65,65,11
Brian Orakpo,4936,ED,TEN,16,4,0,31,69.5,6,36,398,78.2,13.1,52,2,7.0,7,533,417,49,3,76.4,4,24,172,81.2,19.8,34,11.0,5,223,181,33
Malcolm Jenkins,4937,S,PHI,16,0,1,24,47.1,0,2,21,2.9,4.8,1,3,4.8,0,733,21,2,0,50.0,0,0,9,2.5,0.0,0,0.0,0,364,9,0
Brian Cushing,4938,LB,HST,17,4,0,13,45.0,1,5,140,24.1,4.3,6,3,2.1,0,640,154,6,0,39.6,1,3,65,31.7,6.2,4,3.1,0,230,73,4
Robert Ayers,4941,ED,NYG,12,4,0,21,85.0,13,25,368,96.9,15.8,58,3,7.9,10,392,380,48,2,86.3,5,15,172,98.9,19.2,33,7.6,3,182,180,23
Vontae Davis,4948,CB,IND,16,0,0,14,66.0,0,1,1,0.3,100.0,1,8,50.0,0,636,2,1,0,56.2,0,0,0,0.4,,0,,0,261,1,0
Clay Matthews,4949,LB,GB,18,1,0,12,65.9,11,40,359,50.8,13.6,49,2,9.6,9,730,371,60,1,64.5,4,30,226,63.2,16.4,37,9.3,4,370,234,38
Ziggy Hood,4955,DI,CHI,2,0,0,6,50.5,0,0,22,100.0,0.0,0,0,0.0,0,25,25,0,0,51.6,0,0,12,100.0,0.0,0,0.0,0,14,14,0
Patrick Chung,4957,S,NE,17,0,0,19,64.2,0,4,16,2.4,18.8,3,5,12.5,0,667,16,4,0,73.1,0,2,7,2.5,28.6,2,14.3,0,281,7,2
James Laurinaitis,4958,LB,SL,16,0,0,26,51.7,8,6,126,19.7,4.8,6,0,7.1,2,717,141,16,0,51.8,3,1,59,26.5,3.4,2,6.8,2,260,69,6
Rey Maualuga,4961,LB,CIN,15,0,0,7,61.3,1,6,26,7.3,23.1,6,2,13.5,0,370,27,7,0,59.8,0,2,10,6.9,10.0,1,10.0,0,145,10,2
Darius Butler,4964,CB,IND,14,0,1,14,49.5,1,0,6,1.5,0.0,0,2,8.3,0,413,6,1,0,52.5,1,0,3,1.5,0.0,0,16.7,0,196,3,1
Jairus Byrd,4965,S,NO,13,0,0,20,65.8,1,0,9,1.9,11.1,1,1,16.7,1,514,10,2,0,69.6,1,0,7,3.2,0.0,0,21.4,1,222,7,2
Connor Barwin,4969,ED,PHI,16,5,0,24,67.5,7,33,454,74.3,11.5,52,3,6.2,8,649,482,48,2,70.5,7,21,258,84.3,15.1,39,8.5,8,325,274,36
Mike Mitchell,4970,S,PIT,18,0,0,25,59.8,3,4,34,4.6,5.9,2,2,10.3,0,784,36,7,0,60.7,2,1,17,5.1,5.9,1,8.8,0,331,17,3
William Moore,4978,S,ATL,11,0,0,2,55.5,0,0,3,1.0,0.0,0,2,0.0,0,289,3,0,0,55.9,0,0,2,1.5,0.0,0,0.0,0,137,2,0
Paul Kruger,4980,ED,CLV,16,1,0,8,68.2,8,43,359,88.2,16.2,58,5,7.9,3,431,380,54,1,72.3,3,25,152,88.5,21.1,32,10.5,2,182,161,30
Sen'Derrick Marks,4985,DI,JAX,4,3,0,15,51.8,0,0,99,100.0,0.0,0,0,0.0,0,102,102,0,3,54.0,0,0,49,100.0,0.0,0,0.0,0,51,51,0
Michael Johnson,4993,ED,CIN,17,2,2,7,52.7,13,35,551,94.6,8.2,45,3,5.3,5,616,583,53,0,57.5,9,24,267,98.0,12.7,34,7.3,3,294,288,36
Terrance Knighton,4995,DI,WAS,16,0,0,32,61.4,1,7,171,100.0,5.8,10,0,3.5,2,182,182,10,0,65.9,0,3,53,100.0,9.4,5,6.6,2,56,56,5
Roy Miller,5004,DI,JAX,16,0,0,15,68.8,2,10,271,100.0,7.4,20,4,4.1,5,289,289,17,0,56.8,0,5,85,100.0,9.4,8,4.1,1,89,89,6
Lardarius Webb,5011,CB,BLT,15,0,2,3,45.5,0,3,15,2.9,0.0,0,6,10.0,0,558,16,3,0,47.0,0,2,8,3.7,0.0,0,12.5,0,219,8,2
Jerraud Powers,5015,CB,ARZ,15,0,0,1,80.3,0,1,9,1.9,22.2,2,2,16.7,1,579,11,2,0,73.9,0,1,6,3.0,16.7,1,8.3,0,263,8,1
Rashad Johnson,5018,S,ARZ,16,0,0,1,50.3,1,0,6,1.3,16.7,1,0,8.3,0,635,8,1,0,52.2,1,0,4,1.8,25.0,1,12.5,0,282,5,1
Henry Melton,5028,DI,TB,16,2,0,30,58.6,9,14,307,100.0,10.7,33,4,4.7,3,330,330,26,1,59.9,8,9,159,100.0,15.7,25,6.6,2,173,173,19
Glover Quin,5035,S,DET,16,0,0,11,51.2,0,1,4,1.1,0.0,0,3,12.5,0,569,6,1,0,59.0,0,0,0,0.4,,0,,0,260,1,0
David Bruton,5037,S,DEN,13,0,1,10,68.6,0,2,12,3.8,16.7,2,4,16.7,1,367,14,3,0,57.9,0,1,7,3.9,14.3,1,7.1,0,206,8,1
Sammie Lee Hill,5038,DI,TEN,10,0,0,31,48.5,0,0,78,100.0,0.0,0,1,0.0,0,79,79,0,0,50.9,0,0,23,100.0,0.0,0,0.0,0,24,24,0
Lawrence Sidbury,5049,ED,TB,1,0,0,30,55.7,0,0,3,100.0,0.0,0,0,0.0,0,3,3,0,0,56.2,0,0,2,100.0,0.0,0,0.0,0,2,2,0
Greg Toler,5055,CB,IND,10,0,0,14,60.0,0,0,1,0.2,0.0,0,2,0.0,0,437,1,0,0,,0,0,0,0.0,,0,,0,185,0,0
Jasper Brinkley,5074,LB,NYG,10,0,0,21,92.5,0,1,17,8.3,17.6,3,0,14.7,2,217,18,3,0,58.8,0,1,6,10.8,16.7,1,8.3,0,65,7,1
Chris Clemons,5089,S,ARZ,8,0,0,1,60.0,0,0,1,2.5,0.0,0,0,0.0,0,40,1,0,0,60.0,0,0,1,5.6,0.0,0,0.0,0,18,1,0
Brice McCain,5112,CB,MIA,14,0,0,17,52.9,0,1,6,1.5,0.0,0,4,8.3,0,400,6,1,0,54.2,0,1,4,2.4,0.0,0,12.5,0,167,4,1
Jason McCourty,5127,CB,TEN,4,0,0,31,60.0,0,1,1,0.8,0.0,0,0,50.0,0,121,1,1,0,60.0,0,1,1,2.2,0.0,0,50.0,0,45,1,1
Vance Walker,5134,DI,DEN,18,0,0,10,60.6,2,13,220,100.0,9.5,21,1,4.3,2,236,236,17,0,68.2,1,7,88,100.0,13.6,12,6.8,2,99,99,10
Captain Munnerlyn,5140,CB,MIN,17,0,2,18,67.6,2,6,25,4.8,20.0,5,7,20.0,1,558,27,9,0,69.5,2,2,12,4.6,25.0,3,25.0,1,281,13,5
E.J. Biggers,5141,CB,PHI,15,0,0,24,49.1,0,0,9,2.2,0.0,0,1,0.0,0,403,9,0,0,50.2,0,0,5,2.2,0.0,0,0.0,0,225,5,0
Jamarca Sanford,5155,S,NO,11,0,0,20,52.6,0,0,5,7.2,0.0,0,0,0.0,0,69,5,0,0,54.6,0,0,3,10.7,0.0,0,0.0,0,28,3,0
Ricky Jean Francois,5168,DI,WAS,17,1,1,32,57.6,0,13,213,100.0,7.0,15,4,4.0,2,229,229,15,0,59.5,0,6,73,100.0,6.8,5,5.5,1,80,80,7
Clinton McDonald,5173,DI,TB,6,0,0,30,73.8,1,1,101,99.1,4.0,4,1,1.0,0,111,110,2,0,85.0,1,1,35,100.0,5.7,2,2.9,0,39,39,2
Chris Baker,5188,DI,WAS,17,1,0,32,70.2,11,25,383,100.0,10.7,41,5,6.5,7,405,405,43,1,74.6,5,13,180,100.0,14.4,26,7.8,5,191,191,23
Desmond Bryant,5204,DI,CLV,14,0,0,8,68.2,9,17,306,98.5,10.8,33,1,6.5,7,330,325,33,0,74.1,5,9,123,98.5,16.3,20,8.9,4,135,133,18
Steve McLendon,5232,DI,PIT,18,0,0,25,51.9,1,5,220,99.6,5.0,11,3,1.8,1,233,232,7,0,56.1,1,3,76,100.0,10.5,8,2.6,0,81,81,4
Colt Anderson,5242,S,IND,8,0,0,14,62.5,0,0,3,3.3,33.3,1,0,0.0,0,92,3,0,0,67.6,0,0,0,0.0,,1,,0,33,0,0
Michael Bennett,5273,ED,SEA,18,2,3,29,82.7,17,63,534,97.3,18.9,101,11,9.6,11,589,573,91,0,81.3,9,38,252,99.6,25.4,64,12.1,7,278,277,54
Ramon Humber,5310,LB,NO,13,0,0,20,51.5,1,0,16,11.6,0.0,0,1,9.4,1,164,19,2,0,56.4,1,0,9,14.1,0.0,0,16.7,1,71,10,2
Dan Skuta,5349,LB,JAX,13,1,0,15,73.8,1,8,78,40.7,19.2,15,1,8.3,2,204,83,11,1,66.3,1,5,34,47.9,20.6,7,11.8,1,71,34,7
Phillip Hunt,5371,ED,NO,2,0,0,20,63.8,0,3,26,100.0,15.4,4,0,9.6,1,26,26,4,0,74.1,0,3,12,100.0,33.3,4,20.8,1,12,12,4
Jonathan Casillas,5422,LB,NYG,15,1,1,21,58.6,0,5,60,14.2,6.7,4,2,5.8,1,459,65,6,1,65.9,0,4,36,17.6,8.3,3,8.3,1,221,39,5
Dannell Ellerbe,5442,LB,NO,6,0,0,20,56.5,2,2,16,11.9,12.5,2,1,12.5,0,168,20,4,0,55.0,1,0,9,16.2,11.1,1,5.6,0,68,11,1
Josh Mauga,5491,LB,KC,16,0,0,16,60.3,0,6,23,8.6,13.0,3,0,17.4,1,291,25,7,0,58.8,0,2,7,8.3,0.0,0,14.3,0,96,8,2
Ndamukong Suh,5527,DI,MIA,16,5,2,17,81.9,13,41,510,99.8,13.7,70,16,6.5,6,559,558,60,2,84.3,4,27,194,100.0,20.1,39,9.5,3,214,214,34
Gerald McCoy,5528,DI,TB,15,0,0,30,72.7,8,25,436,100.0,10.6,46,7,5.8,9,467,467,42,0,81.4,5,21,195,100.0,18.5,36,11.3,9,209,209,35
Eric Berry,5530,S,KC,18,0,0,16,65.2,0,2,9,1.5,0.0,0,1,11.1,0,784,12,2,0,68.1,0,2,7,2.5,0.0,0,14.3,0,393,10,2
Rolando McClain,5533,LB,DAL,11,0,0,9,67.0,4,5,40,13.1,17.5,7,2,16.3,2,335,44,11,0,70.5,1,2,21,15.1,14.3,3,16.7,2,139,21,5
Tyson Alualu,5535,DI,JAX,16,2,0,15,58.3,8,18,332,99.2,9.0,30,1,4.5,2,363,360,28,2,65.4,5,6,110,99.2,13.6,15,5.0,0,120,119,11
Brandon Graham,5538,ED,PHI,16,1,0,24,81.0,7,44,411,83.9,18.0,74,2,7.9,7,523,439,58,0,87.1,5,32,232,92.6,23.7,55,10.6,6,269,249,43
Earl Thomas III,5539,S,SEA,18,0,2,29,54.8,0,0,2,0.3,0.0,0,2,0.0,0,686,2,0,0,54.8,0,0,2,0.6,0.0,0,0.0,0,314,2,0
Jason Pierre-Paul,5540,ED,NYG,8,6,0,21,73.7,6,34,304,97.8,15.1,46,2,6.9,1,321,314,41,2,78.9,5,20,129,97.1,20.9,27,9.7,0,139,135,25
Derrick Morgan,5541,ED,TEN,10,2,0,31,63.4,7,20,230,82.2,12.2,28,2,7.2,3,292,240,30,0,65.0,5,10,89,84.8,19.1,17,9.6,1,112,95,16
Sean Weatherspoon,5544,LB,ARZ,15,0,0,1,49.8,1,2,30,25.6,6.7,2,0,5.0,0,121,31,3,0,52.8,1,2,22,31.9,9.1,2,6.8,0,69,22,3
Kareem Jackson,5545,CB,HST,13,0,0,13,48.0,0,1,9,2.3,11.1,1,4,5.6,0,429,10,1,0,50.8,0,0,3,2.7,0.0,0,0.0,0,148,4,0
Dan Williams,5551,DI,OAK,16,2,0,23,72.3,4,16,277,98.7,8.7,24,2,4.0,1,306,302,21,0,70.5,2,6,91,98.1,12.1,11,5.5,1,103,101,9
Devin McCourty,5552,S,NE,16,0,1,19,63.7,0,1,5,0.7,20.0,1,2,30.0,1,694,5,2,0,67.6,0,1,3,1.0,33.3,1,50.0,1,298,3,2
Jared Odrick,5553,ED,JAX,16,3,0,15,61.2,4,22,484,100.0,8.3,40,4,3.9,6,520,520,32,1,59.8,3,14,208,100.0,11.1,23,5.5,3,221,221,20
Kyle Wilson,5554,CB,NO,15,0,0,20,61.9,2,2,11,3.3,9.1,1,6,18.2,0,368,12,4,0,61.5,2,0,6,4.1,0.0,0,16.7,0,170,7,2
Jerry Hughes,5556,ED,BUF,16,2,0,4,75.5,5,49,541,91.1,12.4,67,13,5.9,5,643,586,59,0,75.9,2,21,175,95.1,16.6,29,7.1,1,206,196,24
Patrick Robinson,5557,CB,SD,16,0,1,27,48.7,1,3,10,2.2,0.0,0,4,20.0,0,448,10,4,0,39.1,0,2,6,3.0,0.0,0,16.7,0,203,6,2
Nate Allen,5562,S,OAK,5,0,0,23,56.0,0,0,3,2.2,0.0,0,0,0.0,0,135,3,0,0,59.1,0,0,1,1.8,0.0,0,0.0,0,56,1,0
T.J. Ward,5563,S,DEN,15,0,0,10,75.4,3,5,32,6.0,6.3,2,8,18.8,2,571,34,10,0,79.4,1,2,17,6.3,11.8,2,20.6,2,270,17,5
Koa Misi,5565,LB,MIA,13,0,0,17,76.9,3,10,55,14.8,20.0,11,1,11.8,0,400,59,13,0,82.1,3,4,20,15.1,40.0,8,17.5,0,146,22,7
Lamarr Houston,5569,ED,CHI,15,0,1,6,62.3,4,21,233,90.5,13.7,32,4,8.4,7,274,248,32,0,63.2,1,13,121,95.6,15.7,19,9.1,4,135,129,18
Linval Joseph,5571,DI,MIN,13,1,0,18,77.6,4,20,283,100.0,12.0,34,1,4.9,2,311,311,26,0,82.1,3,15,101,100.0,21.8,22,9.9,1,113,113,19
Taylor Mays,5574,S,OAK,11,0,0,23,49.8,0,0,9,3.9,0.0,0,2,0.0,0,230,9,0,0,55.9,0,0,2,1.8,0.0,0,0.0,0,112,2,0
Carlos Dunlap,5579,ED,CIN,17,2,1,7,69.5,17,48,600,95.6,13.8,83,2,7.9,15,662,633,80,1,76.6,12,34,297,96.7,22.6,67,11.4,11,330,319,57
Sean Lee,5580,LB,DAL,14,0,0,9,61.0,1,5,38,8.6,15.8,6,0,15.8,3,465,40,9,0,63.2,0,0,14,7.2,14.3,2,21.4,3,195,14,3
Mike Neal,5581,ED,GB,18,0,0,12,49.9,6,25,482,91.6,7.9,38,1,5.1,9,548,502,40,0,55.9,5,20,273,93.1,10.3,28,7.5,8,306,285,33
Morgan Burnett,5596,S,GB,13,0,0,12,52.2,1,7,19,4.3,26.3,5,0,21.1,0,506,22,8,0,69.8,1,1,7,3.2,28.6,2,14.3,0,247,8,2
Alex Carrington,5597,ED,BUF,7,0,0,4,58.4,2,5,103,99.1,9.7,10,0,3.4,0,107,106,7,0,64.0,1,3,29,96.9,17.2,5,6.9,0,32,31,4
D'Anthony Smith,5599,DI,CHI,2,0,0,6,49.8,0,0,29,100.0,0.0,0,0,0.0,0,29,29,0,0,52.8,0,0,11,100.0,0.0,0,0.0,0,11,11,0
Major Wright,5600,S,TB,9,0,1,30,55.1,0,1,3,3.2,0.0,0,2,16.7,0,125,4,1,0,56.9,0,1,2,3.3,0.0,0,25.0,0,60,2,1
Donald Butler,5603,LB,SD,11,0,0,27,51.2,0,3,43,16.9,9.3,4,1,5.8,1,261,44,4,0,48.4,0,1,18,21.1,5.6,1,2.8,0,90,19,1
Earl Mitchell,5605,DI,MIA,12,0,0,17,65.0,3,13,222,97.2,9.0,20,0,3.6,0,254,247,16,0,68.4,1,9,75,100.0,16.0,12,6.7,0,86,86,10
NaVorro Bowman,5615,LB,SF,16,0,0,28,66.4,5,19,117,20.0,19.7,23,4,13.7,4,629,126,28,0,73.2,2,14,71,28.0,25.4,18,16.9,4,268,75,20
Everson Griffen,5624,ED,MIN,16,2,1,18,74.4,19,48,523,96.2,15.3,80,8,8.7,12,577,555,79,0,84.0,16,37,237,96.3,25.3,60,13.7,6,267,257,59
Perry Riley,5627,LB,WAS,9,0,0,32,51.4,1,3,18,7.2,5.6,1,0,11.1,0,263,19,4,0,60.4,1,1,7,8.3,0.0,0,14.3,0,84,7,2
Alterraun Verner,5628,CB,TB,15,0,1,30,62.9,1,3,25,7.0,8.0,2,6,12.0,1,386,27,5,0,74.3,0,1,11,6.3,18.2,2,13.6,1,191,12,2
Darrell Stuckey,5634,S,SD,11,0,0,27,66.4,0,0,4,6.7,25.0,1,0,25.0,1,60,4,1,0,66.4,0,0,4,10.0,25.0,1,25.0,1,40,4,1
Walter Thurmond,5635,S,PHI,16,0,0,24,85.2,2,3,15,2.3,20.0,3,1,30.0,2,729,17,7,0,74.9,2,2,9,2.7,11.1,1,33.3,1,364,10,5
Geno Atkins,5643,DI,CIN,17,0,1,7,90.0,9,61,589,100.0,17.1,101,3,8.5,15,624,624,85,0,91.5,7,47,292,100.0,25.0,73,13.0,11,317,317,65
Al Woods,5646,DI,TEN,14,0,0,31,53.4,1,3,140,99.3,2.9,4,2,1.4,0,152,151,4,0,48.8,0,1,40,100.0,0.0,0,1.3,0,42,42,1
O'Brien Schofield,5653,ED,ATL,16,0,0,2,58.9,12,14,248,82.0,12.1,30,3,6.0,2,322,264,28,0,61.8,7,13,151,89.9,15.9,24,7.3,1,178,160,21
Kam Chancellor,5656,S,SEA,13,0,0,29,56.5,0,1,4,0.8,25.0,1,2,12.5,0,472,4,1,0,,0,1,0,0.0,,1,,0,217,0,1
Kendrick Lewis,5659,S,BLT,15,0,1,3,54.0,2,1,27,4.7,0.0,0,4,5.6,0,574,27,3,0,55.7,1,0,9,3.8,0.0,0,5.6,0,234,9,1
Perrish Cox,5660,CB,TEN,13,0,0,31,60.0,0,0,1,0.3,0.0,0,0,0.0,0,400,1,0,0,60.0,0,0,1,0.6,0.0,0,0.0,0,173,1,0
Sherrick McManis,5667,CB,CHI,9,0,1,6,49.6,0,0,5,2.5,0.0,0,3,0.0,0,203,5,0,0,59.1,0,0,1,1.1,0.0,0,0.0,0,93,1,0
Nolan Carroll,5668,CB,PHI,11,0,1,24,70.8,0,1,2,0.4,50.0,1,3,25.0,0,456,2,1,0,59.0,0,0,1,0.4,0.0,0,0.0,0,242,1,0
Cam Thomas,5669,DI,PIT,17,0,0,25,52.2,0,7,112,98.3,7.1,8,0,3.1,0,116,114,7,0,59.8,0,3,35,94.7,8.6,3,4.3,0,38,36,3
Larry Asante,5683,S,OAK,12,0,0,23,47.4,0,0,10,4.1,0.0,0,1,0.0,0,246,10,0,0,50.6,0,0,3,2.6,0.0,0,0.0,0,114,3,0
Reshad Jones,5686,S,MIA,16,1,0,17,73.2,0,4,23,4.0,8.7,2,2,17.4,2,625,25,6,0,65.6,0,3,11,4.6,9.1,1,13.6,0,238,11,3
Greg Hardy,5698,ED,DAL,12,1,0,9,74.2,14,19,309,98.2,14.6,45,3,7.6,7,336,330,40,0,67.2,8,11,141,99.4,18.4,26,10.3,5,155,154,24
Arthur Moats,5701,ED,PIT,17,2,0,25,61.5,5,30,300,80.4,10.3,31,2,7.2,4,398,320,39,2,70.2,3,15,131,82.9,16.0,21,9.2,3,170,141,21
Eugene Sims,5712,ED,SL,13,1,1,26,49.8,4,19,341,100.0,7.3,25,3,4.0,2,368,368,25,0,53.4,3,12,133,100.0,12.0,16,6.4,1,147,147,16
Willie Young,5736,ED,CHI,15,1,1,6,69.1,7,33,298,88.6,17.1,51,3,9.1,7,361,320,47,0,71.9,2,23,151,92.3,22.5,34,11.6,5,181,167,30
Dekoda Watson,5740,LB,NE,3,0,0,19,59.7,0,2,16,100.0,6.3,1,0,6.3,0,16,16,2,0,58.3,0,0,9,100.0,0.0,0,0.0,0,9,9,0
Phillip Adams,5747,CB,ATL,12,0,1,2,51.4,1,1,10,3.1,0.0,0,4,10.0,0,322,10,2,0,58.0,1,1,5,3.0,0.0,0,20.0,0,166,5,2
George Selvie,5749,ED,NYG,12,0,0,21,47.3,4,12,212,95.7,7.1,15,2,4.7,2,233,223,18,0,47.5,2,7,102,98.2,8.8,9,5.4,1,111,109,10
C.J. Wilson,5753,DI,DET,12,0,0,11,51.5,0,2,119,100.0,2.5,3,0,1.7,1,129,129,3,0,57.8,0,2,41,100.0,7.3,3,4.9,1,45,45,3
Sean Lissemore,5757,DI,SD,11,0,0,27,59.1,1,3,106,100.0,5.7,6,0,1.9,0,106,106,4,0,52.3,1,1,32,100.0,6.3,2,3.1,0,32,32,2
Ricardo Mathews,5761,DI,SD,16,0,0,27,51.7,0,14,298,100.0,4.7,14,4,2.7,1,317,317,15,0,54.0,0,9,115,100.0,7.0,8,3.9,0,121,121,9
Kavell Conner,5763,LB,SD,4,0,0,27,60.0,0,1,10,9.9,10.0,1,0,5.0,0,101,10,1,0,70.6,0,1,3,9.4,33.3,1,16.7,0,32,3,1
Doug Worthington,5765,DI,SL,2,0,0,26,66.2,1,3,34,97.5,14.7,5,0,5.9,0,40,39,4,0,60.4,0,1,15,100.0,13.3,2,3.3,0,18,18,1
Kurt Coleman,5767,S,CAR,18,0,0,5,69.3,1,1,21,2.7,4.8,1,0,9.5,1,827,22,3,0,66.4,0,0,6,1.4,16.7,1,0.0,0,431,6,0
Robert McClain,5771,CB,CAR,4,0,0,5,53.1,0,0,3,1.9,0.0,0,0,0.0,0,158,3,0,0,55.3,0,0,2,2.4,0.0,0,0.0,0,84,2,0
Sergio Brown,5803,S,JAX,15,0,0,15,70.5,0,3,15,5.8,20.0,3,0,23.3,2,329,19,5,0,62.4,0,2,9,7.8,22.2,2,22.2,1,141,11,3
Kyle Love,5806,DI,CAR,18,0,0,5,52.6,2,7,247,98.1,5.3,13,1,3.4,4,261,256,13,0,57.3,1,4,108,100.0,10.2,11,6.0,4,115,115,9
Vincent Rey,5811,LB,CIN,17,0,1,7,53.5,1,7,51,9.5,7.8,4,3,9.8,1,557,53,9,0,50.6,1,4,16,5.8,12.5,2,15.6,0,278,16,5
Jermelle Cudjo,5814,DI,DET,7,0,0,11,62.4,1,3,54,100.0,7.4,4,0,3.7,0,56,56,4,0,58.3,0,1,15,100.0,6.7,1,3.3,0,15,15,1
Darian Stewart,5820,S,DEN,18,0,0,10,76.5,1,1,11,2.3,9.1,1,0,18.2,1,647,15,3,0,74.7,0,0,5,2.1,0.0,0,20.0,1,338,7,1
Cassius Vaughn,5845,CB,SD,1,0,0,27,60.0,0,0,1,4.2,0.0,0,0,0.0,0,24,1,0,0,,0,0,0,0.0,,0,,0,9,0,0
Tramaine Brock Sr.,5903,CB,SF,15,0,0,28,59.5,0,3,6,1.0,0.0,0,3,25.0,0,592,6,3,0,51.2,0,2,3,1.2,0.0,0,33.3,0,246,3,2
Chris Maragos,5906,S,PHI,11,0,0,24,55.8,0,0,1,1.3,0.0,0,0,0.0,0,228,3,0,0,58.7,0,0,0,0.7,,0,,0,150,1,0
Barry Church,5924,S,DAL,15,0,0,9,54.2,1,3,23,4.9,4.3,1,2,13.0,1,508,25,5,0,48.5,1,1,9,4.0,0.0,0,11.1,0,224,9,2
Sam Shields,5943,CB,GB,13,0,0,12,55.0,0,0,3,0.6,33.3,1,1,0.0,0,501,3,0,0,55.0,0,0,3,1.2,33.3,1,0.0,0,249,3,0
Frank Zombo,5945,ED,KC,9,0,0,16,55.1,2,6,114,80.4,8.8,10,0,6.1,3,148,119,11,0,60.6,2,4,62,90.3,14.5,9,9.7,3,72,65,9
Albert McClellan,6022,ED,BLT,13,1,0,3,58.0,0,4,63,68.0,6.3,4,0,4.8,1,97,66,5,0,57.5,0,2,28,76.3,7.1,2,7.1,1,38,29,3
Mitch Unrein,6031,DI,CHI,14,0,0,6,55.8,1,10,176,100.0,6.8,12,1,3.7,1,191,191,12,0,54.8,0,5,72,100.0,6.9,5,3.5,0,78,78,5
George Johnson,6112,ED,TB,11,0,1,30,48.4,3,13,214,98.7,7.5,16,2,3.7,0,232,229,16,0,52.9,2,11,87,97.9,13.8,12,7.5,0,96,94,13
Andrew Sendejo,6118,S,MIN,14,0,0,18,49.0,0,1,10,2.1,10.0,1,0,15.0,1,533,11,2,0,39.5,0,1,6,2.8,0.0,0,8.3,0,246,7,1
Von Miller,6154,ED,DEN,19,1,0,10,92.0,22,66,540,87.4,22.0,119,9,11.3,17,666,582,105,0,93.2,18,47,289,91.6,29.8,86,16.1,14,344,315,79
Marcell Dareus,6155,DI,BUF,15,0,0,4,60.3,4,23,436,98.9,7.8,34,2,3.6,2,472,467,29,0,71.5,3,15,123,98.6,16.3,20,8.1,1,140,138,19
Aldon Smith,6159,ED,OAK,9,3,0,23,63.8,5,27,312,93.4,12.2,38,4,6.4,4,363,339,36,1,70.3,2,18,151,95.9,17.9,27,8.6,3,172,165,23
J.J. Watt,6163,DI,HST,17,8,0,13,91.4,34,41,609,99.8,18.9,115,8,9.3,19,652,651,94,3,91.5,13,21,222,99.6,25.2,56,12.2,10,241,240,44
Nick Fairley,6165,DI,SL,15,1,0,26,75.2,5,13,215,97.5,9.8,21,3,4.7,1,241,235,19,1,82.0,3,8,74,100.0,17.6,13,8.8,1,83,83,12
Robert Quinn,6166,ED,SL,8,3,0,26,79.7,2,11,203,99.5,10.8,22,2,5.7,5,218,217,18,1,74.7,1,5,71,100.0,14.1,10,8.5,3,77,77,9
Ryan Kerrigan,6168,ED,WAS,17,4,0,32,66.3,3,48,548,97.5,11.5,63,3,6.5,10,596,581,61,2,70.1,1,24,246,99.2,15.9,39,8.3,8,262,260,33
Corey Liuget,6170,DI,SD,11,0,1,27,53.8,1,10,248,100.0,6.5,16,3,3.4,3,269,269,14,0,54.9,1,5,107,100.0,8.4,9,5.6,3,117,117,9
Prince Amukamara,6171,CB,NYG,11,0,0,21,52.7,0,0,3,0.6,0.0,0,2,0.0,0,491,3,0,0,59.0,0,0,1,0.5,0.0,0,0.0,0,212,1,0
Adrian Clayborn,6172,DI,ATL,16,0,0,2,66.4,15,26,370,99.5,15.9,59,2,6.4,3,399,397,44,0,73.6,14,21,219,99.6,23.3,51,9.4,3,232,231,38
Cameron Jordan,6176,ED,NO,16,5,0,20,77.8,10,50,555,99.2,16.8,93,2,7.2,10,605,600,70,1,82.8,6,32,232,99.2,25.0,58,10.8,6,258,256,44
Jimmy Smith,6179,CB,BLT,16,0,0,3,70.2,0,1,3,0.5,66.7,2,7,50.0,1,624,3,2,0,66.8,0,0,1,0.4,0.0,0,0.0,0,256,1,0
Muhammad Wilkerson,6182,DI,NYJ,16,3,0,22,70.1,23,45,599,99.0,11.9,71,0,7.7,12,627,621,80,0,72.3,13,31,272,99.6,16.5,45,9.6,4,284,283,48
Cameron Heyward,6183,DI,PIT,18,2,1,25,69.4,9,53,683,98.6,11.0,75,3,5.7,8,730,720,70,1,75.8,5,34,290,99.0,16.6,48,8.8,6,311,308,45
Aaron Williams,6186,S,BUF,3,0,0,4,57.6,1,0,2,1.5,0.0,0,1,25.0,0,134,2,1,0,58.7,0,0,1,2.2,0.0,0,0.0,0,45,1,0
Jabaal Sheard,6189,ED,NE,15,1,0,19,83.1,5,51,378,91.2,18.8,71,2,9.5,8,434,396,64,1,81.0,2,28,183,95.6,20.8,38,11.5,6,205,196,36
Akeem Ayers,6191,LB,SL,16,1,0,26,68.4,3,4,50,19.0,10.0,5,3,9.0,1,284,54,8,0,77.6,2,3,19,24.7,26.3,5,18.4,1,89,22,6
Bruce Carter,6192,LB,TB,13,1,0,30,75.0,3,3,22,16.0,27.3,6,0,22.7,2,144,23,8,1,75.1,2,2,10,16.9,30.0,3,30.0,1,59,10,5
Jarvis Jenkins,6193,DI,CHI,15,1,0,6,58.7,6,26,354,99.7,8.8,31,2,5.9,5,375,374,37,0,61.4,4,17,160,100.0,13.8,22,9.1,4,172,172,25
Brooks Reed,6194,LB,ATL,13,0,0,2,58.5,0,12,101,59.3,11.9,12,0,5.9,0,182,108,12,0,58.6,0,8,51,72.0,15.7,8,7.8,0,75,54,8
Rahim Moore,6197,S,HST,7,0,0,13,59.4,0,0,1,0.4,0.0,0,0,0.0,0,262,1,0,0,,0,0,0,0.0,,0,,0,86,0,0
Marcus Gilchrist,6202,S,NYJ,16,0,0,22,48.5,0,0,21,3.2,0.0,0,2,0.0,0,696,22,0,0,55.1,0,0,7,2.2,0.0,0,0.0,0,322,7,0
Da'Quan Bowers,6203,DI,TB,3,0,0,30,51.9,0,0,17,100.0,0.0,0,0,0.0,0,18,18,0,0,54.1,0,0,6,100.0,0.0,0,0.0,0,7,7,0
Stephen Paea,6205,DI,WAS,11,0,0,32,66.9,3,9,128,100.0,15.6,20,1,7.0,3,136,136,15,0,68.2,2,6,51,100.0,21.6,11,13.7,3,54,54,11
Terrell McClain,6217,DI,DAL,2,0,0,9,50.8,0,0,25,100.0,0.0,0,0,0.0,0,26,26,0,0,51.4,0,0,15,100.0,0.0,0,0.0,0,16,16,0
Nate Irving,6219,LB,IND,5,0,0,14,62.1,0,2,7,15.4,14.3,1,0,28.6,1,52,8,3,0,69.0,0,1,4,21.1,25.0,1,37.5,1,19,4,2
Kelvin Sheppard,6220,LB,MIA,16,1,0,17,62.6,0,5,26,8.0,11.5,3,1,9.6,0,349,28,5,0,53.9,0,2,11,10.6,18.2,2,9.1,0,113,12,2
Justin Houston,6222,ED,KC,13,4,0,16,87.1,5,46,321,79.0,18.4,59,1,10.4,8,428,338,59,1,89.9,1,29,156,85.4,24.4,38,12.8,5,198,169,35
Jurrell Casey,6229,DI,TEN,16,1,0,31,79.4,6,36,453,99.2,16.1,73,4,6.6,9,473,469,51,0,82.2,3,21,196,99.5,23.0,45,10.2,8,207,206,32
Mason Foster,6236,LB,WAS,8,1,0,32,77.2,0,4,23,12.8,13.0,3,0,8.7,0,195,25,4,1,90.2,0,2,8,11.4,25.0,2,12.5,0,70,8,2
Allen Bailey,6238,DI,KC,14,0,0,16,55.1,3,20,416,99.8,7.5,31,0,4.0,5,439,438,28,0,61.7,2,11,202,99.5,10.4,21,5.7,5,217,216,18
Akeem Dent,6243,LB,HST,5,0,0,13,46.8,2,0,12,20.0,0.0,0,0,8.3,0,65,13,2,0,49.3,2,0,6,26.9,0.0,0,16.7,0,26,7,2
Chris Conte,6245,S,TB,14,0,0,30,42.3,0,2,13,2.9,0.0,0,4,7.7,0,443,13,2,0,41.2,0,1,8,4.1,0.0,0,6.3,0,193,8,1
Kenrick Ellis,6246,DI,MIN,8,0,0,18,54.5,0,1,38,100.0,0.0,0,0,1.3,0,39,39,1,0,53.0,0,0,10,100.0,0.0,0,0.0,0,11,11,0
K.J. Wright,6251,LB,SEA,18,0,1,29,77.9,1,10,65,9.9,18.5,12,3,11.5,2,684,68,13,0,84.2,0,6,28,9.9,28.6,8,17.9,2,313,31,8
Da'Norris Searcy,6252,S,TEN,15,0,0,31,58.4,0,2,16,3.3,18.8,3,1,12.5,1,490,16,3,0,63.2,0,2,9,4.5,33.3,3,22.2,1,202,9,3
Sam Acho,6255,ED,CHI,15,0,0,6,50.4,2,2,109,53.6,3.7,4,2,2.8,1,207,111,5,0,47.6,0,0,40,67.7,2.5,1,2.5,1,62,42,1
Chris Prosinski,6273,S,CHI,7,0,1,6,60.1,0,0,3,1.5,33.3,1,1,33.3,1,197,3,1,0,63.8,0,0,1,1.1,100.0,1,100.0,1,89,1,1
Davon House,6283,CB,JAX,16,0,3,15,59.1,0,0,0,0.2,,0,9,,0,647,1,0,0,,0,0,0,0.0,,0,,0,285,0,0
Buster Skrine,6289,CB,NYJ,16,0,0,22,54.5,2,4,29,5.8,3.4,1,5,10.3,0,530,31,6,0,61.6,2,2,16,6.8,6.3,1,12.5,0,264,18,4
Karl Klug,6294,DI,TEN,16,0,0,31,66.1,6,17,242,100.0,12.4,30,1,7.2,6,256,256,29,0,68.7,6,11,126,100.0,15.9,20,10.7,5,135,135,22
Josh Thomas,6295,CB,DAL,6,0,0,9,60.0,0,0,2,3.1,0.0,0,0,0.0,0,64,2,0,0,,0,0,0,0.0,,0,,0,32,0,0
Shiloh Keo,6296,S,DEN,5,0,0,10,51.5,0,0,6,5.7,0.0,0,1,0.0,0,106,6,0,0,55.7,0,0,2,3.4,0.0,0,0.0,0,59,2,0
Chris Carter,6314,ED,BLT,12,0,0,3,58.9,2,7,89,91.5,11.2,10,1,5.1,0,106,97,9,0,62.1,2,7,56,98.4,16.1,9,8.0,0,62,61,9
Pernell McPhee,6317,ED,CHI,14,3,0,6,78.7,13,47,298,87.1,22.1,66,3,12.1,6,363,316,66,0,82.9,11,25,138,93.0,29.7,41,15.9,4,157,146,40
Allen Bradford,6339,LB,ATL,2,0,0,2,56.0,0,0,2,4.8,0.0,0,0,0.0,0,42,2,0,0,56.0,0,0,2,13.3,0.0,0,0.0,0,15,2,0
Colin Jones,6342,S,CAR,7,0,0,5,70.7,1,2,5,4.0,20.0,1,0,30.0,0,124,5,3,0,,0,0,0,0.0,,0,,0,65,0,0
J.T. Thomas,6347,LB,NYG,12,0,0,21,47.0,0,2,27,15.8,7.4,2,2,3.7,0,190,30,2,0,46.9,0,2,9,17.9,11.1,1,11.1,0,56,10,2
Frank Kearse,6383,ED,WAS,4,0,0,32,53.7,0,3,44,100.0,9.1,4,0,5.7,1,47,47,4,0,53.2,0,2,22,100.0,9.1,2,4.5,0,23,23,2
Lawrence Guy,6385,DI,BLT,16,1,0,3,62.7,4,15,244,98.9,11.5,28,1,5.9,5,264,261,24,0,67.0,2,9,103,99.1,15.5,16,8.3,3,113,112,14
Andrew Gachkar,6386,LB,DAL,7,0,0,9,54.4,0,0,3,5.5,0.0,0,0,0.0,0,55,3,0,0,59.3,0,0,1,5.3,0.0,0,0.0,0,19,1,0
Jimmy Wilson,6387,S,SD,13,0,0,27,87.2,1,2,10,3.6,0.0,0,0,25.0,1,308,11,4,0,91.7,1,0,4,2.7,0.0,0,37.5,1,147,4,2
Malcolm Smith,6394,LB,OAK,16,0,0,23,59.8,2,8,72,11.1,13.9,10,3,12.5,4,750,83,14,0,61.2,1,3,36,12.2,16.7,6,11.1,2,329,40,6
Spencer Paysinger,6419,LB,MIA,8,0,0,17,56.5,0,0,2,7.1,0.0,0,0,0.0,0,28,2,0,0,56.5,0,0,2,20.0,0.0,0,0.0,0,10,2,0
Chris Harris Jr.,6457,CB,DEN,19,0,0,10,70.2,0,0,3,0.4,33.3,1,7,33.3,1,835,3,1,0,55.3,0,0,2,0.5,0.0,0,0.0,0,420,2,0
Ian Williams,6472,DI,SF,16,1,0,28,63.3,1,17,281,99.3,7.5,21,2,3.6,1,300,298,19,0,55.7,0,4,76,100.0,5.3,4,2.6,0,82,82,4
Sealver Siliga,6483,DI,NE,15,0,0,19,49.1,0,5,121,100.0,4.1,5,0,2.1,0,134,134,5,0,48.5,0,2,49,100.0,4.1,2,2.0,0,53,53,2
Josh Bynes,6503,LB,DET,16,0,0,11,68.3,4,9,77,16.4,10.4,8,2,9.7,1,488,80,14,0,76.4,4,4,35,15.5,17.1,6,14.3,1,232,36,9
Nick Bellore,6515,LB,SF,2,0,0,28,59.1,0,0,2,40.0,0.0,0,0,0.0,0,5,2,0,0,58.3,0,0,2,66.7,0.0,0,0.0,0,3,2,0
Brandon Bair,6529,ED,PHI,5,2,0,24,56.6,0,2,53,100.0,1.9,1,0,1.9,0,53,53,2,1,57.8,0,1,25,100.0,0.0,0,2.0,0,25,25,1
Mario Addison,6558,ED,CAR,17,0,0,5,67.3,13,30,328,94.5,18.9,62,3,8.4,6,365,345,49,0,64.9,9,24,197,95.0,21.3,42,10.4,4,219,208,37
Cedric Thornton,6607,DI,PHI,13,1,0,24,56.9,1,12,205,100.0,6.8,14,1,3.7,1,220,220,14,0,60.1,0,6,64,100.0,10.9,7,4.7,0,67,67,6
Jeron Johnson,6621,S,WAS,8,0,0,32,54.8,0,0,5,4.6,20.0,1,0,0.0,0,108,5,0,0,59.1,0,0,1,3.0,0.0,0,0.0,0,33,1,0
Michael Morgan,6623,LB,SEA,8,0,0,29,60.7,0,3,10,17.9,20.0,2,0,25.0,1,56,10,4,0,65.3,0,2,6,30.0,33.3,2,33.3,1,20,6,3
Ron Parker,6625,S,KC,18,0,0,16,71.9,0,5,27,3.4,11.1,3,2,27.8,5,794,27,10,0,76.7,0,2,15,3.9,20.0,3,33.3,4,387,15,6
Jonathan Freeny,6633,LB,NE,14,0,0,19,53.4,0,4,50,19.9,8.0,4,0,6.0,1,261,52,5,0,58.8,0,2,33,30.1,9.1,3,6.1,1,113,34,3
Demarcus Dobbs,6655,DI,SEA,13,0,0,29,55.6,0,4,76,98.7,7.9,6,0,2.6,0,79,78,4,0,56.3,0,3,37,100.0,10.8,4,4.1,0,39,39,3
Justin Trattou,6669,ED,MIN,3,0,0,18,49.8,0,1,16,94.4,0.0,0,0,3.1,0,18,17,1,0,51.7,0,1,9,100.0,0.0,0,5.6,0,9,9,1
Bryan Braman,6699,ED,PHI,4,0,0,24,69.6,0,2,11,100.0,27.3,3,0,18.2,1,11,11,3,0,76.0,0,2,7,100.0,42.9,3,28.6,1,7,7,3
Isa Abdul-Quddus,6722,S,DET,16,0,0,11,64.9,3,0,22,5.5,4.5,1,3,11.4,1,403,22,4,0,60.8,1,0,9,4.2,0.0,0,5.6,0,215,9,1
Jamari Lattimore,6754,LB,NYJ,4,0,0,22,47.3,0,0,8,16.7,0.0,0,0,0.0,0,54,9,0,0,49.3,0,0,4,15.2,0.0,0,0.0,0,33,5,0
Mark Herzlich,6767,LB,NYG,9,0,0,21,58.1,0,2,4,7.5,0.0,0,0,25.0,0,53,4,2,0,,0,0,0,0.0,,0,,0,13,0,0
Mario Butler,6797,CB,BUF,6,0,0,4,60.0,0,0,1,1.1,0.0,0,0,0.0,0,90,1,0,0,60.0,0,0,1,2.8,0.0,0,0.0,0,36,1,0
Orie Lemon,6800,LB,TB,1,0,0,30,59.1,0,0,1,20.0,0.0,0,0,0.0,0,5,1,0,0,59.1,0,0,1,100.0,0.0,0,0.0,0,1,1,0
Ben Jacobs,6817,LB,CAR,3,0,0,5,57.1,0,0,1,6.7,0.0,0,0,0.0,0,30,2,0,0,59.1,0,0,1,6.3,0.0,0,0.0,0,16,1,0
Corbin Bryant,6825,DI,BUF,16,0,0,4,56.9,6,20,320,95.6,8.1,26,1,4.4,1,360,344,27,0,56.8,1,10,107,98.3,11.2,12,6.1,1,121,119,12
Sterling Moore,6871,CB,TB,16,1,1,30,66.7,0,0,8,1.9,0.0,0,2,0.0,0,412,8,0,0,59.1,0,0,1,0.5,0.0,0,0.0,0,188,1,0
Michael Wilhoite,6989,LB,SF,12,0,0,28,58.8,0,1,32,10.6,3.1,1,2,4.7,1,321,34,2,0,74.9,0,1,10,10.1,10.0,1,15.0,1,109,11,2
Will Hill III,6999,S,BLT,16,0,0,3,76.9,3,1,20,3.4,30.0,6,7,15.0,1,588,20,5,0,66.8,1,1,7,2.9,57.1,4,14.3,0,239,7,2
Craig Robertson,7003,LB,CLV,12,0,0,8,54.9,1,2,15,8.9,6.7,1,1,10.0,0,169,15,3,0,56.6,0,1,2,4.3,0.0,0,25.0,0,46,2,1
Mark Barron,7013,LB,SL,16,1,0,26,59.6,3,11,100,19.1,7.0,7,2,9.0,2,571,109,16,1,58.3,0,5,44,24.4,6.8,3,10.2,2,205,50,7
Luke Kuechly,7015,LB,CAR,16,0,0,5,56.2,3,12,73,11.8,12.3,9,3,13.0,2,646,76,17,0,68.6,2,8,39,12.4,17.9,7,17.9,2,340,42,12
Dontari Poe,7017,DI,KC,17,0,0,16,58.0,2,26,528,99.8,7.0,37,2,2.8,1,560,559,29,0,61.0,1,20,239,100.0,11.3,27,4.8,1,258,258,22
Fletcher Cox,7018,DI,PHI,16,2,0,24,89.0,13,54,586,99.8,15.9,93,3,7.4,10,622,621,77,2,91.1,9,37,299,100.0,22.1,66,10.0,7,317,317,53
Michael Brockers,7020,DI,SL,16,0,0,26,60.2,3,18,384,98.5,6.8,26,3,3.5,3,409,403,24,0,68.3,3,10,134,100.0,11.9,16,6.3,2,141,141,15
Bruce Irvin,7021,LB,SEA,17,1,0,29,61.0,12,21,324,69.8,12.7,41,4,6.6,5,503,351,38,1,70.3,9,16,166,82.1,18.7,31,10.5,5,229,188,30
Quinton Coples,7022,ED,MIA,15,0,1,17,62.1,4,12,154,95.4,11.0,17,4,5.2,0,174,166,16,0,61.8,1,8,75,97.6,14.7,11,6.0,0,83,81,9
Dre Kirkpatrick,7023,CB,CIN,17,0,1,7,56.7,0,0,2,0.3,0.0,0,13,0.0,0,744,2,0,0,60.0,0,0,1,0.3,0.0,0,0.0,0,353,1,0
Melvin Ingram III,7024,ED,SD,16,3,1,27,87.4,9,36,418,75.8,14.6,61,7,8.3,12,583,442,57,0,90.6,6,22,198,87.9,20.2,40,11.6,9,240,211,37
Shea McClellin,7025,LB,CHI,12,0,0,6,66.1,2,12,35,10.3,22.9,8,0,20.0,0,388,40,14,0,69.8,1,5,13,10.8,46.2,6,23.1,0,157,17,6
Chandler Jones,7027,ED,NE,17,0,0,19,69.0,8,46,546,92.2,13.7,75,0,7.5,14,628,579,68,0,73.9,7,25,240,95.1,17.1,41,10.4,9,266,253,41
Dont'a Hightower,7030,LB,NE,14,0,1,19,88.3,3,21,132,30.7,23.5,31,2,12.1,4,459,141,28,0,87.8,2,14,70,40.6,27.1,19,15.7,3,187,76,19
Whitney Mercilus,7031,ED,HST,17,2,0,13,83.8,7,42,414,85.7,16.7,69,3,9.5,15,510,437,64,2,90.0,3,30,172,92.0,22.7,39,14.2,8,199,183,41
Nick Perry,7033,ED,GB,16,1,0,12,65.7,0,13,211,94.3,9.5,20,2,6.9,8,230,217,21,0,73.3,0,8,99,98.1,14.1,14,10.1,6,105,103,14
Courtney Upshaw,7039,ED,BLT,16,1,1,3,50.0,5,14,276,63.3,5.4,15,4,4.2,2,474,300,21,0,57.7,4,5,123,75.1,8.1,10,5.3,2,185,139,11
Derek Wolfe,7040,DI,DEN,15,2,0,10,71.7,10,40,475,100.0,14.9,71,2,7.4,10,511,511,60,0,80.8,7,31,235,100.0,22.6,53,11.5,8,257,257,46
Andre Branch,7042,ED,JAX,13,3,0,15,61.3,3,22,364,94.9,9.1,33,7,4.8,5,412,391,30,1,69.2,3,16,181,97.5,13.8,25,8.0,5,200,195,24
Jackrabbit Jenkins,7043,CB,SL,15,0,1,26,76.0,0,1,2,0.3,50.0,1,5,25.0,0,647,2,1,0,59.0,0,0,1,0.4,0.0,0,0.0,0,232,1,0
Mychal Kendricks,7049,LB,PHI,13,1,0,24,73.8,5,6,71,21.2,11.3,8,3,12.0,3,364,77,14,0,85.7,3,4,33,21.9,21.2,7,19.7,3,155,34,10
Bobby Wagner,7050,LB,SEA,17,0,1,29,73.5,4,9,66,11.6,19.7,13,2,12.9,2,648,75,15,0,68.0,3,1,35,14.5,14.3,5,8.6,1,296,43,5
Tavon Wilson,7051,CB,NE,7,0,0,19,83.4,1,3,7,10.8,28.6,2,1,28.6,0,65,7,4,0,83.4,1,3,7,21.2,28.6,2,28.6,0,33,7,4
Kendall Reyes,7052,DI,SD,16,3,1,27,54.6,5,12,355,99.5,5.6,20,1,3.0,2,380,378,19,1,55.1,2,8,141,100.0,9.2,13,5.0,2,153,153,12
Jerel Worthy,7054,DI,BUF,2,0,0,4,51.7,0,1,14,100.0,0.0,0,0,3.6,0,16,16,1,0,53.7,0,0,5,100.0,0.0,0,0.0,0,6,6,0
Zach Brown,7055,LB,TEN,16,0,0,31,62.2,1,4,30,11.7,16.7,5,2,11.7,1,265,31,6,0,52.0,0,2,15,16.5,13.3,2,6.7,0,97,16,2
Lavonte David,7060,LB,TB,16,3,0,30,73.4,2,9,77,13.7,13.0,10,2,11.0,3,621,85,14,2,80.6,1,6,42,16.9,19.0,8,13.1,2,272,46,9
Vinny Curry,7061,DI,PHI,16,0,1,24,75.4,9,35,342,100.0,15.2,52,3,7.9,5,361,361,49,0,73.8,2,25,209,100.0,16.7,35,8.4,4,224,224,31
Casey Hayward Jr.,7064,CB,GB,18,0,1,12,49.5,1,4,30,4.4,3.3,1,2,8.3,0,698,31,5,0,66.2,1,1,9,2.4,11.1,1,11.1,0,375,9,2
Trumaine Johnson,7067,CB,SL,14,0,2,26,58.7,0,1,1,0.2,0.0,0,5,50.0,0,564,1,1,0,58.7,0,1,1,0.5,0.0,0,50.0,0,211,1,1
Olivier Vernon,7074,ED,MIA,16,0,1,17,88.0,30,41,493,99.3,20.3,100,11,9.2,10,544,540,81,0,90.4,14,27,200,99.5,30.0,60,14.3,8,220,219,49
Demario Davis,7079,LB,NYJ,16,1,0,22,56.0,9,14,168,30.8,8.3,14,2,8.6,3,559,172,26,0,60.9,7,9,85,34.1,14.1,12,11.8,2,255,87,18
Tyrone Crawford,7083,DI,DAL,16,0,0,9,69.1,3,34,391,99.8,10.7,42,0,6.0,5,423,422,42,0,72.4,2,25,177,100.0,18.1,32,9.3,3,195,195,30
Sean Spence,7087,LB,PIT,13,0,0,25,59.4,0,4,41,21.6,9.8,4,0,9.8,2,190,41,6,0,68.5,0,1,13,18.1,15.4,2,19.2,2,72,13,3
John Hughes,7088,DI,CLV,16,0,0,8,58.7,1,10,208,97.8,7.2,15,1,3.6,2,229,224,13,0,56.7,1,4,61,98.5,8.2,5,4.1,0,68,67,5
Akiem Hicks,7090,DI,NE,18,0,0,19,70.1,4,18,254,100.0,11.8,30,1,5.5,3,278,278,25,0,74.2,2,10,94,100.0,18.1,17,8.5,2,105,105,14
Brandon Thompson,7093,DI,CIN,9,0,0,7,56.2,1,3,99,100.0,4.0,4,0,3.0,1,102,102,5,0,58.4,1,1,40,100.0,7.5,3,5.0,1,41,41,3
Jayron Hosley,7094,CB,NYG,13,0,1,21,60.0,0,0,1,0.3,0.0,0,3,0.0,0,330,1,0,0,,0,0,0,0.0,,0,,0,149,0,0
Nigel Bradham,7105,LB,BUF,11,1,1,4,56.9,2,6,77,18.1,7.8,6,4,6.5,1,474,86,9,0,65.9,1,2,18,15.2,22.2,4,13.9,1,151,23,4
Kyle Wilber,7113,LB,DAL,13,0,0,9,55.2,0,3,25,27.1,8.0,2,0,6.0,0,96,26,3,0,58.5,0,1,8,38.1,12.5,1,6.3,0,21,8,1
Jaye Howard Jr.,7114,DI,KC,18,0,0,16,60.7,4,30,487,100.0,9.4,46,7,4.9,7,516,516,41,0,62.0,0,19,232,100.0,10.8,25,5.4,3,247,247,22
Coty Sensabaugh,7115,CB,TEN,16,0,2,31,44.8,0,1,14,2.4,0.0,0,5,3.6,0,576,14,1,0,49.1,0,1,6,2.5,0.0,0,8.3,0,242,6,1
Keenan Robinson,7119,LB,WAS,12,1,0,32,56.2,0,1,26,8.2,7.7,2,3,1.9,0,340,28,1,0,51.3,0,1,13,9.1,7.7,1,3.8,0,154,14,1
Brandon Boykin,7123,CB,PIT,11,0,0,25,48.2,0,0,23,8.9,4.3,1,0,4.3,1,281,25,1,0,41.2,0,0,13,10.1,0.0,0,0.0,0,148,15,0
Ron Brooks,7124,CB,BUF,5,0,0,4,54.6,0,0,3,8.1,0.0,0,0,0.0,0,37,3,0,0,56.1,0,0,2,12.5,0.0,0,0.0,0,16,2,0
Jared Crick,7126,DI,HST,17,2,0,13,49.7,5,13,446,99.8,4.5,20,1,2.5,2,481,480,20,0,53.2,4,8,152,100.0,9.2,14,5.3,2,164,164,14
Mike Daniels,7132,DI,GB,18,1,1,12,83.7,7,48,452,99.6,17.7,80,3,7.6,7,473,471,62,1,76.7,2,27,205,99.5,20.5,42,10.0,6,217,216,35
Tahir Whitehead,7135,LB,DET,16,0,0,11,56.5,1,4,60,16.8,3.3,2,1,7.5,2,380,64,7,0,48.2,0,2,33,18.9,3.0,1,3.0,0,185,35,2
Robert Blanton,7136,S,MIN,9,0,0,18,60.0,0,0,1,0.8,0.0,0,1,0.0,0,128,1,0,0,60.0,0,0,1,1.8,0.0,0,0.0,0,56,1,0
Najee Goode,7137,LB,PHI,4,0,0,24,53.8,0,1,3,13.6,0.0,0,0,16.7,0,22,3,1,0,55.8,0,1,2,13.3,0.0,0,25.0,0,15,2,1
Tank Carder,7141,LB,CLV,5,0,0,8,58.8,0,0,1,2.6,0.0,0,0,0.0,0,39,1,0,0,,0,0,0,0.0,,0,,0,10,0,0
Jack Crawford,7151,DI,DAL,16,0,0,9,53.1,2,6,243,98.9,5.8,14,0,3.3,4,266,263,12,0,59.7,2,3,98,98.2,9.2,9,5.6,3,112,110,8
Darius Fleming,7157,LB,NE,4,0,0,19,60.0,0,0,1,5.6,0.0,0,0,0.0,0,18,1,0,0,,0,0,0,0.0,,0,,0,5,0,0
George Iloka,7159,S,CIN,13,0,0,7,53.7,1,1,10,2.2,10.0,1,3,10.0,0,465,10,2,0,56.5,0,0,2,0.9,0.0,0,0.0,0,219,2,0
Jeremy Lane,7164,CB,SEA,8,0,0,29,54.1,0,0,3,1.3,0.0,0,1,0.0,0,239,3,0,0,55.4,0,0,2,1.7,0.0,0,0.0,0,118,2,0
Keith Tandy,7166,S,TB,13,0,0,30,63.7,0,0,8,5.8,0.0,0,0,12.5,1,137,8,1,0,67.4,0,0,4,6.7,0.0,0,25.0,1,60,4,1
Trenton Robinson,7170,S,WAS,8,0,1,32,55.2,2,3,11,5.2,27.3,3,3,22.7,0,268,14,5,0,51.1,1,1,5,5.0,40.0,2,20.0,0,121,6,2
Josh Bush,7176,S,DEN,11,0,0,10,52.9,0,0,5,1.9,0.0,0,0,0.0,0,268,5,0,0,55.9,0,0,2,1.4,0.0,0,0.0,0,146,2,0
Danny Trevathan,7177,LB,DEN,18,0,0,10,64.2,4,5,46,9.9,13.0,6,2,9.8,0,513,51,9,0,59.7,3,2,24,11.7,16.7,4,10.4,0,239,28,5
Billy Winn,7190,DI,IND,12,0,0,14,47.9,1,8,161,99.4,6.2,10,0,2.8,0,178,177,9,0,44.9,0,4,52,100.0,5.8,3,3.8,0,60,60,4
Nate Ebner,7193,S,NE,9,0,0,19,74.4,1,0,4,10.3,25.0,1,0,12.5,0,39,4,1,0,64.9,0,0,3,12.5,33.3,1,0.0,0,24,3,0
Audie Cole,7195,LB,MIN,2,0,0,18,60.0,0,0,1,7.7,0.0,0,0,0.0,0,13,1,0,0,60.0,0,0,1,100.0,0.0,0,0.0,0,1,1,0
Scott Solomon,7196,ED,CLV,1,0,0,8,56.0,0,2,14,100.0,7.1,1,0,7.1,0,15,15,2,0,54.6,0,0,2,100.0,0.0,0,0.0,0,3,3,0
Travis Lewis,7207,LB,DET,8,0,0,11,70.3,0,2,8,18.0,25.0,2,1,25.0,1,50,9,3,0,67.9,0,0,2,33.3,50.0,1,50.0,1,9,3,1
Nate Stupar,7214,LB,ATL,13,0,1,2,76.0,1,3,22,14.4,22.7,5,1,13.6,1,160,23,5,0,84.4,1,2,9,15.2,44.4,4,27.8,1,66,10,4
Greg Scruggs,7216,DI,CHI,1,0,1,6,62.5,0,0,14,100.0,14.3,2,1,7.1,1,14,14,1,0,66.1,0,0,10,100.0,20.0,2,10.0,1,10,10,1
Cam Johnson,7221,ED,CLV,1,0,0,8,58.1,0,1,11,91.7,9.1,1,0,4.5,0,12,11,1,0,54.2,0,0,4,80.0,0.0,0,0.0,0,5,4,0
Markus Kuhn,7223,DI,NYG,10,0,0,21,53.9,2,3,134,98.6,4.5,6,0,2.6,1,139,137,6,0,58.6,1,2,44,100.0,9.1,4,5.7,1,44,44,4
Trevin Wade,7227,CB,NYG,14,0,1,21,90.3,4,2,15,4.3,13.3,2,1,20.0,0,371,16,6,0,92.6,4,2,9,5.6,22.2,2,33.3,0,180,10,6
Peyton Thompson,7235,CB,JAX,5,0,0,15,64.4,0,1,4,6.1,0.0,0,2,37.5,1,66,4,2,0,59.1,0,1,1,4.3,0.0,0,50.0,0,23,1,1
Rodney McLeod,7271,S,SL,16,0,0,26,49.8,0,0,15,2.4,0.0,0,0,0.0,0,715,17,0,0,53.9,0,0,6,2.7,0.0,0,0.0,0,260,7,0
Michael Thomas,7279,S,MIA,16,0,0,17,68.7,0,1,3,0.8,33.3,1,0,16.7,0,367,3,1,0,59.1,0,0,1,0.8,0.0,0,0.0,0,125,1,0
Vontaze Burfict,7280,LB,CIN,11,0,1,7,72.0,5,4,39,12.4,17.9,7,8,16.7,2,339,42,11,0,67.0,2,1,19,13.2,15.8,3,18.4,2,144,19,5
Tashaun Gipson Sr.,7288,S,CLV,13,0,0,8,59.1,0,1,9,2.6,0.0,0,0,5.6,0,465,12,1,0,63.8,0,0,5,3.9,0.0,0,0.0,0,181,7,0
Duke Ihenacho,7297,S,WAS,1,0,0,32,60.0,0,0,1,20.0,0.0,0,0,0.0,0,5,1,0,0,,0,0,0,0.0,,0,,0,1,0,0
Steven Johnson,7298,LB,TEN,1,0,0,31,56.8,0,1,2,12.5,50.0,1,1,25.0,0,16,2,1,0,56.8,0,1,2,25.0,50.0,1,25.0,0,8,2,1
Robert Golden,7303,S,PIT,15,1,0,25,58.7,1,1,12,4.5,0.0,0,1,8.3,0,287,13,2,0,46.4,1,0,7,6.1,0.0,0,7.1,0,131,8,1
Damon Harrison Sr.,7355,DI,NYJ,16,0,0,22,61.1,3,10,271,99.0,6.3,17,1,2.8,1,286,283,14,0,64.0,1,5,81,96.7,9.9,8,3.7,0,91,88,6
Valentino Blake,7362,CB,PIT,18,0,0,25,86.7,0,2,11,1.7,9.1,1,4,18.2,1,664,11,3,0,72.7,0,1,4,1.5,25.0,1,12.5,0,263,4,1
Ryan Davis Sr.,7365,ED,JAX,14,0,0,15,66.6,5,14,196,98.1,14.8,29,2,6.9,4,214,210,23,0,69.8,5,11,130,99.3,18.5,24,9.2,4,141,140,20
Johnson Bademosi,7374,CB,CLV,9,0,2,8,54.2,0,0,3,2.8,0.0,0,5,0.0,0,107,3,0,0,56.2,0,0,2,4.3,0.0,0,0.0,0,46,2,0
Leonard Johnson,7385,CB,NE,4,0,0,19,54.5,0,0,2,1.8,0.0,0,1,0.0,0,111,2,0,0,59.5,0,0,1,2.2,0.0,0,0.0,0,45,1,0
Kelcie McCray,7396,S,SEA,6,0,0,29,60.0,0,1,1,0.7,100.0,1,0,50.0,0,151,1,1,0,,0,1,0,0.0,,1,,0,69,0,1
Derrick Shelby,7400,ED,MIA,16,4,0,17,70.0,6,31,416,98.5,11.8,49,4,5.4,4,459,452,41,2,71.2,2,17,161,98.9,15.5,25,7.8,3,178,176,22
Jacquies Smith,7401,ED,TB,12,1,0,30,61.5,5,12,306,99.1,6.2,19,6,4.7,6,332,329,23,0,64.9,3,8,140,98.7,9.3,13,7.5,5,156,154,16
Tony Jerod-Eddie,7432,DI,SF,15,5,1,28,53.9,1,6,175,99.5,3.4,6,2,2.0,0,193,192,7,4,60.9,1,6,91,99.0,6.6,6,3.8,0,103,102,7
DeShawn Shead,7450,CB,SEA,18,0,0,29,57.7,1,1,11,2.2,9.1,1,2,18.2,1,489,11,3,0,62.8,1,0,7,2.9,0.0,0,21.4,1,241,7,2
Sean Richardson,7456,S,GB,3,0,0,12,60.0,0,0,1,2.9,0.0,0,1,0.0,0,35,1,0,0,,0,0,0,0.0,,0,,0,22,0,0
Tyrunn Walker,7459,DI,DET,4,0,0,11,64.2,0,8,82,97.7,9.8,8,1,4.9,0,86,84,8,0,66.2,0,4,26,96.4,15.4,4,7.7,0,28,27,4
Emmanuel Lamur,7561,LB,CIN,14,0,0,7,50.3,0,5,37,13.7,2.7,1,0,9.5,1,278,38,6,0,61.3,0,1,13,8.0,7.7,1,11.5,1,163,13,2
Eddie Pleasant,7593,S,HST,17,0,1,13,65.5,0,1,11,3.4,9.1,1,5,13.6,1,323,11,2,0,72.4,0,1,7,4.5,14.3,1,21.4,1,156,7,2
Chris Lewis-Harris,7624,CB,CIN,5,0,0,7,72.7,1,0,2,3.4,0.0,0,0,25.0,0,58,2,1,0,62.2,1,0,1,3.6,0.0,0,50.0,0,28,1,1
Will Johnson,7639,FB,PIT,1,0,0,25,,0,0,1,100.0,0.0,0,0,0.0,0,1,1,0,0,60.0,0,0,1,100.0,0.0,0,0.0,0,1,1,0
Harrison Smith,7641,S,MIN,14,0,0,18,77.3,5,5,35,7.3,8.6,3,0,20.0,2,535,39,12,0,72.4,2,1,11,5.6,9.1,1,31.8,2,234,13,5
Mike Martin,7644,DI,TEN,4,0,0,31,58.2,0,1,30,97.1,3.3,1,0,1.7,0,35,34,1,0,51.6,0,0,12,100.0,0.0,0,0.0,0,14,14,0
Malik Jackson,7647,DI,DEN,19,7,1,10,75.4,12,56,612,100.0,13.2,81,8,6.7,7,653,653,75,7,82.2,9,39,304,100.0,19.4,59,9.9,6,329,329,54
Brandon Marshall,7648,LB,DEN,19,0,1,10,61.0,1,12,111,17.2,16.2,18,4,7.7,2,680,117,15,0,58.6,0,6,52,16.7,17.3,9,9.6,2,324,54,8
Josh Norman,7649,CB,CAR,19,1,2,5,76.3,0,1,6,0.7,33.3,2,8,25.0,1,856,6,2,0,72.6,0,1,4,0.9,50.0,2,37.5,1,450,4,2
Corey White,7652,CB,ARZ,5,1,0,1,74.7,0,1,2,3.7,0.0,0,0,25.0,0,82,3,1,0,56.3,0,0,0,4.0,,0,,0,25,1,0
Justin Bethel,7654,CB,ARZ,16,0,1,1,69.5,1,2,14,3.8,14.3,2,3,10.7,0,396,15,3,0,72.1,1,1,11,6.2,9.1,1,9.1,0,195,12,2
Kourtnei Brown,7679,ED,TB,5,0,0,30,55.6,1,4,59,95.3,8.5,5,0,4.2,0,64,61,5,0,61.2,1,4,34,100.0,14.7,5,7.4,0,35,35,5
Dezman Moses,7696,ED,KC,9,0,0,16,56.4,1,4,37,85.4,8.1,3,1,6.8,0,48,41,5,0,56.0,1,2,26,96.7,7.7,2,5.8,0,30,29,3
Neiko Thorpe,7716,CB,OAK,14,0,1,23,60.0,0,1,1,0.3,100.0,1,8,50.0,0,351,1,1,0,60.0,0,1,1,0.6,100.0,1,50.0,0,176,1,1
Ishmaa'ily Kitchen,7726,DI,NE,1,0,0,19,65.0,0,1,7,100.0,14.3,1,0,7.1,0,7,7,1,0,60.0,0,0,1,100.0,0.0,0,0.0,0,1,1,0
Cordarro Law,7727,ED,SD,9,0,0,27,62.0,2,6,41,97.7,14.6,6,0,9.8,0,43,42,8,0,64.9,2,3,21,100.0,23.8,5,11.9,0,22,22,5
Will Tukuafu,7764,FB,SEA,3,0,0,29,54.9,0,0,6,100.0,0.0,0,1,0.0,0,6,6,0,0,60.0,0,0,1,100.0,0.0,0,0.0,0,1,1,0
Barkevious Mingo,7787,ED,CLV,16,0,0,8,63.5,0,8,78,55.6,12.8,10,1,5.1,0,162,90,8,0,58.2,0,5,41,72.3,14.6,6,6.1,0,65,47,5
D.J. Hayden,7793,CB,OAK,16,0,2,23,65.4,0,1,5,0.8,20.0,1,8,30.0,1,612,5,2,0,68.4,0,1,4,1.5,25.0,1,37.5,1,266,4,2
Sheldon Richardson,7794,DI,NYJ,11,2,0,22,75.9,9,39,386,94.5,13.7,53,2,8.0,7,417,394,55,2,77.9,6,19,173,98.9,15.0,26,9.5,4,178,176,29
Star Lotulelei,7795,DI,CAR,17,2,0,5,51.8,2,13,364,98.7,4.9,18,1,2.1,0,389,384,15,2,56.4,2,9,170,100.0,8.8,15,3.2,0,182,182,11
Kenny Vaccaro,7796,S,NO,16,0,2,20,56.5,1,10,51,9.1,9.8,5,6,16.7,3,647,59,14,0,54.4,0,6,22,9.8,13.6,3,27.3,3,275,27,9
Jarvis Jones,7798,ED,PIT,17,2,0,25,67.0,2,15,226,71.1,13.3,30,0,5.5,4,332,236,21,0,83.6,2,12,88,75.8,27.3,24,12.5,4,124,94,18
Eric Reid,7799,S,SF,16,0,0,28,66.1,1,0,22,3.8,9.1,2,1,6.8,1,637,24,2,0,70.6,0,0,5,1.8,20.0,1,20.0,1,273,5,1
Desmond Trufant,7803,CB,ATL,16,0,3,2,80.8,1,0,2,0.3,50.0,1,7,75.0,1,582,2,2,0,73.7,0,0,1,0.3,0.0,0,100.0,1,294,1,1
Sharrif Floyd,7804,DI,MIN,14,1,0,18,65.1,2,19,323,99.7,9.3,30,3,4.8,5,341,340,26,1,65.2,1,12,146,100.0,13.7,20,7.9,5,155,155,18
Bjoern Werner,7805,ED,IND,9,0,0,14,50.5,0,4,41,59.2,4.9,2,1,4.9,0,71,42,4,0,50.0,0,0,10,76.9,0.0,0,0.0,0,13,10,0
Datone Jones,7807,DI,GB,17,3,1,12,61.3,9,23,305,98.4,12.5,38,3,6.2,3,317,312,35,2,62.4,7,20,181,98.9,16.6,30,9.1,3,187,185,30
Sylvester Williams,7809,DI,DEN,18,1,0,10,57.9,1,14,313,99.1,5.8,18,2,3.0,2,330,327,17,1,60.3,0,10,124,99.2,8.1,10,5.6,2,133,132,12
Alec Ogletree,7811,LB,SL,4,0,0,26,67.2,1,5,20,14.0,35.0,7,1,25.0,2,157,22,8,0,62.2,0,2,6,14.3,33.3,2,33.3,1,49,7,3
Johnathan Cyprien,7814,S,JAX,14,0,1,15,70.0,1,5,20,3.6,10.0,2,4,15.0,0,612,22,6,0,73.9,0,1,4,1.8,25.0,1,12.5,0,274,5,1
Darius Slay,7817,CB,DET,16,0,1,11,47.2,0,2,2,0.3,0.0,0,3,50.0,0,616,2,2,0,47.2,0,2,2,0.7,0.0,0,50.0,0,284,2,2
Manti Te'o,7819,LB,SD,12,0,0,27,55.3,2,5,49,12.7,12.2,6,2,11.2,2,432,55,9,0,57.1,1,2,24,15.3,8.3,2,6.3,0,176,27,3
Tank Carradine,7821,DI,SF,14,0,0,28,63.1,2,11,118,99.2,12.7,15,1,6.4,1,126,125,14,0,70.2,1,8,56,100.0,21.4,12,9.8,1,59,59,10
Kawann Short,7825,DI,CAR,19,4,0,5,87.7,13,53,579,99.0,15.5,90,3,8.1,14,613,607,80,2,84.3,7,37,321,100.0,17.8,57,9.7,9,340,340,53
Kevin Minter,7826,LB,ARZ,18,1,0,1,63.9,7,15,136,22.6,11.8,16,5,8.8,1,637,144,23,0,68.8,4,7,54,22.7,16.7,9,12.0,1,255,58,12
Kiko Alonso,7827,LB,PHI,11,0,0,24,46.0,0,4,44,16.4,11.4,5,1,4.5,0,281,46,4,0,48.1,0,2,22,16.8,13.6,3,4.5,0,131,22,2
Johnathan Hankins,7830,DI,NYG,9,1,0,21,55.5,3,11,204,98.3,7.8,16,1,3.4,0,229,225,14,1,62.6,3,10,74,100.0,18.9,14,8.8,0,88,88,13
Jon Bostic,7831,LB,NE,4,0,0,19,46.6,1,0,9,25.0,0.0,0,0,5.6,0,36,9,1,0,47.8,0,0,7,36.8,0.0,0,0.0,0,19,7,0
Jamie Collins Sr.,7833,LB,NE,14,0,0,19,87.2,3,11,109,21.0,14.7,16,0,13.8,8,553,116,22,0,90.9,3,10,63,31.8,22.2,14,19.8,6,214,68,19
Margus Hunt,7834,ED,CIN,7,0,0,7,55.7,0,4,38,95.3,13.2,5,0,5.3,0,43,41,4,0,55.4,0,3,13,88.2,23.1,3,11.5,0,17,15,3
Jamar Taylor,7835,CB,MIA,12,0,0,17,55.5,0,1,2,0.7,0.0,0,5,25.0,0,425,3,1,0,,0,0,0,0.0,,0,,0,175,0,0
Arthur Brown,7837,LB,BLT,2,0,0,3,53.6,0,0,3,33.3,0.0,0,0,0.0,0,9,3,0,0,53.6,0,0,3,60.0,0.0,0,0.0,0,5,3,0
D.J. Swearinger Sr.,7838,S,ARZ,10,0,0,1,53.1,0,0,7,4.9,0.0,0,1,0.0,0,144,7,0,0,58.3,0,0,1,1.6,0.0,0,0.0,0,63,1,0
Robert Alford,7841,CB,ATL,15,0,3,2,61.6,0,0,7,1.3,14.3,1,7,0.0,0,555,7,0,0,52.4,0,0,3,1.1,0.0,0,0.0,0,283,3,0
Dwayne Gratz,7845,CB,JAX,12,0,0,15,59.1,0,0,1,0.3,0.0,0,2,0.0,0,297,1,0,0,,0,0,0,0.0,,0,,0,147,0,0
Sio Moore,7847,LB,IND,8,0,0,14,58.9,0,1,8,25.6,0.0,0,1,6.3,0,43,11,1,0,62.2,0,0,4,46.7,0.0,0,0.0,0,15,7,0
Bennie Logan,7848,DI,PHI,14,0,0,24,49.6,1,11,265,99.6,4.5,12,2,2.6,1,283,282,13,0,49.6,1,5,97,100.0,5.2,5,4.1,1,104,104,7
Tyrann Mathieu,7850,CB,ARZ,14,3,1,1,83.2,2,8,39,7.0,12.8,5,6,15.4,1,586,41,11,0,79.1,1,4,15,6.3,33.3,5,23.3,1,253,16,6
Blidi Wreh-Wilson,7851,CB,TEN,9,0,1,31,59.1,0,1,1,0.5,0.0,0,2,50.0,0,203,1,1,0,59.1,0,1,1,1.1,0.0,0,50.0,0,91,1,1
T.J. McDonald,7852,S,SL,11,0,0,26,64.1,1,4,36,8.1,8.3,3,0,9.7,1,467,38,6,0,59.2,0,1,17,11.7,5.9,1,8.8,1,162,19,2
J.J. Wilcox,7861,S,DAL,16,0,0,9,65.7,1,0,4,0.9,0.0,0,3,12.5,0,469,4,1,0,54.3,0,0,3,1.5,0.0,0,0.0,0,201,3,0
Damontre Moore,7862,ED,MIA,14,1,0,17,56.5,5,13,207,95.7,10.1,21,4,5.8,3,234,224,21,1,57.1,5,9,129,97.9,13.2,17,7.0,2,144,141,16
John Jenkins,7863,DI,NO,14,1,0,20,58.0,1,8,225,96.1,5.8,13,0,2.4,1,255,245,10,1,66.8,0,6,65,98.6,12.3,8,6.2,1,72,71,7
Logan Ryan,7864,CB,NE,18,0,0,19,53.4,0,1,3,0.4,0.0,0,4,16.7,0,732,3,1,0,55.1,0,1,2,0.6,0.0,0,25.0,0,319,2,1
Shawn Williams,7865,S,CIN,15,0,0,7,50.6,0,1,10,2.5,0.0,0,1,5.0,0,399,10,1,0,59.1,0,0,1,0.5,0.0,0,0.0,0,194,1,0
Jordan Hill,7868,DI,SEA,12,1,0,29,55.3,4,19,225,95.2,8.0,18,0,5.1,0,249,237,23,1,62.4,3,11,117,100.0,11.1,13,6.0,0,125,125,14
Corey Lemonier,7869,ED,SF,10,0,0,28,53.2,2,5,101,78.3,8.9,9,2,3.5,0,143,112,7,0,59.5,2,3,49,85.3,14.3,7,5.1,0,68,58,5
Brandon Williams,7875,DI,BLT,16,1,0,3,57.8,2,16,344,99.5,5.8,20,2,3.2,2,377,375,20,1,60.3,0,9,105,100.0,8.6,9,5.2,1,121,121,10
Akeem Spence,7882,DI,TB,8,0,0,30,70.2,4,11,154,99.4,11.0,17,2,5.5,1,161,160,16,0,74.6,2,7,55,100.0,18.2,10,8.2,0,57,57,9
Alex Okafor,7885,ED,ARZ,13,1,0,1,62.2,8,26,292,90.7,9.9,29,2,6.5,2,343,311,36,0,68.7,4,14,106,95.9,17.9,19,9.4,1,121,116,19
Jelani Jenkins,7886,LB,MIA,13,0,0,17,60.5,0,4,18,5.4,16.7,3,1,11.1,0,389,21,4,0,69.6,0,2,11,8.4,18.2,2,9.1,0,143,12,2
Duke Williams,7887,S,BUF,13,0,0,4,76.0,3,2,16,9.7,12.5,2,0,21.9,1,165,16,6,0,67.8,1,1,6,15.8,16.7,1,16.7,0,38,6,2
Shamarko Thomas,7893,S,PIT,4,0,0,25,59.0,0,0,1,12.5,0.0,0,0,0.0,0,8,1,0,0,,0,0,0,0.0,,0,,0,4,0,0
B.W. Webb,7896,CB,TEN,8,1,0,31,69.3,0,0,3,1.8,0.0,0,1,0.0,0,168,3,0,0,59.3,0,0,1,1.2,0.0,0,0.0,0,84,1,0
Gerald Hodges,7902,LB,SF,14,0,0,28,90.5,1,5,17,8.6,41.2,7,2,17.6,0,233,20,6,0,87.3,1,2,6,8.8,50.0,3,25.0,0,80,7,3
William Gholston,7908,ED,TB,16,2,1,30,62.2,4,27,301,97.5,11.3,34,7,6.1,3,324,316,34,0,60.0,1,13,103,99.1,15.5,16,7.8,1,108,107,15
Malliciah Goodman,7909,ED,ATL,4,0,0,2,57.2,1,4,78,100.0,9.0,7,0,3.2,0,79,79,5,0,60.0,1,3,32,100.0,12.5,4,6.3,0,33,33,4
John Simon,7911,ED,HST,17,0,0,13,60.8,7,14,257,61.6,10.9,28,1,6.4,6,453,279,27,0,63.1,6,10,137,83.0,13.1,18,8.0,3,182,151,19
Devin Taylor,7914,ED,DET,15,1,0,11,60.8,4,23,351,97.9,10.8,38,1,6.4,9,381,373,36,1,65.6,3,19,176,97.5,16.5,29,9.7,6,199,194,28
Montori Hughes,7921,DI,NYG,7,0,0,21,56.8,0,2,46,95.8,6.5,3,0,2.2,0,48,46,2,0,66.0,0,1,13,100.0,15.4,2,3.8,0,13,13,1
Lavar Edwards,7924,ED,BUF,1,0,0,4,56.9,0,0,2,100.0,0.0,0,0,0.0,0,2,2,0,0,56.9,0,0,2,100.0,0.0,0,0.0,0,2,2,0
Jonathan Meeks,7925,S,BUF,4,0,0,4,56.5,0,0,2,20.0,0.0,0,0,0.0,0,10,2,0,0,60.0,0,0,1,33.3,0.0,0,0.0,0,3,1,0
Steve Williams,7927,CB,SD,11,0,0,27,93.0,0,0,2,1.2,0.0,0,5,50.0,1,171,2,1,0,58.4,0,0,1,1.2,0.0,0,0.0,0,83,1,0
A.J. Klein,7930,LB,CAR,14,0,0,5,62.8,0,1,14,7.4,0.0,0,2,17.9,2,217,16,3,0,67.2,0,0,4,3.7,0.0,0,25.0,1,107,4,1
Quinton Dial,7939,DI,SF,15,1,0,28,58.9,4,11,302,100.0,6.6,20,2,3.5,3,322,322,18,1,69.0,2,7,101,100.0,11.9,12,5.4,1,111,111,10
Micah Hyde,7941,S,GB,17,0,0,12,59.8,0,1,14,2.9,14.3,2,2,10.7,1,488,14,2,0,65.2,0,1,9,3.2,22.2,2,16.7,1,282,9,2
Josh Boyd,7949,DI,GB,2,0,0,12,81.2,0,2,14,100.0,14.3,2,0,7.1,0,15,15,2,0,83.4,0,1,5,100.0,20.0,1,10.0,0,6,6,1
Josh Evans,7951,S,JAX,14,1,0,15,68.1,0,0,4,1.5,0.0,0,2,0.0,0,400,6,0,0,54.3,0,0,1,1.6,0.0,0,0.0,0,183,3,0
Rufus Johnson,7964,LB,NE,1,0,0,19,52.2,0,1,10,100.0,10.0,1,0,5.0,0,10,10,1,0,53.1,0,1,7,100.0,14.3,1,7.1,0,7,7,1
Cornelius Washington,7969,DI,CHI,1,0,0,6,60.0,0,0,0,100.0,,0,0,,0,1,1,0,0,,0,0,0,,,0,,0,0,0,0
Bacarri Rambo,7972,S,BUF,14,0,0,4,59.7,3,3,29,6.6,6.9,2,0,13.8,1,455,30,7,0,65.2,1,0,6,4.0,33.3,2,25.0,1,150,6,2
Nate Palmer,7974,LB,GB,12,0,0,12,42.2,1,0,56,18.6,3.6,2,1,2.7,1,301,56,2,0,42.3,1,0,27,21.6,3.7,1,1.9,0,125,27,1
Kapron Lewis-Moore,7981,ED,BLT,5,0,0,3,50.6,0,0,29,100.0,0.0,0,0,0.0,0,32,32,0,0,52.2,0,0,9,100.0,0.0,0,0.0,0,11,11,0
Stacy McGee,7987,DI,OAK,16,0,0,23,48.0,1,7,227,99.6,4.0,9,1,1.8,0,245,244,8,0,49.3,0,3,92,100.0,4.3,4,1.6,0,99,99,3
Vince Williams,7988,LB,PIT,13,0,0,25,84.1,0,2,19,18.7,15.8,3,0,10.5,1,107,20,3,0,91.5,0,2,10,22.4,30.0,3,20.0,1,49,11,3
Mike Catapano,7989,DI,NYJ,3,0,0,22,59.7,1,2,41,83.7,12.2,5,0,6.1,1,49,41,4,0,59.8,1,1,22,95.7,13.6,3,9.1,1,23,22,3
Michael Mauti,7995,LB,NO,10,0,0,20,62.8,0,0,4,6.9,0.0,0,0,0.0,0,72,5,0,0,,0,0,0,0.0,,0,,0,19,0,0
Armonty Bryant,7999,ED,CLV,14,0,0,8,59.1,6,10,243,92.4,9.9,24,2,5.8,6,275,254,22,0,61.8,2,6,100,93.8,14.0,14,9.0,5,113,106,13
Jordan Poyer,8000,S,CLV,14,0,0,8,59.9,1,0,13,5.2,15.4,2,2,11.5,1,270,14,2,0,59.3,1,0,7,6.9,14.3,1,7.1,0,116,8,1
Nick Williams,8006,DI,KC,14,0,0,16,50.9,0,7,104,100.0,6.7,7,1,3.4,0,111,111,7,0,50.7,0,2,54,100.0,3.7,2,1.9,0,60,60,2
David Bass,8016,ED,TEN,15,3,0,31,57.8,2,12,220,77.3,5.5,12,2,4.1,2,299,231,16,0,49.8,2,6,107,84.8,8.4,9,4.7,1,132,112,9
David King,8022,DI,KC,4,2,0,16,72.9,0,1,28,100.0,14.3,4,0,5.4,1,30,30,2,1,69.0,0,1,13,100.0,15.4,2,11.5,1,14,14,2
Kemal Ishmael,8026,S,ATL,13,0,1,2,65.1,0,1,2,1.3,50.0,1,2,25.0,0,228,3,1,0,65.1,0,1,2,2.9,50.0,1,25.0,0,104,3,1
Daimion Stafford,8031,S,TEN,15,0,0,31,52.5,0,0,15,7.7,0.0,0,1,6.7,1,209,16,1,0,54.8,0,0,10,10.8,0.0,0,10.0,1,102,11,1
Damion Square,8042,DI,SD,6,0,0,27,61.4,3,2,71,100.0,8.5,6,1,3.5,0,76,76,5,0,48.6,1,0,25,100.0,4.0,1,2.0,0,26,26,1
Josh McNary,8073,LB,IND,6,0,0,14,67.6,0,0,8,15.8,12.5,1,0,0.0,0,57,9,0,0,71.3,0,0,5,37.5,20.0,1,0.0,0,16,6,0
Daren Bates,8077,LB,SL,5,0,0,26,59.2,0,0,1,10.0,0.0,0,0,0.0,0,10,1,0,0,59.2,0,0,1,25.0,0.0,0,0.0,0,4,1,0
Ezekiel Ansah,8094,ED,DET,16,0,1,11,78.3,20,33,383,96.0,16.7,64,8,10.3,13,426,409,66,0,89.5,19,26,194,98.6,27.3,53,17.8,12,214,211,57
Rontez Miles,8102,S,NYJ,7,0,0,22,71.7,0,2,5,6.3,40.0,2,0,20.0,0,79,5,2,0,66.3,0,1,3,8.8,33.3,1,16.7,0,34,3,1
Jahleel Addae,8117,S,SD,13,0,0,27,87.6,0,3,12,2.9,16.7,2,4,20.8,1,443,13,4,0,92.7,0,3,5,2.7,40.0,2,50.0,1,186,5,4
Charles James II,8120,CB,HST,7,0,0,13,50.4,0,0,4,3.3,0.0,0,0,0.0,0,121,4,0,0,54.5,0,0,2,3.4,0.0,0,0.0,0,58,2,0
Paul Worrilow,8141,LB,ATL,15,0,0,2,65.7,4,6,31,6.4,22.6,7,1,19.4,1,498,32,11,0,62.6,2,3,18,7.7,22.2,4,19.4,1,235,18,6
Marcus Burley,8142,CB,SEA,9,0,0,29,64.6,0,3,7,4.6,14.3,1,0,35.7,1,152,7,4,0,67.7,0,3,5,6.6,20.0,1,50.0,1,76,5,4
Andy Mulumba,8151,LB,GB,4,0,0,12,52.6,0,1,25,100.0,4.0,1,0,2.0,0,26,26,1,0,49.7,0,0,13,100.0,0.0,0,0.0,0,13,13,0
Earl Okine,8155,DI,IND,5,0,0,14,62.4,0,1,23,100.0,8.7,2,0,2.2,0,25,25,1,0,52.9,0,0,5,100.0,0.0,0,0.0,0,6,6,0
Lerentee McCray,8159,ED,DEN,9,0,0,10,53.6,0,1,48,78.8,4.2,2,2,3.1,1,66,52,2,0,55.3,0,0,21,75.8,4.8,1,4.8,1,33,25,1
Abry Jones,8177,DI,JAX,15,2,0,15,60.9,1,4,151,100.0,5.3,8,0,3.0,2,166,166,7,0,60.9,0,2,52,100.0,7.7,4,3.8,1,56,56,3
T.J. Barnes,8184,DI,BUF,8,1,0,4,68.0,0,1,28,100.0,7.1,2,0,1.8,0,31,31,1,0,73.0,0,1,10,100.0,20.0,2,5.0,0,12,12,1
Benson Mayowa,8196,ED,OAK,12,0,0,23,53.5,3,14,216,86.7,9.3,20,1,4.4,1,271,235,18,0,53.9,3,7,98,89.0,12.2,12,5.1,0,118,105,10
Justin Staples,8202,ED,TEN,5,1,0,31,57.5,0,2,11,84.6,9.1,1,0,9.1,0,13,11,2,0,49.9,0,1,6,85.7,0.0,0,8.3,0,7,6,1
Bradley McDougald,8220,S,TB,16,0,0,30,58.6,1,1,9,1.9,22.2,2,2,11.1,0,518,10,2,0,,0,0,0,0.0,,0,,0,230,0,0
Justin Tuggle,8225,LB,HST,8,0,0,13,53.1,0,3,13,24.1,7.7,1,0,11.5,0,58,14,3,0,53.5,0,0,3,18.8,0.0,0,0.0,0,16,3,0
A.J. Francis,8261,DI,SEA,3,0,0,29,59.1,0,1,15,100.0,6.7,1,0,3.3,0,15,15,1,0,58.3,0,0,2,100.0,0.0,0,0.0,0,2,2,0
Ray-Ray Armstrong,8271,LB,SF,9,0,0,28,70.1,2,1,25,20.1,16.0,4,0,10.0,1,134,27,4,0,78.0,1,1,9,20.8,22.2,2,11.1,0,53,11,2
Jordan Kovacs,8275,S,MIA,1,0,0,17,59.9,0,0,2,20.0,0.0,0,0,50.0,1,10,2,1,0,59.6,0,0,1,16.7,0.0,0,0.0,0,6,1,0
Will Compton,8308,LB,WAS,15,0,0,32,51.7,1,2,41,9.2,7.3,3,0,6.1,1,478,44,4,0,57.6,1,2,16,7.9,18.8,3,9.4,0,203,16,3
Casey Walker,8355,DI,DAL,2,0,0,9,52.8,0,0,13,100.0,0.0,0,0,0.0,0,15,15,0,0,54.5,0,0,5,100.0,0.0,0,0.0,0,7,7,0
Demontre Hurst,8359,S,CHI,4,0,1,6,51.3,2,0,5,9.3,0.0,0,1,20.0,0,54,5,2,0,55.1,1,0,2,7.4,0.0,0,25.0,0,27,2,1
Tony Jefferson,8361,S,ARZ,18,0,0,1,56.8,2,6,60,10.1,5.0,3,0,10.0,2,613,62,10,0,53.7,0,4,35,12.1,5.7,2,11.4,2,298,36,6
Brandon Copeland,8378,ED,DET,9,0,0,11,48.5,0,2,38,100.0,5.3,2,0,2.6,0,40,40,2,0,50.7,0,1,23,100.0,4.3,1,2.2,0,24,24,1
Stefan Charles,8387,DI,BUF,13,0,0,4,57.3,2,3,106,99.1,3.8,4,2,2.4,0,117,116,5,0,59.2,1,2,29,100.0,6.9,2,5.2,0,32,32,3
Jeff Heath,8396,S,DAL,13,0,0,9,56.5,0,1,2,1.5,50.0,1,1,25.0,0,130,2,1,0,58.5,0,0,1,1.6,0.0,0,0.0,0,62,1,0
Chris Banjo,8419,S,GB,7,0,0,12,74.2,0,1,5,6.5,40.0,2,0,30.0,1,77,5,2,0,74.2,0,1,5,9.8,40.0,2,30.0,1,51,5,2
Joplo Bartu,8455,LB,JAX,5,0,0,15,55.2,0,0,2,2.3,0.0,0,0,0.0,0,87,2,0,0,55.2,0,0,2,6.3,0.0,0,0.0,0,32,2,0
Darryl Morris,8456,CB,HST,7,0,0,13,60.0,0,0,1,2.0,0.0,0,0,0.0,0,51,1,0,0,,0,0,0,0.0,,0,,0,17,0,0
Nickell Robey-Coleman,8483,CB,BUF,16,0,1,4,54.9,0,3,27,6.2,7.4,2,4,9.3,1,481,30,4,0,69.9,0,2,10,6.1,20.0,2,20.0,1,181,11,3
Wes Horton,8484,ED,CAR,8,0,0,5,58.3,3,9,102,98.1,9.8,10,1,6.9,1,105,103,13,0,51.2,2,4,46,97.9,13.0,6,6.5,0,47,46,6
LaRoy Reynolds,8500,LB,CHI,4,0,0,6,68.2,0,2,4,12.9,50.0,2,0,25.0,0,31,4,2,0,71.0,0,1,2,28.6,50.0,1,25.0,0,7,2,1
Terence Garvin,8515,LB,PIT,3,0,0,25,,0,0,1,16.7,0.0,0,0,0.0,0,6,1,0,0,60.0,0,0,1,100.0,0.0,0,0.0,0,1,1,0
Marcus Cromartie,8525,CB,SF,5,0,0,28,57.7,0,0,1,1.2,0.0,0,1,0.0,0,82,1,0,0,57.7,0,0,1,2.4,0.0,0,0.0,0,41,1,0
Mike Purcell,8530,DI,SF,8,0,0,28,50.5,0,2,126,100.0,3.2,4,0,1.6,1,132,132,3,0,54.2,0,2,38,100.0,5.3,2,2.6,0,40,40,2
Jadeveon Clowney,8636,ED,HST,13,5,1,13,64.6,3,22,299,94.7,11.7,35,5,5.9,5,340,322,30,3,64.6,2,10,112,98.4,12.5,14,8.9,4,126,124,16
Khalil Mack,8640,ED,OAK,16,2,0,23,90.5,8,58,539,86.3,18.7,101,3,9.1,16,673,581,82,1,92.0,5,34,248,90.6,26.6,66,13.9,15,299,271,54
Anthony Barr,8644,LB,MIN,15,1,0,18,90.4,5,18,99,20.1,18.2,18,4,15.7,4,547,110,27,0,84.6,2,7,40,19.9,20.0,8,13.8,1,241,48,10
Aaron Donald,8648,DI,SL,16,1,0,26,93.1,26,42,502,95.5,20.1,101,5,9.0,11,560,535,79,0,93.3,14,23,180,96.6,28.9,52,14.7,8,205,198,45
Kyle Fuller,8649,CB,CHI,16,0,0,6,53.8,0,1,3,0.5,0.0,0,3,16.7,0,615,3,1,0,53.8,0,1,3,1.1,0.0,0,16.7,0,269,3,1
Ryan Shazier,8650,LB,PIT,14,0,0,25,66.4,5,7,100,19.9,15.0,15,1,12.0,6,532,106,18,0,67.6,4,5,52,23.8,23.1,12,16.3,4,231,55,13
C.J. Mosley,8652,LB,BLT,16,1,0,3,72.7,5,9,108,17.3,15.7,17,4,10.2,4,649,112,18,0,76.9,4,7,55,21.8,21.8,12,17.3,4,266,58,15
Calvin Pryor,8653,S,NYJ,13,1,0,22,46.6,1,11,46,10.2,4.3,2,0,13.0,0,470,48,12,0,42.7,0,6,22,9.4,4.5,1,13.6,0,233,22,6
Ha Ha Clinton-Dix,8656,S,GB,18,0,0,12,70.3,0,0,26,3.5,11.5,3,3,11.5,3,752,26,3,0,69.9,0,0,10,2.6,10.0,1,20.0,2,387,10,2
Dee Ford,8658,ED,KC,16,1,1,16,52.5,9,25,312,85.3,9.9,31,4,6.7,4,382,326,38,0,56.2,3,19,166,91.2,14.5,24,8.4,3,193,176,25
Darqueze Dennard,8659,CB,CIN,9,0,0,7,53.8,0,0,3,2.1,0.0,0,0,0.0,0,140,3,0,0,59.1,0,0,1,1.4,0.0,0,0.0,0,72,1,0
Jason Verrett,8660,CB,SD,14,0,1,27,67.6,1,1,3,0.7,33.3,1,3,33.3,0,433,3,2,0,60.0,0,0,1,0.6,0.0,0,0.0,0,177,1,0
Marcus Smith,8661,ED,PHI,10,0,0,24,63.6,3,3,56,77.8,12.5,7,0,8.9,2,72,56,8,0,68.9,2,3,33,89.2,21.2,7,13.6,2,37,33,7
Deone Bucannon,8662,LB,ARZ,18,0,0,1,70.0,3,9,88,13.1,13.6,12,0,10.2,3,723,95,15,0,76.8,2,4,48,16.1,14.6,7,10.4,2,311,50,8
Dominique Easley,8664,DI,NE,11,0,0,19,75.6,8,24,210,99.6,18.1,38,0,9.0,3,223,222,35,0,78.7,6,13,121,100.0,19.8,24,9.5,2,125,125,21
Jimmie Ward,8665,CB,SF,16,0,2,28,55.1,0,3,29,6.1,0.0,0,4,8.6,1,473,29,4,0,52.3,0,3,14,6.0,0.0,0,17.9,1,235,14,4
Demarcus Lawrence,8669,ED,DAL,16,0,1,9,71.6,7,31,369,98.0,14.1,52,3,7.3,8,407,399,46,0,78.0,4,21,169,97.9,19.5,33,10.4,5,192,188,30
Ra'Shede Hageman,8672,DI,ATL,16,2,0,2,67.4,5,10,178,98.4,10.1,18,3,4.8,1,191,188,16,1,71.6,4,5,64,100.0,20.3,13,8.6,1,68,68,10
Kyle Van Noy,8675,LB,DET,9,0,0,11,75.2,1,0,2,11.4,100.0,2,0,75.0,1,35,4,2,0,54.8,0,0,1,20.0,0.0,0,0.0,0,15,3,0
Lamarcus Joyner,8676,CB,SL,16,0,0,26,53.2,0,5,33,6.5,9.1,3,6,16.7,3,535,35,8,0,54.5,0,1,16,7.5,12.5,2,15.6,2,227,17,3
Stephon Tuitt,8681,DI,PIT,16,0,0,25,62.1,6,38,612,99.5,9.5,58,0,4.7,7,645,642,51,0,70.1,4,27,265,99.6,15.5,41,8.1,6,281,280,37
Trent Murphy,8682,ED,WAS,17,0,0,32,71.3,6,19,281,77.7,12.1,34,1,6.2,5,381,296,30,0,66.8,3,12,121,91.0,15.7,19,7.9,2,144,131,17
Timmy Jernigan,8683,DI,BLT,15,0,0,3,64.3,8,17,335,97.8,10.4,35,3,5.2,5,361,353,30,0,67.3,4,9,147,97.5,15.6,23,7.8,5,158,154,18
Jeremiah Attaochu,8685,ED,SD,15,2,1,27,64.7,9,32,369,90.4,12.5,46,1,7.5,7,426,385,48,0,65.6,5,21,174,97.4,17.2,30,11.5,7,190,185,33
Ego Ferguson,8686,DI,CHI,4,0,0,6,53.3,0,2,49,100.0,4.1,2,0,2.0,0,52,52,2,0,51.2,0,0,11,100.0,0.0,0,0.0,0,13,13,0
Kony Ealy,8695,ED,CAR,19,2,0,5,69.2,6,32,450,95.2,11.8,53,7,6.0,8,497,473,46,1,77.8,6,21,233,97.3,16.7,39,8.4,6,257,250,33
Christian Kirksey,8706,LB,CLV,16,0,0,8,70.3,1,6,43,12.7,18.6,8,1,17.4,4,370,47,11,0,63.2,1,2,21,15.5,14.3,3,7.1,0,148,23,3
Scott Crichton,8707,ED,MIN,11,0,0,18,50.8,0,2,56,98.4,3.6,2,0,1.8,0,64,63,2,0,54.1,0,0,17,100.0,0.0,0,0.0,0,19,19,0
Preston Brown,8708,LB,BUF,16,0,0,4,45.8,6,6,134,21.5,3.7,5,5,4.5,0,669,144,12,0,40.6,2,2,39,21.5,0.0,0,5.1,0,209,45,4
Jay Bromley,8709,DI,NYG,16,0,0,21,63.2,4,11,226,98.8,7.5,17,2,3.3,0,240,237,15,0,70.9,1,7,57,100.0,15.8,9,7.0,0,62,62,8
Terrence Brooks,8714,S,BLT,4,0,0,3,65.2,1,2,10,20.4,0.0,0,0,15.0,0,49,10,3,0,55.3,1,1,8,28.6,0.0,0,12.5,0,28,8,2
Dexter McDougle,8715,CB,NYJ,3,0,0,22,56.7,0,0,2,4.8,0.0,0,0,0.0,0,42,2,0,0,59.4,0,0,1,4.2,0.0,0,0.0,0,24,1,0
Will Sutton III,8717,DI,CHI,13,4,0,6,55.0,2,6,216,99.1,2.8,6,2,1.9,0,228,226,8,1,50.8,1,2,76,100.0,2.6,2,2.0,0,81,81,3
Louis Nix III,8718,DI,NYG,3,0,0,21,56.1,0,0,9,100.0,0.0,0,0,0.0,0,9,9,0,0,57.4,0,0,3,100.0,0.0,0,0.0,0,3,3,0
Kareem Martin,8719,ED,ARZ,12,0,0,1,61.2,1,5,92,89.2,7.6,7,0,5.4,2,111,99,8,0,63.3,1,3,45,96.0,11.1,5,6.7,1,50,48,5
Khyri Thornton,8720,DI,DET,6,0,0,11,51.2,0,0,52,100.0,1.9,1,1,0.0,0,57,57,0,0,50.4,0,0,17,100.0,0.0,0,0.0,0,21,21,0
Phillip Gaines,8722,CB,KC,3,0,0,16,50.7,0,1,4,4.3,0.0,0,0,12.5,0,117,5,1,0,52.9,0,1,2,5.2,0.0,0,25.0,0,58,3,1
Will Clarke,8723,ED,CIN,12,1,0,7,53.3,1,4,85,95.7,8.2,7,0,2.9,0,92,88,5,1,56.6,0,3,29,96.9,13.8,4,5.2,0,32,31,3
Justin Ellis,8742,DI,OAK,12,1,0,23,68.3,0,13,164,98.3,9.8,16,0,4.0,0,177,174,13,0,65.6,0,5,52,100.0,11.5,6,4.8,0,56,56,5
Cassius Marsh,8743,ED,SEA,17,0,0,29,47.7,0,8,109,92.0,7.3,8,0,3.7,0,125,115,8,0,50.8,0,2,41,91.5,4.9,2,2.4,0,47,43,2
Ross Cockrell,8744,CB,PIT,17,0,0,25,46.5,0,1,10,2.0,0.0,0,4,5.0,0,511,10,1,0,47.7,0,1,9,3.9,0.0,0,5.6,0,233,9,1
Maurice Alexander,8745,S,SL,11,1,1,26,71.0,3,2,26,10.7,11.5,3,1,17.3,2,281,30,7,0,68.6,2,0,10,10.1,10.0,1,20.0,1,109,11,3
DaQuan Jones,8747,DI,TEN,16,0,1,31,58.3,5,9,287,99.7,7.0,20,3,2.4,0,303,302,14,0,60.3,1,5,91,99.0,11.0,10,3.3,0,98,97,6
Aaron Colvin,8749,CB,JAX,16,0,1,15,66.9,1,5,35,5.2,11.4,4,5,20.0,4,671,35,10,0,69.6,1,2,17,5.7,11.8,2,26.5,3,300,17,6
Keith McGill,8751,CB,OAK,6,0,0,23,60.0,0,0,1,5.3,0.0,0,1,0.0,0,19,1,0,0,60.0,0,0,1,11.1,0.0,0,0.0,0,9,1,0
Anthony Hitchens,8754,LB,DAL,15,0,0,9,74.6,3,4,25,9.9,28.0,7,0,22.0,2,282,28,9,0,66.6,2,1,12,12.2,16.7,2,20.8,1,115,14,4
Walt Aikens,8760,S,MIA,11,0,0,17,52.0,0,0,5,2.5,0.0,0,1,0.0,0,280,7,0,0,59.1,0,0,1,0.8,0.0,0,0.0,0,128,1,0
Tre Boston,8763,S,CAR,15,0,0,5,83.4,0,0,4,2.3,0.0,0,1,25.0,1,221,5,1,0,88.5,0,0,3,2.4,0.0,0,33.3,1,127,3,1
Dontae Johnson,8764,CB,SF,12,0,0,28,59.5,0,3,12,5.5,16.7,2,0,12.5,0,253,14,3,0,62.3,0,3,10,8.7,20.0,2,15.0,0,126,11,3
Kevin Pierre-Louis,8767,LB,SEA,8,0,0,29,71.7,1,1,6,11.9,16.7,1,0,16.7,0,59,7,2,0,77.5,1,1,3,16.7,33.3,1,33.3,0,24,4,2
Nevin Lawson,8768,CB,DET,11,0,2,11,54.0,0,0,2,0.6,0.0,0,6,0.0,0,358,2,0,0,54.0,0,0,2,1.1,0.0,0,0.0,0,177,2,0
Brent Urban,8769,DI,BLT,6,0,0,3,55.2,0,3,39,100.0,7.7,3,0,6.4,1,43,43,4,0,55.8,0,2,15,100.0,6.7,1,6.7,0,16,16,2
Taylor Hart,8776,DI,PHI,14,0,0,24,47.0,1,2,138,100.0,2.9,4,0,1.1,0,149,149,3,0,50.3,1,2,53,100.0,5.7,3,2.8,0,56,56,3
Telvin Smith Sr.,8779,LB,JAX,14,2,0,15,90.7,0,8,44,8.2,25.0,11,3,15.9,3,619,51,11,1,92.2,0,4,28,11.8,25.0,7,14.3,2,280,33,6
Ricardo Allen,8782,S,ATL,15,0,0,2,76.8,0,1,1,0.4,200.0,2,2,150.0,1,499,2,2,0,55.5,0,0,1,0.8,0.0,0,0.0,0,249,2,0
Bene Benwikere,8783,CB,CAR,13,0,0,5,93.4,0,5,22,3.8,18.2,4,3,15.9,1,574,22,6,0,72.3,0,4,14,4.3,21.4,3,14.3,0,326,14,4
Aaron Lynch,8785,ED,SF,14,0,0,28,70.3,13,42,346,77.4,17.6,61,2,10.0,7,474,367,62,0,74.7,9,21,169,87.9,20.7,35,11.8,5,206,181,35
Avery Williamson,8786,LB,TEN,15,0,0,31,58.2,2,9,135,26.9,9.6,13,0,7.0,4,520,140,15,0,60.3,0,5,74,35.3,10.8,8,7.4,3,224,79,8
Caraun Reid,8793,DI,DET,14,0,0,11,52.0,3,13,288,99.0,5.9,17,0,3.5,2,307,304,18,0,59.2,1,7,115,98.4,10.4,12,5.2,2,127,125,10
Chris Smith,8794,ED,JAX,6,1,0,15,58.6,2,6,86,99.0,11.6,10,1,5.8,1,97,96,9,0,56.4,1,3,52,98.2,9.6,5,3.8,0,56,55,4
Ed Stinson,8795,DI,ARZ,17,0,0,1,46.9,2,7,264,100.0,4.2,11,0,2.5,2,290,290,11,0,48.6,1,4,113,100.0,6.2,7,4.0,2,126,126,7
Ryan Carrethers,8800,DI,SD,14,0,0,27,59.6,1,3,87,100.0,5.7,5,0,2.3,0,94,94,4,0,66.2,1,1,13,100.0,15.4,2,7.7,0,14,14,2
Jonathan Newsome,8801,ED,IND,13,0,0,14,52.8,1,6,123,69.2,6.5,8,3,3.7,1,195,135,8,0,57.8,1,4,48,71.1,10.4,5,7.3,1,76,54,6
Jordan Tripp,8806,LB,JAX,3,0,0,15,55.3,0,0,2,3.6,0.0,0,0,0.0,0,56,2,0,0,59.4,0,0,1,3.8,0.0,0,0.0,0,26,1,0
Devon Kennard,8809,LB,NYG,9,1,0,21,55.7,5,5,79,30.1,7.6,6,1,6.3,0,276,83,10,1,53.9,2,1,41,38.4,7.3,3,3.7,0,112,43,3
Jeoffrey Pagan,8812,ED,HST,5,0,0,13,52.9,0,1,26,100.0,3.8,1,0,1.9,0,28,28,1,0,51.5,0,0,10,100.0,0.0,0,0.0,0,11,11,0
Kenneth Acker,8815,CB,SF,14,0,0,28,54.0,0,0,2,0.6,0.0,0,2,0.0,0,465,3,0,0,58.6,0,0,1,0.5,0.0,0,0.0,0,205,1,0
Antone Exum Jr.,8817,S,MIN,3,0,0,18,60.0,0,0,1,1.3,0.0,0,2,0.0,0,77,1,0,0,,0,0,0,0.0,,0,,0,30,0,0
Zach Moore,8833,ED,MIN,1,0,0,18,53.3,0,0,6,100.0,0.0,0,0,0.0,0,6,6,0,0,54.0,0,0,5,100.0,0.0,0,0.0,0,5,5,0
IK Enemkpali,8844,ED,BUF,11,0,0,4,48.2,0,0,65,87.7,1.5,1,0,0.0,0,81,71,0,0,50.3,0,0,22,92.3,0.0,0,0.0,0,26,24,0
Dan McCullers,8849,DI,PIT,11,0,0,25,59.9,0,4,59,98.4,6.8,4,0,3.4,0,62,61,4,0,67.3,0,3,20,100.0,15.0,3,7.5,0,20,20,3
Andre Hal,8850,S,HST,15,0,0,13,55.3,0,1,3,0.6,0.0,0,1,16.7,0,502,3,1,0,59.1,0,0,1,0.5,0.0,0,0.0,0,202,1,0
T.J. Carrie,8853,CB,OAK,15,0,1,23,50.0,0,2,6,1.0,0.0,0,8,16.7,0,630,6,2,0,54.5,0,2,3,1.1,0.0,0,33.3,0,279,3,2
Shamar Stephen,8854,DI,MIN,5,0,0,18,51.9,0,0,24,100.0,0.0,0,0,0.0,0,24,24,0,0,54.6,0,0,7,100.0,0.0,0,0.0,0,7,7,0
Randell Johnson,8855,LB,BUF,1,0,0,4,60.0,0,0,1,20.0,0.0,0,0,0.0,0,5,1,0,0,,0,0,0,,,0,,0,0,0,0
Beau Allen,8858,DI,PHI,16,1,0,24,59.2,0,6,149,100.0,4.7,7,0,2.0,0,159,159,6,1,66.6,0,5,65,100.0,7.7,5,3.8,0,67,67,5
Trevor Reilly,8867,ED,NYJ,9,0,0,22,52.8,1,1,55,96.7,3.6,2,0,3.6,1,61,59,3,0,57.7,1,0,29,97.0,6.9,2,5.2,1,33,32,2
Terrence Fede,8868,ED,MIA,13,0,1,17,53.6,1,4,98,99.1,6.1,6,2,2.6,0,106,105,5,0,55.2,1,0,29,100.0,6.9,2,1.7,0,33,33,1
Shelby Harris,8869,DI,OAK,7,0,0,23,63.6,1,9,83,100.0,15.7,13,0,7.2,1,89,89,11,0,72.8,1,5,28,100.0,28.6,8,10.7,0,30,30,6
Jeff Janis,8870,WR,GB,1,0,1,12,60.0,0,0,1,100.0,0.0,0,2,0.0,0,1,1,0,0,60.0,0,0,1,100.0,0.0,0,0.0,0,1,1,0
Corey Nelson,8876,LB,DEN,11,0,0,10,61.0,0,0,5,15.4,20.0,1,1,20.0,1,39,6,1,0,64.2,0,0,3,21.1,33.3,1,33.3,1,19,4,1
Ken Bishop,8885,DI,DAL,2,0,0,9,53.3,0,0,13,100.0,0.0,0,0,0.0,0,15,15,0,0,56.4,0,0,3,100.0,0.0,0,0.0,0,4,4,0
Terrance Mitchell,8888,CB,DAL,5,0,0,9,66.6,0,1,6,7.7,16.7,1,0,25.0,1,78,6,2,0,71.8,0,0,4,9.8,25.0,1,25.0,1,41,4,1
Lonnie Ballentine,8890,CB,HST,1,0,0,13,52.4,0,0,3,17.4,0.0,0,0,0.0,0,23,4,0,0,55.0,0,0,2,20.0,0.0,0,0.0,0,10,2,0
Howard Jones,8909,ED,TB,12,0,0,30,53.7,2,14,261,98.2,8.4,22,3,5.4,6,280,275,22,0,56.9,1,10,140,98.0,14.3,20,7.5,5,152,149,16
Dewey McDonald,8913,S,OAK,1,0,0,23,,1,0,1,100.0,100.0,1,0,50.0,0,1,1,1,0,,0,0,0,,,0,,0,0,0,0
Davon Coleman,8917,DI,DAL,2,0,0,9,54.6,0,1,25,100.0,4.0,1,0,2.0,0,29,29,1,0,51.9,0,0,10,100.0,0.0,0,0.0,0,14,14,0
Max Bullough,8919,LB,HST,7,0,0,13,47.1,0,0,12,16.4,0.0,0,0,0.0,0,73,12,0,0,50.9,0,0,6,17.6,0.0,0,0.0,0,34,6,0
Brock Coyle,8929,LB,SEA,2,0,0,29,53.7,0,1,4,30.8,0.0,0,0,12.5,0,13,4,1,0,,0,0,0,0.0,,0,,0,4,0,0
Kerry Wynn,8938,ED,NYG,15,1,0,21,45.5,3,10,295,97.2,4.4,13,0,2.2,0,322,313,13,0,48.7,1,3,105,97.5,4.8,5,1.9,0,120,117,4
Jamie Meder,8940,DI,CLV,16,0,0,8,71.3,4,12,157,99.4,11.5,18,0,5.7,1,167,166,17,0,80.1,3,7,47,100.0,25.5,12,12.8,1,50,50,11
Ethan Westbrooks,8976,ED,SL,13,0,0,26,58.5,2,9,156,99.4,8.3,13,2,4.8,2,166,165,13,0,65.4,0,6,54,100.0,14.8,8,7.4,1,57,57,7
Denico Autry,8982,DI,OAK,14,3,0,23,60.0,5,27,423,99.3,8.7,37,4,4.5,3,460,457,35,1,60.4,2,18,206,100.0,12.1,25,5.8,2,223,223,22
Nikita Whitlock,8994,FB,NYG,11,0,0,21,82.6,3,4,52,98.3,17.3,9,0,8.7,1,59,58,8,0,80.6,2,4,38,100.0,21.1,8,10.5,1,44,44,7
Shaquil Barrett,9000,ED,DEN,19,1,0,10,71.3,6,17,227,74.3,12.3,28,0,7.7,6,339,252,29,0,80.3,5,14,109,75.6,22.0,24,13.3,5,168,127,24
Josh Mauro,9003,ED,ARZ,16,1,0,1,50.2,1,5,142,98.7,2.1,3,2,2.8,1,153,151,7,0,53.6,0,2,49,100.0,4.1,2,4.1,1,53,53,3
Todd Davis,9007,LB,DEN,11,0,0,10,61.3,0,2,5,9.4,20.0,1,0,20.0,0,53,5,2,0,65.1,0,0,3,17.6,33.3,1,0.0,0,17,3,0
Kasim Edebali,9011,ED,NO,16,2,0,20,51.8,1,14,263,95.0,6.8,18,0,4.8,5,301,286,20,1,53.4,0,12,155,99.4,9.7,15,6.5,4,175,174,16
Christian Jones,9020,LB,CHI,15,0,0,6,68.0,5,4,43,10.2,16.3,7,1,12.8,1,440,45,10,0,73.3,4,2,19,10.8,10.5,2,15.8,0,186,20,6
Robert Thomas,9022,DI,MIA,1,0,0,17,62.3,0,1,10,100.0,10.0,1,0,5.0,0,11,11,1,0,56.5,0,0,2,100.0,0.0,0,0.0,0,3,3,0
Malcolm Butler,9040,CB,NE,18,0,2,19,60.0,0,0,1,0.1,0.0,0,6,0.0,0,798,1,0,0,60.0,0,0,1,0.3,0.0,0,0.0,0,337,1,0
Dion Bailey,9042,S,NYJ,5,0,0,22,68.3,0,0,6,5.6,16.7,1,0,16.7,1,107,6,1,0,56.8,0,0,2,5.4,0.0,0,0.0,0,37,2,0
Chris McCain,9063,LB,MIA,7,0,0,17,66.8,0,1,23,81.8,13.0,3,0,6.5,1,33,27,2,0,54.8,0,1,10,92.3,10.0,1,5.0,0,13,12,1
Kenny Anunike,9082,ED,DEN,1,0,0,10,60.0,0,0,1,100.0,0.0,0,0,0.0,0,1,1,0,0,,0,0,0,,,0,,0,0,0,0
Marcus Williams,9115,CB,NYJ,13,0,0,22,58.1,0,1,10,4.9,0.0,0,1,25.0,2,204,10,3,0,62.6,0,0,6,5.7,0.0,0,33.3,2,106,6,2
Tyler Patmon,9135,CB,MIA,10,0,0,17,55.6,1,1,14,6.2,0.0,0,2,7.1,0,225,14,2,0,62.1,1,0,7,5.3,0.0,0,7.1,0,131,7,1
Jackson Jeffcoat,9139,ED,WAS,5,0,0,32,48.4,0,0,24,96.0,0.0,0,0,0.0,0,25,24,0,0,50.4,0,0,9,100.0,0.0,0,0.0,0,9,9,0
DeAndre Coleman,9157,DI,MIA,4,0,0,17,53.6,0,0,28,94.1,0.0,0,1,0.0,0,34,32,0,0,53.8,0,0,6,100.0,0.0,0,0.0,0,6,6,0
Adrian Phillips,9177,S,SD,9,0,0,27,54.8,0,0,3,2.3,0.0,0,0,0.0,0,131,3,0,0,56.4,0,0,2,3.4,0.0,0,0.0,0,58,2,0
Bruce Gaston,9186,DI,CHI,9,0,0,6,65.5,4,8,106,99.1,11.3,12,1,6.6,1,113,112,13,0,68.2,2,4,50,98.1,16.0,8,8.0,1,53,52,7
Zach Kerr,9195,DI,IND,12,2,0,14,68.5,3,12,138,99.3,10.9,15,0,5.4,0,152,151,15,1,73.0,1,7,47,100.0,19.1,9,8.5,0,51,51,8
Dashaun Phillips,9198,CB,WAS,1,0,0,32,60.0,0,0,1,11.1,0.0,0,0,0.0,0,9,1,0,0,60.0,0,0,1,25.0,0.0,0,0.0,0,4,1,0
Carlos Fields,9200,LB,WAS,1,0,1,32,60.0,0,0,0,5.6,,0,1,,0,18,1,0,0,60.0,0,0,0,10.0,,0,,0,10,1,0
Daniel Sorensen,9253,S,KC,11,0,0,16,67.9,1,0,12,7.0,8.3,1,1,12.5,1,201,14,2,0,69.1,1,0,11,9.7,9.1,1,13.6,1,134,13,2
Brandon Dunn,9262,DI,HST,13,0,0,13,52.5,0,3,58,100.0,3.4,2,1,2.6,0,63,63,3,0,50.3,0,2,16,100.0,12.5,2,6.3,0,18,18,2
Joe Thomas,9272,LB,GB,16,0,1,12,59.0,4,4,60,22.6,15.0,9,1,8.3,1,279,63,9,0,60.0,3,4,49,24.8,18.4,9,9.2,1,206,51,8
Mike Pennel,9316,DI,GB,18,0,0,12,71.0,3,10,128,99.3,12.5,16,2,5.9,1,136,135,14,0,72.0,3,3,41,100.0,14.6,6,7.3,0,44,44,6
Shayne Skov,9317,LB,SF,2,0,0,28,58.7,0,0,1,50.0,0.0,0,0,0.0,0,2,1,0,0,,0,0,0,0.0,,0,,0,1,0,0
Zachary Orr,9326,LB,BLT,13,1,0,3,73.9,1,4,18,15.7,27.8,5,0,19.4,1,121,19,6,0,55.7,1,3,10,16.7,30.0,3,20.0,0,60,10,4
K'Waun Williams,9332,CB,CLV,13,0,1,8,93.2,0,3,19,5.4,15.8,3,4,18.4,2,352,19,5,0,95.1,0,2,12,7.9,25.0,3,25.0,2,151,12,4
Jayrone Elliott,9336,ED,GB,12,1,0,12,57.4,3,4,86,92.9,10.5,9,2,7.6,3,98,91,10,1,63.6,1,2,38,93.0,10.5,4,9.2,2,43,40,5
T.J. Fatinikun,9412,ED,TB,2,0,0,30,47.6,0,0,22,100.0,0.0,0,0,0.0,0,23,23,0,0,48.3,0,0,12,100.0,0.0,0,0.0,0,12,12,0
Leonard Williams,9439,DI,NYJ,16,0,1,22,65.8,19,29,476,99.6,11.1,53,3,5.9,4,501,499,52,0,64.0,9,15,194,99.5,15.5,30,7.7,3,208,207,27
Vic Beasley Jr.,9441,ED,ATL,16,2,1,2,70.6,5,33,360,96.5,15.0,54,5,6.4,4,402,388,42,1,79.5,5,27,215,97.0,20.0,43,9.3,4,235,228,36
Danny Shelton,9445,DI,CLV,16,0,0,8,56.1,0,8,213,99.6,5.2,11,2,1.9,0,231,230,8,0,62.4,0,5,65,100.0,12.3,8,3.8,0,73,73,5
Kevin Johnson,9449,CB,HST,17,0,2,13,59.1,0,0,1,0.2,0.0,0,6,0.0,0,570,1,0,0,59.1,0,0,1,0.4,0.0,0,0.0,0,228,1,0
Arik Armstead,9450,DI,SF,16,0,0,28,70.3,6,29,240,100.0,15.4,37,1,8.1,2,254,254,37,0,75.3,5,22,131,100.0,20.6,27,11.8,2,141,141,29
Bud Dupree,9455,ED,PIT,18,1,0,25,49.3,3,17,330,82.9,5.8,19,4,4.2,4,415,344,24,0,56.9,1,12,133,84.5,10.5,14,7.9,4,168,142,17
Shane Ray,9456,ED,DEN,17,0,0,10,58.8,5,16,211,91.2,10.4,22,1,6.9,4,251,229,25,0,64.6,2,10,106,94.5,14.2,15,9.4,4,127,120,16
Shaq Thompson,9458,LB,CAR,17,0,0,5,61.0,1,2,29,12.1,13.8,4,2,8.6,1,265,32,4,0,47.7,0,0,9,7.9,0.0,0,0.0,0,114,9,0
Byron Jones,9460,CB,DAL,16,0,1,9,62.5,0,2,4,0.8,25.0,1,5,25.0,0,512,4,2,0,67.5,0,2,2,0.8,50.0,1,50.0,0,236,2,2
Damarious Randall,9463,CB,GB,17,0,1,12,39.0,0,2,6,1.0,16.7,1,4,16.7,0,593,6,2,0,52.5,0,1,4,1.2,25.0,1,12.5,0,327,4,1
Stephone Anthony,9464,LB,NO,16,0,0,20,47.0,2,4,51,9.4,7.8,4,1,7.8,1,593,56,7,0,48.5,0,1,31,13.9,6.5,2,4.8,1,244,34,2
Malcom Brown,9465,DI,NE,18,0,0,19,58.8,1,14,305,100.0,6.6,20,0,3.4,3,319,319,18,0,56.2,1,5,99,100.0,7.1,7,4.0,1,101,101,7
Landon Collins,9466,S,NYG,16,0,0,21,70.4,2,8,27,4.3,18.5,5,3,18.5,0,676,29,10,0,69.3,1,2,6,2.7,16.7,1,25.0,0,299,8,3
Mario Edwards Jr.,9468,DI,OAK,14,3,0,23,61.9,2,25,350,95.5,10.0,35,2,4.7,3,403,385,30,2,67.3,2,15,140,95.7,14.3,20,6.8,1,164,157,18
Preston Smith,9471,ED,WAS,17,2,0,32,65.4,2,27,338,95.0,10.1,34,0,7.0,9,380,361,38,0,70.5,0,21,169,97.8,14.8,25,9.2,5,185,181,26
Eddie Goldman,9472,DI,CHI,15,0,0,6,68.1,2,18,254,99.6,11.0,28,0,6.3,6,272,271,26,0,73.2,0,12,93,100.0,20.4,19,11.8,5,106,106,17
Benardrick McKinney,9476,LB,HST,14,0,0,13,59.2,1,3,26,11.8,3.8,1,0,11.5,1,221,26,5,0,60.9,0,0,7,11.9,0.0,0,14.3,1,59,7,1
Hau'oli Kikaha,9477,LB,NO,15,1,1,20,55.4,1,21,257,70.4,10.5,27,4,5.8,4,399,281,26,0,55.4,0,11,141,82.0,12.1,17,6.7,4,189,155,15
Eric Kendricks,9478,LB,MIN,15,0,0,18,69.2,5,5,47,9.8,14.9,7,0,19.1,4,529,52,14,0,78.0,5,1,17,8.4,35.3,6,29.4,2,239,20,8
Jaquiski Tartt,9479,S,SF,15,0,0,28,86.2,0,2,14,4.2,21.4,3,1,21.4,2,409,17,4,0,87.2,0,1,6,3.1,33.3,2,25.0,1,193,6,2
Denzel Perryman,9481,LB,SD,13,0,0,27,67.9,1,3,22,11.1,4.5,1,1,18.2,2,216,24,6,0,60.0,0,1,7,12.1,0.0,0,7.1,0,66,8,1
Nate Orchard,9484,ED,CLV,15,3,0,8,62.4,1,6,140,63.9,7.9,11,1,4.6,3,233,149,10,0,52.4,0,2,41,65.7,7.3,3,4.9,1,70,46,3
Jordan Phillips,9485,DI,MIA,15,4,0,17,60.6,1,5,205,95.6,4.4,9,2,2.4,2,229,219,8,2,62.5,1,3,69,100.0,7.2,5,2.9,0,74,74,4
Markus Golden,9491,ED,ARZ,17,0,0,1,70.2,10,39,381,89.1,13.1,50,1,8.5,8,458,408,57,0,71.1,8,25,197,93.4,17.8,35,10.9,5,229,214,38
Randy Gregory,9493,ED,DAL,12,0,0,9,65.3,6,15,140,96.2,13.6,19,0,7.5,0,158,152,21,0,72.2,4,13,74,94.2,20.3,15,11.5,0,86,81,17
Quinten Rollins,9495,CB,GB,14,0,0,12,90.2,0,3,6,2.3,50.0,3,0,41.7,1,264,6,4,0,90.8,0,3,5,3.2,60.0,3,50.0,1,157,5,4
Frank Clark,9496,ED,SEA,17,3,0,29,66.1,4,18,239,96.2,13.4,32,1,6.3,4,263,253,26,2,67.0,3,13,113,97.6,17.7,20,8.8,2,127,124,18
Jordan Richards,9497,S,NE,13,0,0,19,60.0,0,0,1,0.5,0.0,0,0,0.0,0,182,1,0,0,60.0,0,0,1,1.5,0.0,0,0.0,0,66,1,0
D'Joun Smith,9498,CB,IND,3,0,0,14,57.7,0,0,1,5.9,0.0,0,0,0.0,0,17,1,0,0,57.7,0,0,1,14.3,0.0,0,0.0,0,7,1,0
Owa Odighizuwa,9507,ED,NYG,4,0,0,21,43.7,0,4,68,100.0,5.9,4,0,2.9,0,73,73,4,0,41.2,0,3,30,100.0,10.0,3,5.0,0,32,32,3
Eli Harold,9512,ED,SF,16,0,0,28,60.2,4,10,121,78.7,12.4,15,3,5.8,0,164,129,14,0,61.8,1,7,62,91.9,14.5,9,6.5,0,74,68,8
Lorenzo Mauldin,9515,ED,NYJ,14,0,0,22,60.7,7,16,203,94.6,13.8,28,1,8.1,5,224,212,28,0,66.6,7,13,123,97.0,19.5,24,11.4,4,132,128,24
Jordan Hicks,9517,LB,PHI,7,0,0,24,65.4,0,5,33,13.7,12.1,4,0,10.6,1,285,39,6,0,73.8,0,5,21,15.2,19.0,4,16.7,1,164,25,6
Danielle Hunter,9521,ED,MIN,15,0,0,18,64.3,6,26,267,95.9,14.6,39,1,7.9,5,293,281,37,0,72.3,4,17,134,96.0,20.1,27,11.6,5,149,143,26
Carl Davis,9523,DI,BLT,12,2,0,3,60.0,0,3,103,100.0,3.9,4,0,1.5,0,116,116,3,1,57.4,0,0,26,100.0,0.0,0,0.0,0,32,32,0
Henry Anderson,9526,DI,IND,9,2,0,14,61.3,3,18,238,100.0,9.7,23,0,4.8,1,255,255,22,0,62.9,2,8,93,100.0,12.9,12,5.4,0,100,100,10
Xavier Cooper,9529,DI,CLV,14,0,2,8,50.4,0,7,174,99.5,5.2,9,2,3.2,2,187,186,9,0,52.2,0,3,54,100.0,7.4,4,4.6,1,60,60,4
Geneo Grissom,9530,DI,NE,9,1,0,19,51.3,1,6,93,97.0,8.6,8,0,4.8,1,100,97,8,0,54.7,1,2,45,98.0,11.1,5,5.6,1,49,48,4
Steven Nelson,9531,CB,KC,6,0,0,16,46.3,0,1,6,15.6,0.0,0,1,8.3,0,45,7,1,0,49.6,0,0,3,13.3,0.0,0,0.0,0,30,4,0
Paul Dawson,9532,LB,CIN,6,0,0,7,90.4,0,1,3,9.7,33.3,1,0,16.7,0,31,3,1,0,,0,0,0,0.0,,0,,0,16,0,0
Angelo Blackson,9533,DI,TEN,16,0,0,31,55.6,0,2,110,97.5,3.6,4,2,3.6,3,118,115,5,0,56.9,0,2,37,95.1,5.4,2,5.4,1,41,39,3
Trey Flowers,9534,ED,NE,1,0,0,19,54.8,0,0,4,100.0,0.0,0,0,0.0,0,4,4,0,0,57.9,0,0,2,100.0,0.0,0,0.0,0,2,2,0
James Sample,9537,S,JAX,4,0,0,15,55.6,0,1,2,2.4,0.0,0,3,25.0,0,83,2,1,0,59.1,0,0,1,2.9,0.0,0,0.0,0,34,1,0
Clayton Geathers,9542,S,IND,14,2,0,14,81.8,1,5,23,11.2,17.4,4,1,13.0,0,215,24,6,1,88.9,1,4,14,12.2,28.6,4,17.9,0,115,14,5
Gabe Wright,9546,DI,DET,7,0,0,11,55.9,0,2,75,100.0,2.7,2,0,1.3,0,77,77,2,0,59.3,0,1,25,100.0,4.0,1,2.0,0,26,26,1
Ibraheim Campbell,9548,S,CLV,4,0,0,8,53.9,0,0,3,6.7,0.0,0,0,0.0,0,45,3,0,0,54.5,0,0,2,15.4,0.0,0,0.0,0,13,2,0
Rodney Gunter,9549,DI,ARZ,18,0,0,1,66.5,3,16,223,99.6,9.0,20,2,4.7,1,246,245,20,0,65.0,2,6,68,100.0,11.8,8,7.4,1,77,77,9
Ramik Wilson,9551,LB,KC,3,0,0,16,69.1,0,1,3,5.8,33.3,1,0,16.7,0,52,3,1,0,59.6,0,0,1,6.3,0.0,0,0.0,0,16,1,0
Josh Shaw,9553,CB,CIN,8,0,0,7,60.0,0,0,1,1.1,0.0,0,0,0.0,0,90,1,0,0,60.0,0,0,1,2.0,0.0,0,0.0,0,49,1,0
Za'Darius Smith,9555,ED,BLT,15,2,0,3,56.9,2,9,233,91.9,8.6,20,1,4.9,6,270,248,17,1,63.1,1,7,115,98.4,12.2,14,6.1,3,124,122,11
Kwon Alexander,9557,LB,TB,12,1,0,30,86.2,1,7,44,9.6,18.2,8,1,20.5,5,490,47,13,1,90.0,0,5,23,11.8,17.4,4,28.3,4,221,26,9
Damien Wilson,9560,LB,DAL,2,0,0,9,61.8,0,2,5,35.3,0.0,0,0,20.0,0,17,6,2,0,54.8,0,1,3,60.0,0.0,0,16.7,0,5,3,1
Jake Ryan,9562,LB,GB,10,0,0,12,45.7,0,1,15,9.0,0.0,0,0,3.3,0,166,15,1,0,49.5,0,0,6,10.9,0.0,0,0.0,0,55,6,0
Grady Jarrett,9570,DI,ATL,15,0,0,2,64.5,1,7,137,96.0,8.8,12,0,3.6,1,150,144,9,0,64.8,1,3,46,100.0,10.9,5,6.5,1,48,48,5
Ben Heeney,9573,LB,OAK,10,0,0,23,81.8,0,3,24,12.2,20.8,5,0,18.8,3,221,27,6,0,78.7,0,0,9,11.0,22.2,2,33.3,3,91,10,3
Adrian Amos,9575,S,CHI,16,0,0,6,71.9,0,1,10,1.6,10.0,1,1,15.0,1,619,10,2,0,78.1,0,1,4,1.5,25.0,1,37.5,1,271,4,2
David Parry,9584,DI,IND,16,0,0,14,55.4,2,10,286,99.4,5.2,15,0,2.4,1,308,306,13,0,58.4,1,5,84,98.9,6.0,5,4.8,1,88,87,7
Kyle Emanuel,9586,ED,SD,15,0,1,27,49.3,1,13,129,83.0,7.0,9,1,6.2,1,171,142,15,0,49.7,1,5,55,93.5,7.3,4,7.3,1,62,58,7
Tyeler Davison,9587,DI,NO,16,0,0,20,58.7,3,13,302,96.2,7.0,21,1,3.3,2,343,330,18,0,58.4,1,9,142,100.0,7.7,11,3.5,0,160,160,10
Neiron Ball,9594,LB,OAK,5,0,0,23,55.0,0,1,17,30.9,5.9,1,0,8.8,1,55,17,2,0,59.6,0,0,10,38.5,10.0,1,10.0,1,26,10,1
Ryan Russell,9596,ED,DAL,1,0,0,9,59.4,0,0,18,100.0,5.6,1,0,0.0,0,20,20,0,0,59.8,0,0,6,100.0,0.0,0,0.0,0,8,8,0
Damian Swann,9600,CB,NO,7,0,0,20,51.4,1,0,3,3.1,0.0,0,2,16.7,0,163,5,1,0,54.0,1,0,1,3.6,0.0,0,50.0,0,84,3,1
Deiontrez Mount,9610,ED,TEN,4,0,0,31,67.6,0,6,26,90.9,26.9,7,0,11.5,0,33,30,6,0,69.3,0,4,11,86.7,45.5,5,18.2,0,15,13,4
Michael Bennett,9613,DI,JAX,13,0,0,15,57.2,1,1,118,99.2,5.9,7,2,1.7,1,132,131,3,0,47.4,0,0,39,100.0,2.6,1,0.0,0,41,41,0
Kyshoen Jarrett,9614,S,WAS,16,0,1,32,43.7,0,2,19,4.8,0.0,0,2,5.3,0,417,20,2,0,49.6,0,0,7,3.5,0.0,0,0.0,0,201,7,0
Tony Steward,9621,LB,BUF,3,0,0,4,59.0,0,0,1,25.0,0.0,0,0,0.0,0,4,1,0,0,59.0,0,0,1,33.3,0.0,0,0.0,0,3,1,0
Charles Gaines,9622,CB,CLV,6,0,0,8,55.0,0,0,2,1.3,0.0,0,1,0.0,0,159,2,0,0,59.0,0,0,1,1.9,0.0,0,0.0,0,52,1,0
Darius Philon,9625,DI,SD,8,1,0,27,58.7,2,3,79,100.0,5.1,4,0,4.4,1,85,85,6,0,59.2,0,2,32,100.0,6.3,2,6.3,1,33,33,3
Derron Smith,9630,S,CIN,4,0,0,7,58.7,0,0,1,6.7,0.0,0,0,0.0,0,15,1,0,0,58.7,0,0,1,9.1,0.0,0,0.0,0,11,1,0
L.T. Walton,9632,ED,PIT,6,0,0,25,53.2,0,0,14,100.0,0.0,0,0,0.0,0,16,16,0,0,55.2,0,0,3,100.0,0.0,0,0.0,0,4,4,0
Quandre Diggs,9633,CB,DET,15,0,2,11,51.1,0,3,19,6.0,0.0,0,5,7.9,0,335,20,3,0,64.7,0,1,5,2.8,0.0,0,10.0,0,177,5,1
Darius Kilgo,9636,DI,DEN,9,1,0,10,53.1,0,2,46,97.9,2.2,1,1,2.2,0,48,47,2,1,56.1,0,2,25,96.3,4.0,1,4.0,0,27,26,2
Aaron Ripkowski,9639,FB,GB,1,0,0,12,60.0,0,0,1,100.0,0.0,0,0,0.0,0,1,1,0,0,60.0,0,0,1,100.0,0.0,0,0.0,0,1,1,0
Obum Gwacham,9642,ED,NO,8,0,0,20,50.6,1,3,84,100.0,6.0,5,0,6.0,3,90,90,7,0,51.6,1,2,43,100.0,7.0,3,5.8,1,47,47,4
Anthony Chickillo,9645,ED,PIT,1,0,1,25,51.4,0,0,13,72.2,0.0,0,2,0.0,0,18,13,0,0,54.8,0,0,3,75.0,0.0,0,0.0,0,4,3,0
Christian Covington,9649,DI,HST,14,0,0,13,57.0,3,6,104,100.0,10.6,11,0,6.3,2,111,111,11,0,62.6,2,6,48,100.0,20.8,10,12.5,2,50,50,10
Rakeem Nunez-Roches,9650,DI,KC,4,0,0,16,52.4,0,0,12,100.0,0.0,0,0,0.0,0,12,12,0,0,55.3,0,0,5,100.0,0.0,0,0.0,0,5,5,0
Hayes Pullard,9652,LB,JAX,3,0,0,15,61.0,1,1,7,8.8,14.3,1,0,14.3,0,80,7,2,0,,0,0,0,0.0,,0,,0,26,0,0
Edmond Robinson,9665,LB,MIN,3,0,0,18,56.3,0,0,2,10.5,0.0,0,0,0.0,0,19,2,0,0,59.0,0,0,1,11.1,0.0,0,0.0,0,9,1,0
A.J. Tarpley,9738,LB,BUF,7,0,0,4,63.3,1,0,6,14.3,16.7,1,0,8.3,0,42,6,1,0,72.7,1,0,2,13.3,50.0,1,25.0,0,15,2,1
Joey Mbu,9772,DI,ATL,2,0,0,2,61.5,0,2,26,100.0,7.7,2,0,3.8,0,27,27,2,0,61.7,0,1,12,100.0,8.3,1,4.2,0,12,12,1
Robenson Therezie,9776,S,ATL,12,0,1,2,52.7,0,0,3,2.0,0.0,0,1,0.0,0,205,4,0,0,55.1,0,0,2,1.9,0.0,0,0.0,0,105,2,0
Alani Fua,9798,LB,ARZ,6,0,0,1,51.5,2,0,14,45.5,7.1,1,0,7.1,0,33,15,2,0,54.7,1,0,9,50.0,0.0,0,5.6,0,20,10,1
Xavier Williams,9809,DI,ARZ,4,0,0,1,64.4,1,2,32,97.1,9.4,3,1,4.7,0,34,33,3,0,72.1,1,2,9,100.0,33.3,3,16.7,0,9,9,3
Zach Vigil,9824,LB,MIA,10,0,0,17,75.2,0,1,6,9.7,33.3,2,0,8.3,0,62,6,1,0,59.6,0,0,1,7.1,0.0,0,0.0,0,14,1,0
Thurston Armbrister,9825,LB,JAX,9,0,0,15,51.9,1,1,17,17.5,17.6,3,0,5.9,0,97,17,2,0,49.7,0,0,8,28.6,12.5,1,0.0,0,28,8,0
Neville Hewitt,9836,LB,MIA,11,0,0,17,54.7,1,3,11,6.5,9.1,1,0,18.2,0,199,13,4,0,50.0,0,2,4,6.0,0.0,0,25.0,0,83,5,2
Justin Coleman,9892,CB,NE,11,0,0,19,73.9,1,1,2,0.7,50.0,1,4,50.0,0,306,2,2,0,57.7,0,1,1,0.7,0.0,0,50.0,0,140,1,1
Anthony Harris,9895,S,MIN,3,0,0,18,60.0,0,0,1,1.1,0.0,0,0,0.0,0,94,1,0,0,,0,0,0,0.0,,0,,0,53,0,0
Matt Longacre,9910,ED,SL,5,0,0,26,61.5,2,5,68,100.0,11.8,8,0,5.1,0,73,73,7,0,58.9,0,3,21,100.0,19.0,4,7.1,0,23,23,3
Alonzo Harris,9926,HB,GB,1,0,0,12,60.0,0,0,1,100.0,0.0,0,0,0.0,0,1,1,0,0,60.0,0,0,1,100.0,0.0,0,0.0,0,1,1,0
Ryan Delaire,9939,ED,CAR,10,0,0,5,60.7,5,12,166,97.7,12.7,21,0,6.9,3,175,171,20,0,61.9,2,11,95,98.0,15.8,15,8.9,2,101,99,15
Josh Keyes,9943,LB,TB,2,0,0,30,59.2,0,0,1,9.1,0.0,0,0,0.0,0,11,1,0,0,,0,0,0,0.0,,0,,0,2,0,0
Jordan Williams,9962,DI,MIA,1,0,0,17,57.5,0,0,3,100.0,0.0,0,0,0.0,0,3,3,0,0,60.0,0,0,1,100.0,0.0,0,0.0,0,1,1,0
Leon Orr,9984,DI,OAK,3,1,0,23,51.5,0,0,51,96.4,0.0,0,0,0.0,0,55,53,0,1,52.6,0,0,27,100.0,0.0,0,0.0,0,28,28,0
Josh Shirley,9986,ED,TB,5,0,0,30,53.3,0,2,27,96.7,11.1,3,0,3.7,0,30,29,2,0,58.0,0,1,16,94.4,12.5,2,3.1,0,18,17,1
Jonathan Anderson,9998,LB,CHI,11,0,0,6,52.6,2,2,15,7.3,20.0,3,0,13.3,0,219,16,4,0,47.0,1,0,9,9.3,0.0,0,5.6,0,108,10,1
Bryce Callahan,10000,CB,CHI,8,0,0,6,66.2,0,0,7,2.9,14.3,1,0,14.3,1,240,7,1,0,74.7,0,0,2,1.6,50.0,1,50.0,1,129,2,1
John Timu,10011,LB,CHI,3,0,0,6,52.2,0,1,4,4.7,25.0,1,0,12.5,0,86,4,1,0,56.0,0,0,2,5.7,0.0,0,0.0,0,35,2,0
Richard Ash,10047,DI,JAX,1,0,0,15,57.4,0,0,4,100.0,0.0,0,0,0.0,0,4,4,0,0,,0,0,0,,,0,,0,0,0,0
Harold Jones-Quartey,10055,S,CHI,5,0,0,6,67.3,1,0,4,2.3,25.0,1,0,12.5,0,175,4,1,0,,0,0,0,0.0,,0,,0,73,0,0
David Irving,10063,DI,DAL,12,0,0,9,64.4,2,8,103,100.0,13.6,14,0,5.8,1,112,112,11,0,65.2,2,4,47,100.0,19.1,9,8.5,1,52,52,7
Bobby Richardson,10091,ED,NO,15,0,0,20,50.6,0,9,284,99.0,2.8,8,6,1.9,1,309,306,10,0,58.0,0,4,96,100.0,5.2,5,3.1,1,107,107,5
Kaleb Eulls,10098,DI,NO,4,0,0,20,50.5,0,0,33,94.6,0.0,0,0,0.0,0,37,35,0,0,51.7,0,0,13,100.0,0.0,0,0.0,0,15,15,0
Tavaris Barnes,10099,ED,NO,11,0,0,20,51.2,2,1,52,100.0,1.9,1,0,2.9,0,57,57,3,0,53.8,1,0,15,100.0,0.0,0,3.3,0,17,17,1
Yannik Cudjoe-Virgil,10100,ED,TEN,2,0,0,31,61.9,0,1,6,75.0,16.7,1,0,8.3,0,8,6,1,0,65.9,0,1,3,75.0,33.3,1,16.7,0,4,3,1
Cody Riggs,10108,CB,TEN,8,0,0,31,56.8,0,0,1,0.8,0.0,0,1,0.0,0,123,1,0,0,56.8,0,0,1,1.8,0.0,0,0.0,0,56,1,0
J.R. Tavai,10111,ED,TEN,3,0,0,31,81.5,0,0,8,100.0,0.0,0,0,12.5,1,8,8,1,0,59.1,0,0,1,100.0,0.0,0,0.0,0,1,1,0
T.Y. McGill,10156,DI,IND,12,1,0,14,69.5,3,8,136,100.0,11.8,16,1,6.3,3,145,145,14,0,73.2,0,5,57,100.0,15.8,9,9.6,3,63,63,8
Houston Bates,10167,ED,WAS,3,0,0,32,50.7,0,0,19,100.0,0.0,0,0,0.0,0,20,20,0,0,51.5,0,0,8,100.0,0.0,0,0.0,0,9,9,0
Uani' Unga,10252,LB,NYG,10,0,0,21,47.0,1,1,41,13.5,4.9,2,0,2.4,0,303,41,2,0,47.5,0,1,20,14.1,10.0,2,2.5,0,142,20,1
