player,player_id,position,team_name,grades_coverage_defense,grades_defense,snap_counts_pass_play,rank,Year,index,player_name,year_signed,age,contract_length,value,average/year
Kevin Byard,10698,S,TEN,90.9,90.4,776,1.0,2021,590,Kevin Byard,2021,27,5,"$70,500,000",14100000
Jalen Ramsey,10639,CB,LA,85.8,84.4,808,5.0,2021,350,Jalen Ramsey,2021,26,5,"$100,000,000",20000000
Micah Hyde,7941,S,BUF,89.8,83.8,720,6.0,2021,998,Micah Hyde,2021,30,5,"$30,500,000",6100000
Kendall Fuller,10718,CB,WAS,78.7,81.5,658,8.0,2021,381,Kendall Fuller,2021,26,4,"$40,000,000",10000000
Darius Slay,7817,CB,PHI,84.5,81.0,615,9.0,2021,311,Darius Slay,2021,30,3,"$50,050,000",16683333
Marcus Williams,11797,S,NO,84.3,80.1,672,10.0,2021,176,Marcus Williams,2021,24,1,"$10,612,000",10612000
Adrian Phillips,9177,S,NE,84.5,80.0,538,11.0,2021,5,Adrian Phillips,2021,29,3,"$12,750,000",4250000
J.C. Jackson,42781,CB,NE,80.4,78.9,592,13.0,2021,104,J.C. Jackson,2021,25,1,"$3,384,000",3384000
Harrison Smith,7641,S,MIN,81.8,77.9,658,16.0,2021,101,Harrison Smith,2021,32,4,"$64,000,000",16000000
Jordan Poyer,8000,S,BUF,86.8,77.7,698,17.0,2021,370,Jordan Poyer,2021,29,2,"$19,500,000",9750000
Tavierre Thomas,66931,CB,HST,76.1,77.6,413,18.0,2021,234,Tavierre Thomas,2021,25,2,"$4,000,000",2000000
Marshon Lattimore,11766,CB,NO,76.4,77.3,640,19.0,2021,179,Marshon Lattimore,2021,25,5,"$97,603,000",19520600
Jayron Kearse,10878,S,DAL,75.5,75.9,674,22.0,2021,125,Jayron Kearse,2021,27,1,"$1,127,500",1127500
Chidobe Awuzie,11815,CB,CIN,74.5,75.5,703,23.0,2021,44,Chidobe Awuzie,2021,25,3,"$21,750,000",7250000
Devin McCourty,5552,S,NE,74.7,75.5,626,23.0,2021,325,Devin McCourty,2021,33,2,"$23,000,000",11500000
Adoree' Jackson,11773,CB,NYG,80.9,74.9,498,26.0,2021,3,Adoree' Jackson,2021,25,3,"$39,000,000",13000000
Jimmie Ward,8665,S,SF,69.1,74.8,761,27.0,2021,360,Jimmie Ward,2021,29,3,"$28,500,000",9500000
Justin Simmons,10732,S,DEN,73.4,74.8,663,27.0,2021,145,Justin Simmons,2021,27,4,"$61,000,000",15250000
Rasul Douglas,11854,CB,GB,77.2,74.5,490,29.0,2021,209,Rasul Douglas,2021,25,1,"$990,000",990000
Adrian Amos,9575,S,GB,73.6,74.3,727,30.0,2021,462,Adrian Amos,2021,27,4,"$36,000,000",9000000
Vonn Bell,10695,S,CIN,75.6,72.1,851,32.0,2021,454,Vonn Bell,2021,26,3,"$18,000,000",6000000
Shaquill Griffin,11845,CB,JAX,71.1,72.0,508,33.0,2021,224,Shaquill Griffin,2021,25,3,"$40,000,000",13333333
Eric Rowe,9480,S,MIA,70.7,71.2,451,37.0,2021,531,Eric Rowe,2021,29,3,"$16,150,000",5383333
Charvarius Ward,43034,CB,KC,69.4,71.2,591,37.0,2021,43,Charvarius Ward,2021,25,1,"$3,384,000",3384000
Avonte Maddox,50543,CB,PHI,73.5,71.0,533,40.0,2021,20,Avonte Maddox,2021,25,3,"$22,500,000",7500000
Bobby McCain,9578,S,WAS,72.6,70.9,667,41.0,2021,26,Bobby McCain,2021,27,1,"$1,475,000",1475000
Xavien Howard,10672,CB,MIA,71.1,70.9,648,41.0,2021,662,Xavien Howard,2021,27,5,"$75,250,000",15050000
Taron Johnson,49511,CB,BUF,75.3,70.3,665,45.0,2021,232,Taron Johnson,2021,25,3,"$24,000,000",8000000
Mike Hilton,10898,CB,CIN,70.0,70.2,754,46.0,2021,187,Mike Hilton,2021,27,4,"$24,000,000",6000000
Sidney Jones,11798,CB,SEA,69.2,70.2,447,46.0,2021,227,Sidney Jones,2021,24,1,"$1,750,000",1750000
Kyle Dugger,90621,S,NE,73.7,69.7,462,51.0,2021,388,Kyle Dugger,2021,25,4,"$8,331,902",2082976
Emmanuel Moseley,50430,CB,SF,68.0,69.1,498,53.0,2021,93,Emmanuel Moseley,2021,24,2,"$9,384,000",4692000
Jalen Mills,10867,CB,NE,63.5,67.5,529,59.0,2021,113,Jalen Mills,2021,26,4,"$24,000,000",6000000
Tyrann Mathieu,7850,S,KC,75.7,67.4,730,60.0,2021,660,Tyrann Mathieu,2021,28,3,"$42,000,000",14000000
Robert Alford,7841,CB,ARZ,68.5,66.9,409,61.0,2021,214,Robert Alford,2021,32,1,"$990,000",990000
Xavier Woods,11946,S,MIN,58.3,66.4,758,63.0,2021,259,Xavier Woods,2021,25,1,"$1,750,000",1750000
Chuck Clark,11941,S,BLT,61.1,66.3,676,64.0,2021,297,Chuck Clark,2021,25,3,"$15,300,000",5100000
Anthony Brown,10823,CB,DAL,67.1,66.0,706,67.0,2021,267,Anthony Brown,2021,27,3,"$15,500,000",5166667
Marlon Humphrey,11771,CB,BLT,65.0,65.9,498,68.0,2021,398,Marlon Humphrey,2021,25,5,"$97,500,000",19500000
Tre'Davious White,11782,CB,BUF,69.0,65.7,408,70.0,2021,448,Tre'Davious White,2021,26,4,"$69,000,000",17250000
Nik Needham,50356,CB,MIA,67.6,65.2,438,72.0,2021,197,Nik Needham,2021,24,1,"$850,000",850000
Byron Jones,9460,CB,MIA,63.5,65.0,626,74.0,2021,287,Byron Jones,2021,28,5,"$82,500,000",16500000
Rodney McLeod,7271,S,PHI,60.4,64.8,477,75.0,2021,424,Rodney McLeod,2021,30,2,"$8,650,000",4325000
Budda Baker,11791,S,ARZ,65.2,64.6,658,76.0,2021,286,Budda Baker,2021,25,4,"$59,000,000",14750000
Malcolm Jenkins,4937,S,NO,60.8,64.5,679,78.0,2021,396,Malcolm Jenkins,2021,33,4,"$32,000,000",8000000
K'Waun Williams,9332,CB,SF,60.7,63.5,572,85.0,2021,146,K'Waun Williams,2021,29,1,"$2,377,500",2377500
Patrick Peterson,6157,CB,MIN,61.0,63.0,548,87.0,2021,201,Patrick Peterson,2021,30,1,"$8,000,000",8000000
Andrew Sendejo,6118,S,IND,65.1,62.9,410,88.0,2021,12,Andrew Sendejo,2021,33,1,"$1,075,000",1075000
Steven Nelson,9531,CB,PHI,60.6,62.9,629,88.0,2021,229,Steven Nelson,2021,28,1,"$3,010,000",3010000
James Bradberry,10696,CB,NYG,65.0,62.8,690,90.0,2021,353,James Bradberry,2021,27,3,"$43,500,000",14500000
Anthony Harris,9895,S,PHI,58.4,62.0,539,95.0,2021,14,Anthony Harris,2021,29,1,"$4,000,000",4000000
Xavier Rhodes,7806,CB,IND,61.8,61.8,402,97.0,2021,258,Xavier Rhodes,2021,30,1,"$4,770,000",4770000
Darious Williams,55724,CB,LA,60.7,61.8,749,97.0,2021,69,Darious Williams,2021,28,1,"$4,766,000",4766000
Damontae Kazee,11904,S,DAL,66.0,61.8,606,97.0,2021,64,Damontae Kazee,2021,27,1,"$1,127,500",1127500
Levi Wallace,25445,CB,BUF,63.9,61.6,686,100.0,2021,166,Levi Wallace,2021,25,1,"$1,750,000",1750000
Jourdan Lewis,11846,CB,DAL,62.8,61.3,595,101.0,2021,141,Jourdan Lewis,2021,25,3,"$13,500,000",4500000
Ronald Darby,9483,CB,DEN,58.7,61.1,412,103.0,2021,218,Ronald Darby,2021,27,3,"$30,000,000",10000000
Dean Marlowe,9966,S,DET,63.0,61.0,417,104.0,2021,76,Dean Marlowe,2021,28,1,"$990,000",990000
Sean Chandler,51315,S,CAR,62.6,60.7,322,106.0,2021,222,Sean Chandler,2021,24,1,"$920,000",920000
Eli Apple,10644,CB,CIN,60.4,60.5,845,108.0,2021,91,Eli Apple,2021,25,1,"$1,200,000",1200000
Logan Ryan,7864,S,NYG,51.1,60.4,602,109.0,2021,394,Logan Ryan,2021,30,3,"$31,000,000",10333333
Tavon Young,10738,CB,BLT,62.6,60.4,404,109.0,2021,644,Tavon Young,2021,26,3,"$25,800,000",8600000
Jamal Adams,11761,S,SEA,47.4,60.1,519,112.0,2021,115,Jamal Adams,2021,25,4,"$70,580,000",17645000
Erik Harris,10346,S,ATL,60.3,59.7,421,113.0,2021,94,Erik Harris,2021,30,1,"$1,350,000",1350000
Cameron Sutton,11850,CB,PIT,56.6,59.3,689,114.0,2021,39,Cameron Sutton,2021,26,2,"$9,000,000",4500000
Duron Harmon,7872,S,ATL,54.8,59.1,611,116.0,2021,89,Duron Harmon,2021,30,1,"$1,212,500",1212500
Eddie Jackson,11867,S,CHI,56.9,59.0,438,117.0,2021,335,Eddie Jackson,2021,28,4,"$58,400,000",14600000
Fabian Moreau,11836,CB,ATL,55.2,57.7,597,125.0,2021,95,Fabian Moreau,2021,26,1,"$1,127,500",1127500
Jaquiski Tartt,9479,S,SF,54.1,57.5,592,127.0,2021,121,Jaquiski Tartt,2021,29,1,"$1,127,500",1127500
Tevaughn Campbell,91247,CB,LAC,52.4,56.9,412,129.0,2021,646,Tevaughn Campbell,2021,27,3,"$1,765,000",588333
Rayshawn Jenkins,11868,S,JAX,61.2,56.9,485,129.0,2021,211,Rayshawn Jenkins,2021,27,4,"$35,000,000",8750000
Chandon Sullivan,49349,CB,GB,57.5,55.0,615,135.0,2021,41,Chandon Sullivan,2021,24,1,"$2,133,000",2133000
Landon Collins,9466,S,WAS,38.8,54.7,425,136.0,2021,596,Landon Collins,2021,27,6,"$84,000,000",14000000
Michael Davis,12040,CB,LAC,54.4,54.0,523,137.0,2021,183,Michael Davis,2021,26,3,"$25,200,000",8400000
Terrance Mitchell,8888,CB,HST,51.7,52.4,430,142.0,2021,237,Terrance Mitchell,2021,28,2,"$6,500,000",3250000
Kareem Jackson,5545,S,DEN,48.5,52.0,533,143.0,2021,148,Kareem Jackson,2021,32,1,"$5,000,000",5000000
Eric Murray,10740,S,HST,54.7,50.9,417,145.0,2021,338,Eric Murray,2021,27,3,"$18,000,000",6000000
Brandon Facyson,50564,CB,LV,42.5,49.1,376,149.0,2021,28,Brandon Facyson,2021,26,1,"$945,000",945000
Daniel Sorensen,9253,S,KC,53.5,47.7,586,152.0,2021,66,Daniel Sorensen,2021,30,1,"$2,462,000",2462000
Josh Norman,7649,CB,SF,45.4,47.2,480,153.0,2021,136,Josh Norman,2021,33,1,"$1,500,000",1500000
Kyle Fuller,8649,CB,DEN,40.8,47.2,483,153.0,2021,161,Kyle Fuller,2021,29,1,"$9,500,000",9500000
Mackensie Alexander,10688,CB,MIN,40.3,40.2,512,160.0,2021,169,Mackensie Alexander,2021,27,1,"$1,127,500",1127500
Adrian Amos,9575,S,GB,92.1,89.9,700,3.0,2020,462,Adrian Amos,2020,26,4,"$36,000,000",9000000
Xavien Howard,10672,CB,MIA,89.6,87.3,584,4.0,2020,662,Xavien Howard,2020,26,5,"$75,250,000",15050000
Bryce Callahan,10000,CB,DEN,86.7,84.1,394,6.0,2020,285,Bryce Callahan,2020,28,2,"$12,382,000",6191000
Darious Williams,55724,CB,LA,81.5,81.0,629,8.0,2020,701,Darious Williams,2020,27,3,"$1,710,000",570000
Jonathan Jones,11217,CB,NE,80.8,80.7,453,9.0,2020,564,Jonathan Jones,2020,26,3,"$21,000,000",7000000
Kareem Jackson,5545,S,DEN,81.3,80.4,672,10.0,2020,582,Kareem Jackson,2020,31,3,"$33,000,000",11000000
James Bradberry,10696,CB,NYG,79.9,79.8,639,11.0,2020,353,James Bradberry,2020,26,3,"$43,500,000",14500000
Jason Verrett,8660,CB,SF,76.1,77.6,493,13.0,2020,355,Jason Verrett,2020,28,1,"$1,047,500",1047500
Justin Simmons,10732,S,DEN,79.0,77.4,672,14.0,2020,375,Justin Simmons,2020,26,1,"$11,441,000",11441000
Xavier Rhodes,7806,CB,IND,78.9,77.3,617,15.0,2020,459,Xavier Rhodes,2020,29,1,"$3,000,000",3000000
Jalen Ramsey,10639,CB,LA,77.8,77.3,697,15.0,2020,350,Jalen Ramsey,2020,25,5,"$100,000,000",20000000
Brian Poole,11052,CB,NYJ,79.5,77.1,308,17.0,2020,284,Brian Poole,2020,27,1,"$5,000,000",5000000
Marlon Humphrey,11771,CB,BLT,77.6,76.4,717,18.0,2020,398,Marlon Humphrey,2020,24,5,"$97,500,000",19500000
Budda Baker,11791,S,ARZ,68.9,75.3,643,21.0,2020,286,Budda Baker,2020,24,4,"$59,000,000",14750000
Malcolm Butler,9040,CB,TEN,75.8,74.5,726,22.0,2020,786,Malcolm Butler,2020,30,5,"$61,250,000",12250000
Harrison Smith,7641,S,MIN,76.7,74.3,592,23.0,2020,1148,Harrison Smith,2020,31,5,"$51,250,000",10250000
Jimmie Ward,8665,S,SF,72.5,73.5,509,25.0,2020,360,Jimmie Ward,2020,28,3,"$28,500,000",9500000
Vonn Bell,10695,S,CIN,64.6,71.5,619,30.0,2020,454,Vonn Bell,2020,25,3,"$18,000,000",6000000
Bradley Roby,8666,CB,HST,72.2,71.5,338,30.0,2020,279,Bradley Roby,2020,27,3,"$31,500,000",10500000
Jordan Poyer,8000,S,BUF,70.4,71.3,771,33.0,2020,370,Jordan Poyer,2020,28,2,"$19,500,000",9750000
Rodney McLeod,7271,S,PHI,77.3,70.8,503,36.0,2020,424,Rodney McLeod,2020,29,2,"$8,650,000",4325000
Jimmy Smith,6179,CB,BLT,73.3,70.5,393,37.0,2020,361,Jimmy Smith,2020,31,1,"$3,500,000",3500000
Micah Hyde,7941,S,BUF,69.2,70.3,730,41.0,2020,998,Micah Hyde,2020,29,5,"$30,500,000",6100000
Troy Hill,9881,CB,LA,71.9,69.9,705,43.0,2020,657,Troy Hill,2020,28,2,"$3,225,525",1612763
Chuck Clark,11941,S,BLT,70.8,69.8,777,44.0,2020,297,Chuck Clark,2020,24,3,"$15,300,000",5100000
Ronald Darby,9483,CB,WAS,68.2,69.7,657,45.0,2020,425,Ronald Darby,2020,26,1,"$3,000,000",3000000
Jalen Mills,10867,S,PHI,66.9,68.9,596,48.0,2020,349,Jalen Mills,2020,25,1,"$4,000,000",4000000
Tre'Davious White,11782,CB,BUF,71.9,68.5,687,52.0,2020,448,Tre'Davious White,2020,25,4,"$69,000,000",17250000
Levi Wallace,25445,CB,BUF,64.7,68.3,480,54.0,2020,393,Levi Wallace,2020,24,1,"$750,000",750000
Terrance Mitchell,8888,CB,CLV,65.3,68.2,796,55.0,2020,846,Terrance Mitchell,2020,27,3,"$10,000,000",3333333
Steven Nelson,9531,CB,PIT,68.6,68.1,605,57.0,2020,641,Steven Nelson,2020,27,3,"$25,500,000",8500000
Marcus Peters,9451,CB,BLT,72.1,67.2,673,58.0,2020,603,Marcus Peters,2020,27,3,"$42,000,000",14000000
Tyrann Mathieu,7850,S,KC,63.1,67.0,748,60.0,2020,660,Tyrann Mathieu,2020,27,3,"$42,000,000",14000000
Kendall Fuller,10718,CB,WAS,65.4,66.7,576,63.0,2020,381,Kendall Fuller,2020,25,4,"$40,000,000",10000000
Joe Haden,5532,CB,PIT,69.6,66.6,523,65.0,2020,559,Joe Haden,2020,31,2,"$22,400,000",11200000
Adrian Phillips,9177,S,NE,62.2,66.2,420,67.0,2020,264,Adrian Phillips,2020,27,2,"$6,000,000",3000000
Anthony Harris,9895,S,MIN,63.6,66.2,620,67.0,2020,270,Anthony Harris,2020,28,1,"$11,441,000",11441000
Kevin Byard,10698,S,TEN,61.5,65.8,735,69.0,2020,590,Kevin Byard,2020,26,5,"$70,500,000",14100000
Duron Harmon,7872,S,DET,64.4,65.3,634,73.0,2020,939,Duron Harmon,2020,29,4,"$17,000,000",4250000
Devin McCourty,5552,S,NE,64.3,65.2,549,75.0,2020,325,Devin McCourty,2020,32,2,"$23,000,000",11500000
Jarrod Wilson,10902,S,JAX,64.7,64.7,439,76.0,2020,548,Jarrod Wilson,2020,25,3,"$7,250,000",2416667
Malcolm Jenkins,4937,S,NO,53.9,64.4,737,80.0,2020,396,Malcolm Jenkins,2020,32,4,"$32,000,000",8000000
Logan Ryan,7864,S,NYG,60.8,64.1,657,82.0,2020,394,Logan Ryan,2020,29,3,"$31,000,000",10333333
Kyle Fuller,8649,CB,CHI,70.2,64.0,684,83.0,2020,389,Kyle Fuller,2020,27,2,"$27,000,000",13500000
Chris Banjo,8419,S,ARZ,63.6,63.6,272,84.0,2020,291,Chris Banjo,2020,30,1,"$1,187,500",1187500
Byron Jones,9460,CB,MIA,61.5,63.6,498,84.0,2020,287,Byron Jones,2020,27,5,"$82,500,000",16500000
Michael Davis,12040,CB,LAC,62.9,63.1,598,86.0,2020,402,Michael Davis,2020,25,1,"$3,259,000",3259000
Quandre Diggs,9633,S,SEA,56.2,63.1,765,86.0,2020,813,Quandre Diggs,2020,27,3,"$18,600,000",6200000
Darius Slay,7817,CB,PHI,63.1,62.9,518,88.0,2020,311,Darius Slay,2020,29,3,"$50,050,000",16683333
Bashaud Breeland,8737,CB,KC,69.4,62.8,574,89.0,2020,276,Bashaud Breeland,2020,28,1,"$3,000,000",3000000
Ricardo Allen,8782,S,ATL,60.1,62.4,412,92.0,2020,819,Ricardo Allen,2020,28,3,"$19,500,000",6500000
Bobby McCain,9578,S,MIA,63.1,62.1,582,93.0,2020,675,Bobby McCain,2020,26,4,"$27,000,000",6750000
Mackensie Alexander,10688,CB,CIN,67.2,60.4,417,99.0,2020,395,Mackensie Alexander,2020,26,1,"$4,000,000",4000000
Eddie Jackson,11867,S,CHI,55.8,59.5,682,106.0,2020,335,Eddie Jackson,2020,27,4,"$58,400,000",14600000
Eric Rowe,9480,S,MIA,64.1,58.9,579,112.0,2020,531,Eric Rowe,2020,28,3,"$16,150,000",5383333
Kenny Vaccaro,7796,S,TEN,60.1,58.7,583,114.0,2020,588,Kenny Vaccaro,2020,29,4,"$24,000,000",6000000
Erik Harris,10346,S,LV,57.9,57.0,439,118.0,2020,533,Erik Harris,2020,29,2,"$5,000,000",2500000
Jayron Kearse,10878,S,DET,58.7,55.7,307,121.0,2020,357,Jayron Kearse,2020,26,1,"$2,000,000",2000000
Jason McCourty,5127,CB,NE,51.8,55.7,421,121.0,2020,549,Jason McCourty,2020,32,2,"$10,000,000",5000000
Nevin Lawson,8768,CB,LV,54.7,55.6,470,123.0,2020,413,Nevin Lawson,2020,28,1,"$1,893,750",1893750
Juston Burris,10752,S,CAR,59.5,55.3,509,124.0,2020,376,Juston Burris,2020,26,2,"$8,000,000",4000000
Patrick Peterson,6157,CB,ARZ,53.1,55.2,695,126.0,2020,1204,Patrick Peterson,2020,28,5,"$70,050,000",14010000
Karl Joseph,10648,S,CLV,49.1,54.7,520,129.0,2020,378,Karl Joseph,2020,26,1,"$2,500,000",2500000
Anthony Brown,10823,CB,DAL,48.3,54.6,304,130.0,2020,267,Anthony Brown,2020,26,3,"$15,500,000",5166667
Tre Flowers,49059,CB,SEA,51.1,54.4,421,131.0,2020,858,Tre Flowers,2020,26,4,"$2,758,729",689682
Darryl Roberts,9680,CB,DET,55.0,54.3,315,132.0,2020,313,Darryl Roberts,2020,29,1,"$2,000,000",2000000
Eric Murray,10740,S,HST,50.4,53.9,539,133.0,2020,338,Eric Murray,2020,26,3,"$18,000,000",6000000
Tre Boston,8763,S,CAR,49.9,53.8,664,134.0,2020,446,Tre Boston,2020,27,3,"$18,000,000",6000000
Buster Skrine,6289,CB,CHI,46.2,52.3,384,138.0,2020,487,Buster Skrine,2020,30,3,"$16,500,000",5500000
Kevin Johnson,9449,CB,CLV,52.6,51.4,420,139.0,2020,384,Kevin Johnson,2020,27,1,"$3,500,000",3500000
Nickell Robey-Coleman,8483,CB,PHI,53.3,51.1,416,140.0,2020,414,Nickell Robey-Coleman,2020,28,1,"$1,350,000",1350000
Dre Kirkpatrick,7023,CB,ARZ,46.1,49.0,509,151.0,2020,332,Dre Kirkpatrick,2020,30,1,"$1,050,000",1050000
Daniel Sorensen,9253,S,KC,56.9,48.4,722,153.0,2020,918,Daniel Sorensen,2020,30,4,"$16,000,000",4000000
Andrew Sendejo,6118,S,CLV,43.2,45.5,630,155.0,2020,266,Andrew Sendejo,2020,32,1,"$2,250,000",2250000
Josh Jones,11816,S,JAX,39.2,43.9,390,156.0,2020,570,Josh Jones,2020,25,2,"$1,380,000",690000
Anthony Harris,9895,S,MIN,92.7,91.1,653,1.0,2019,468,Anthony Harris,2019,27,1,"$3,095,000",3095000
Richard Sherman,6306,CB,SF,90.5,90.3,681,3.0,2019,820,Richard Sherman,2019,30,3,"$27,150,000",9050000
Harrison Smith,7641,S,MIN,91.0,88.4,681,4.0,2019,1148,Harrison Smith,2019,30,5,"$51,250,000",10250000
Quinton Dunbar,10073,CB,WAS,89.5,87.6,368,7.0,2019,1017,Quinton Dunbar,2019,27,3,"$5,700,000",1900000
Jimmie Ward,8665,S,SF,84.5,85.0,628,8.0,2019,558,Jimmie Ward,2019,27,1,"$4,500,000",4500000
Marcus Peters,9451,CB,BLT,86.6,83.9,644,9.0,2019,603,Marcus Peters,2019,26,3,"$42,000,000",14000000
Stephon Gilmore,7016,CB,NE,85.4,82.7,648,11.0,2019,1039,Stephon Gilmore,2019,28,5,"$65,000,000",13000000
Kareem Jackson,5545,S,DEN,79.8,82.3,517,12.0,2019,582,Kareem Jackson,2019,30,3,"$33,000,000",11000000
Devin McCourty,5552,S,NE,88.2,80.8,642,13.0,2019,1343,Devin McCourty,2019,31,5,"$47,500,000",9500000
Steven Nelson,9531,CB,PIT,80.3,80.5,585,14.0,2019,641,Steven Nelson,2019,26,3,"$25,500,000",8500000
K'Waun Williams,9332,CB,SF,77.6,80.3,504,15.0,2019,974,K'Waun Williams,2019,27,3,"$8,850,000",2950000
Brian Poole,11052,CB,NYJ,80.0,79.0,526,18.0,2019,483,Brian Poole,2019,26,1,"$3,000,000",3000000
Kevin Byard,10698,S,TEN,73.0,78.3,867,19.0,2019,590,Kevin Byard,2019,25,5,"$70,500,000",14100000
Micah Hyde,7941,S,BUF,79.4,77.7,658,21.0,2019,998,Micah Hyde,2019,28,5,"$30,500,000",6100000
D.J. Hayden,7793,CB,JAX,77.9,76.9,440,22.0,2019,697,D.J. Hayden,2019,28,3,"$19,000,000",6333333
Tre Boston,8763,S,CAR,90.6,76.4,673,25.0,2019,653,Tre Boston,2019,27,1,"$2,125,000",2125000
Troy Hill,9881,CB,LA,72.7,76.4,328,25.0,2019,657,Troy Hill,2019,27,2,"$3,225,525",1612763
Adrian Amos,9575,S,GB,76.4,75.7,697,28.0,2019,462,Adrian Amos,2019,25,4,"$36,000,000",9000000
Tyrann Mathieu,7850,S,KC,82.0,75.4,817,30.0,2019,660,Tyrann Mathieu,2019,26,3,"$42,000,000",14000000
Nickell Robey-Coleman,8483,CB,LA,74.1,74.5,525,32.0,2019,804,Nickell Robey-Coleman,2019,27,3,"$15,675,000",5225000
Duron Harmon,7872,S,NE,75.9,74.4,484,34.0,2019,939,Duron Harmon,2019,28,4,"$17,000,000",4250000
Jordan Poyer,8000,S,BUF,70.2,74.0,660,36.0,2019,965,Jordan Poyer,2019,27,4,"$13,000,000",3250000
Jarrod Wilson,10902,S,JAX,79.6,73.7,628,37.0,2019,548,Jarrod Wilson,2019,24,3,"$7,250,000",2416667
Jonathan Jones,11217,CB,NE,70.7,73.6,480,38.0,2019,564,Jonathan Jones,2019,25,3,"$21,000,000",7000000
Quandre Diggs,9633,S,SEA,77.2,73.4,464,40.0,2019,813,Quandre Diggs,2019,26,3,"$18,600,000",6200000
Darqueze Dennard,8659,CB,CIN,76.0,72.2,307,42.0,2019,506,Darqueze Dennard,2019,27,1,"$4,500,000",4500000
Tavon Wilson,7051,S,DET,74.0,71.9,506,44.0,2019,843,Tavon Wilson,2019,28,2,"$7,000,000",3500000
Tramon Williams,3558,CB,GB,78.0,71.7,549,46.0,2019,854,Tramon Williams,2019,36,2,"$10,000,000",5000000
Maurice Canady,10843,CB,NYJ,70.6,71.5,264,47.0,2019,608,Maurice Canady,2019,25,1,"$720,000",720000
Joe Haden,5532,CB,PIT,71.3,70.3,613,56.0,2019,559,Joe Haden,2019,30,2,"$22,400,000",11200000
Desmond Trufant,7803,CB,ATL,70.3,70.2,302,57.0,2019,930,Desmond Trufant,2019,28,5,"$68,750,000",13750000
Antoine Bethea,3152,S,NYG,62.4,69.3,657,65.0,2019,469,Antoine Bethea,2019,34,2,"$6,500,000",3250000
Malcolm Jenkins,4937,S,PHI,67.9,69.2,712,67.0,2019,1184,Malcolm Jenkins,2019,31,4,"$35,000,000",8750000
Landon Collins,9466,S,WAS,60.6,69.2,608,67.0,2019,596,Landon Collins,2019,25,6,"$84,000,000",14000000
Eric Weddle,3653,S,LA,70.5,69.0,620,70.0,2019,532,Eric Weddle,2019,34,2,"$10,502,050",5251025
Patrick Peterson,6157,CB,ARZ,64.3,68.6,449,72.0,2019,1204,Patrick Peterson,2019,27,5,"$70,050,000",14010000
Jeff Heath,8396,S,DAL,68.9,67.9,474,75.0,2019,1158,Jeff Heath,2019,27,4,"$7,671,000",1917750
Prince Amukamara,6171,CB,CHI,69.6,67.5,567,76.0,2019,811,Prince Amukamara,2019,29,3,"$27,000,000",9000000
Rodney McLeod,7271,S,PHI,71.9,67.2,711,77.0,2019,1223,Rodney McLeod,2019,28,5,"$35,000,000",7000000
Mike Hilton,10898,CB,PIT,73.0,67.1,438,78.0,2019,612,Mike Hilton,2019,24,1,"$645,000",645000
Eddie Jackson,11867,S,CHI,66.1,67.0,660,79.0,2019,941,Eddie Jackson,2019,26,4,"$3,065,797",766449
Erik Harris,10346,S,LV,66.7,66.7,558,81.0,2019,533,Erik Harris,2019,28,2,"$5,000,000",2500000
Brandon Carr,4454,CB,BLT,66.0,66.4,537,82.0,2019,895,Brandon Carr,2019,32,4,"$23,500,000",5875000
Jaquiski Tartt,9479,S,SF,64.7,65.1,543,89.0,2019,740,Jaquiski Tartt,2019,27,2,"$13,000,000",6500000
Adrian Colbert,11983,S,MIA,64.7,64.9,227,90.0,2019,463,Adrian Colbert,2019,25,1,"$645,000",645000
Bradley Roby,8666,CB,HST,65.2,64.0,549,95.0,2019,480,Bradley Roby,2019,26,1,"$10,000,000",10000000
Bobby McCain,9578,S,MIA,69.6,63.6,301,97.0,2019,675,Bobby McCain,2019,25,4,"$27,000,000",6750000
Logan Ryan,7864,CB,TEN,60.0,63.0,867,101.0,2019,989,Logan Ryan,2019,28,3,"$30,000,000",10000000
Bradley McDougald,8220,S,SEA,62.6,62.8,689,102.0,2019,676,Bradley McDougald,2019,28,3,"$13,500,000",4500000
Andrew Adams,11240,S,TB,63.6,62.7,428,103.0,2019,466,Andrew Adams,2019,26,1,"$920,000",920000
Kyle Fuller,8649,CB,CHI,58.7,62.5,668,105.0,2019,775,Kyle Fuller,2019,27,4,"$56,000,000",14000000
Daryl Worley,10711,CB,LV,62.6,62.4,580,107.0,2019,508,Daryl Worley,2019,24,1,"$3,095,000",3095000
Kenny Vaccaro,7796,S,TEN,53.5,60.9,841,110.0,2019,588,Kenny Vaccaro,2019,28,4,"$24,000,000",6000000
Justin Coleman,9892,CB,DET,58.8,60.5,628,114.0,2019,576,Justin Coleman,2019,25,4,"$36,000,000",9000000
Buster Skrine,6289,CB,CHI,59.1,59.8,520,116.0,2019,487,Buster Skrine,2019,29,3,"$16,500,000",5500000
Daniel Sorensen,9253,S,KC,61.6,59.4,554,118.0,2019,918,Daniel Sorensen,2019,29,4,"$16,000,000",4000000
Kevin Peterson,11302,CB,ARZ,61.3,59.2,187,119.0,2019,592,Kevin Peterson,2019,24,1,"$570,000",570000
Eric Rowe,9480,CB,MIA,60.2,58.9,604,120.0,2019,531,Eric Rowe,2019,27,3,"$16,150,000",5383333
Pierre Desir,8762,CB,IND,57.9,58.8,450,121.0,2019,625,Pierre Desir,2019,28,3,"$22,500,000",7500000
Ricardo Allen,8782,S,ATL,57.3,58.6,585,122.0,2019,819,Ricardo Allen,2019,27,3,"$19,500,000",6500000
A.J. Bouye,8110,CB,JAX,55.4,58.4,562,123.0,2019,873,A.J. Bouye,2019,27,5,"$67,500,000",13500000
Ross Cockrell,8744,CB,CAR,61.3,57.5,487,127.0,2019,825,Ross Cockrell,2019,27,2,"$6,600,000",3300000
Darryl Roberts,9680,CB,NYJ,58.5,56.6,441,129.0,2019,507,Darryl Roberts,2019,28,3,"$18,000,000",6000000
Darius Slay,7817,CB,DET,56.9,56.4,523,130.0,2019,1115,Darius Slay,2019,28,4,"$48,150,000",12037500
B.W. Webb,7896,CB,CIN,54.5,55.7,506,133.0,2019,474,B.W. Webb,2019,29,3,"$10,500,000",3500000
Rashaan Melvin,8334,CB,DET,47.2,55.3,566,136.0,2019,627,Rashaan Melvin,2019,29,1,"$2,150,000",2150000
Jaylen Watkins,8736,S,LAC,53.4,55.2,232,137.0,2019,553,Jaylen Watkins,2019,27,1,"$895,000",895000
Bashaud Breeland,8737,CB,KC,51.3,55.2,704,137.0,2019,475,Bashaud Breeland,2019,27,1,"$2,000,000",2000000
Shawn Williams,7865,S,CIN,51.0,54.5,563,141.0,2019,1236,Shawn Williams,2019,28,4,"$20,185,000",5046250
Tre Flowers,49059,CB,SEA,47.7,49.5,708,148.0,2019,858,Tre Flowers,2019,25,4,"$2,758,729",689682
Xavier Rhodes,7806,CB,MIN,45.3,47.9,558,152.0,2019,1062,Xavier Rhodes,2019,29,5,"$70,100,000",14020000
Eric Reid,7799,S,CAR,36.1,46.6,668,155.0,2019,530,Eric Reid,2019,27,3,"$22,050,000",7350000
Josh Norman,7649,CB,WAS,43.4,45.7,339,157.0,2019,1168,Josh Norman,2019,31,5,"$75,000,000",15000000
Jamal Perry,12259,CB,MIA,41.3,43.7,389,158.0,2019,546,Jamal Perry,2019,24,2,"$1,080,000",540000
Jermaine Whitehead,9698,S,CLV,51.7,40.0,284,160.0,2019,557,Jermaine Whitehead,2019,25,1,"$645,000",645000
Eddie Jackson,11867,S,CHI,94.7,93.2,626,1.0,2018,941,Eddie Jackson,2018,25,4,"$3,065,797",766449
Stephon Gilmore,7016,CB,NE,90.8,90.9,817,2.0,2018,1039,Stephon Gilmore,2018,27,5,"$65,000,000",13000000
Anthony Harris,9895,S,MIN,87.1,89.0,349,4.0,2018,668,Anthony Harris,2018,26,1,"$705,000",705000
Micah Hyde,7941,S,BUF,88.6,84.1,507,9.0,2018,998,Micah Hyde,2018,27,5,"$30,500,000",6100000
Patrick Peterson,6157,CB,ARZ,83.7,82.5,611,12.0,2018,1204,Patrick Peterson,2018,26,5,"$70,050,000",14010000
Jason McCourty,5127,CB,NE,83.3,82.3,699,13.0,2018,954,Jason McCourty,2018,30,2,"$6,000,000",3000000
Eric Weddle,3653,S,BLT,78.6,82.3,708,13.0,2018,1144,Eric Weddle,2018,33,4,"$26,000,000",6500000
Kyle Fuller,8649,CB,CHI,82.3,81.4,746,15.0,2018,775,Kyle Fuller,2018,26,4,"$56,000,000",14000000
Bryce Callahan,10000,CB,CHI,81.3,81.3,496,16.0,2018,682,Bryce Callahan,2018,26,1,"$1,907,000",1907000
Prince Amukamara,6171,CB,CHI,77.1,81.0,680,17.0,2018,811,Prince Amukamara,2018,28,3,"$27,000,000",9000000
Johnathan Joseph,2969,CB,HST,81.1,80.8,570,18.0,2018,748,Johnathan Joseph,2018,33,2,"$10,000,000",5000000
Devin McCourty,5552,S,NE,83.9,80.6,817,19.0,2018,1343,Devin McCourty,2018,30,5,"$47,500,000",9500000
Nickell Robey-Coleman,8483,CB,LA,80.8,79.8,497,22.0,2018,804,Nickell Robey-Coleman,2018,26,3,"$15,675,000",5225000
Harrison Smith,7641,S,MIN,68.7,79.7,605,23.0,2018,1148,Harrison Smith,2018,29,5,"$51,250,000",10250000
Malcolm Jenkins,4937,S,PHI,85.5,79.6,821,24.0,2018,1184,Malcolm Jenkins,2018,30,4,"$35,000,000",8750000
Kareem Jackson,5545,CB,HST,74.2,79.2,687,26.0,2018,1380,Kareem Jackson,2018,29,4,"$34,000,000",8500000
Pierre Desir,8762,CB,IND,73.9,77.7,682,33.0,2018,810,Pierre Desir,2018,27,1,"$1,750,000",1750000
Aqib Talib,4334,CB,LA,75.2,76.6,346,38.0,2018,1493,Aqib Talib,2018,32,6,"$57,000,000",9500000
A.J. Bouye,8110,CB,JAX,79.3,75.7,512,40.0,2018,873,A.J. Bouye,2018,26,5,"$67,500,000",13500000
Tyrann Mathieu,7850,S,HST,70.6,75.3,735,41.0,2018,865,Tyrann Mathieu,2018,25,1,"$7,000,000",7000000
Darius Slay,7817,CB,DET,78.2,75.0,532,42.0,2018,1115,Darius Slay,2018,27,4,"$48,150,000",12037500
Trumaine Johnson,7067,CB,NYJ,75.1,74.9,421,43.0,2018,864,Trumaine Johnson,2018,28,5,"$72,500,000",14500000
D.J. Hayden,7793,CB,JAX,73.7,74.8,312,44.0,2018,697,D.J. Hayden,2018,27,3,"$19,000,000",6333333
Bradley McDougald,8220,S,SEA,76.4,74.7,606,45.0,2018,676,Bradley McDougald,2018,27,3,"$13,500,000",4500000
Tre Boston,8763,S,ARZ,78.2,74.1,540,47.0,2018,857,Tre Boston,2018,26,1,"$1,500,000",1500000
Patrick Chung,4957,S,NE,78.1,72.7,715,55.0,2018,807,Patrick Chung,2018,30,2,"$7,800,000",3900000
Quandre Diggs,9633,S,DET,67.1,72.7,576,55.0,2018,813,Quandre Diggs,2018,25,3,"$18,600,000",6200000
Reshad Jones,5686,S,MIA,71.7,72.1,462,60.0,2018,1022,Reshad Jones,2018,30,5,"$60,000,000",12000000
Shawn Williams,7865,S,CIN,78.7,71.6,566,62.0,2018,1236,Shawn Williams,2018,27,4,"$20,185,000",5046250
Logan Ryan,7864,CB,TEN,70.1,71.6,540,62.0,2018,989,Logan Ryan,2018,27,3,"$30,000,000",10000000
Tony Jefferson,8361,S,BLT,70.3,71.2,603,64.0,2018,1050,Tony Jefferson,2018,26,4,"$34,000,000",8500000
Joe Haden,5532,CB,PIT,70.9,70.9,616,65.0,2018,960,Joe Haden,2018,29,3,"$27,000,000",9000000
Brandon Carr,4454,CB,BLT,71.9,70.8,629,67.0,2018,895,Brandon Carr,2018,31,4,"$23,500,000",5875000
T.J. McDonald,7852,S,MIA,66.7,70.6,546,69.0,2018,1042,T.J. McDonald,2018,27,4,"$24,010,000",6002500
Orlando Scandrick,4457,CB,KC,70.2,70.0,598,71.0,2018,806,Orlando Scandrick,2018,31,2,"$7,000,000",3500000
Michael Thomas,7279,S,NYG,70.1,69.7,352,75.0,2018,795,Michael Thomas,2018,28,2,"$4,000,000",2000000
Desmond Trufant,7803,CB,ATL,68.7,69.5,682,78.0,2018,930,Desmond Trufant,2018,27,5,"$68,750,000",13750000
Darryl Roberts,9680,S,NYJ,66.4,69.0,483,80.0,2018,1335,Darryl Roberts,2018,27,4,"$2,334,223",583556
Richard Sherman,6306,CB,SF,68.1,68.9,534,81.0,2018,820,Richard Sherman,2018,29,3,"$27,150,000",9050000
Josh Norman,7649,CB,WAS,72.0,68.9,641,81.0,2018,1168,Josh Norman,2018,30,5,"$75,000,000",15000000
Duron Harmon,7872,S,NE,69.3,68.8,511,83.0,2018,939,Duron Harmon,2018,27,4,"$17,000,000",4250000
Jordan Poyer,8000,S,BUF,70.9,68.4,579,86.0,2018,965,Jordan Poyer,2018,26,4,"$13,000,000",3250000
Sharrod Neasman,11050,S,ATL,67.5,67.8,282,89.0,2018,833,Sharrod Neasman,2018,26,2,"$1,350,000",675000
Justin Coleman,9892,CB,SEA,75.1,67.3,521,92.0,2018,760,Justin Coleman,2018,24,1,"$2,914,000",2914000
Malcolm Butler,9040,CB,TEN,69.8,67.1,544,94.0,2018,786,Malcolm Butler,2018,28,5,"$61,250,000",12250000
K'Waun Williams,9332,CB,SF,66.0,66.7,409,97.0,2018,974,K'Waun Williams,2018,26,3,"$8,850,000",2950000
Jaquiski Tartt,9479,S,SF,58.5,66.6,274,98.0,2018,740,Jaquiski Tartt,2018,26,2,"$13,000,000",6500000
Kenny Vaccaro,7796,S,TEN,61.6,66.4,460,99.0,2018,773,Kenny Vaccaro,2018,27,1,"$1,500,000",1500000
Glover Quin,5035,S,DET,63.4,66.1,487,101.0,2018,945,Glover Quin,2018,32,2,"$13,000,000",6500000
Adrian Phillips,9177,S,LAC,67.5,66.0,564,102.0,2018,665,Adrian Phillips,2018,25,1,"$1,500,000",1500000
Corey Graham,3784,S,PHI,64.5,65.9,559,103.0,2018,691,Corey Graham,2018,33,1,"$1,715,000",1715000
Coty Sensabaugh,7115,CB,PIT,64.7,65.7,495,106.0,2018,913,Coty Sensabaugh,2018,29,2,"$2,600,000",1300000
Eric Reid,7799,S,CAR,66.7,65.7,459,106.0,2018,729,Eric Reid,2018,26,1,"$1,390,000",1390000
Antoine Bethea,3152,S,ARZ,73.5,64.2,612,112.0,2018,883,Antoine Bethea,2018,33,3,"$12,750,000",4250000
Tre Flowers,49059,CB,SEA,57.4,64.1,616,113.0,2018,858,Tre Flowers,2018,24,4,"$2,758,729",689682
Tramon Williams,3558,S,GB,62.6,63.3,637,118.0,2018,854,Tramon Williams,2018,35,2,"$10,000,000",5000000
Morris Claiborne,7012,CB,NYJ,60.3,62.7,630,119.0,2018,799,Morris Claiborne,2018,28,1,"$7,000,000",7000000
Captain Munnerlyn,5140,CB,CAR,60.3,61.6,452,124.0,2018,901,Captain Munnerlyn,2018,29,4,"$17,500,000",4375000
Bene Benwikere,8783,CB,LV,55.4,61.4,335,125.0,2018,672,Bene Benwikere,2018,27,1,"$790,000",790000
B.W. Webb,7896,CB,NYG,60.4,61.3,634,126.0,2018,670,B.W. Webb,2018,28,1,"$815,000",815000
Shareece Wright,6241,CB,HST,59.0,61.3,395,126.0,2018,832,Shareece Wright,2018,30,1,"$1,005,000",1005000
Brent Grimes,3589,CB,TB,61.0,61.3,450,126.0,2018,680,Brent Grimes,2018,34,1,"$7,000,000",7000000
Jimmy Smith,6179,CB,BLT,62.6,61.2,433,130.0,2018,1361,Jimmy Smith,2018,29,4,"$41,102,000",10275500
Rafael Bush,5779,CB,BUF,59.2,60.9,262,133.0,2018,815,Rafael Bush,2018,30,2,"$3,500,000",1750000
Nevin Lawson,8768,CB,DET,54.7,60.6,517,135.0,2018,803,Nevin Lawson,2018,26,2,"$9,200,000",4600000
Jahleel Addae,8117,S,LAC,58.3,60.5,736,136.0,2018,952,Jahleel Addae,2018,28,4,"$22,500,000",5625000
Rashaan Melvin,8334,CB,LV,56.3,60.5,357,136.0,2018,816,Rashaan Melvin,2018,28,1,"$5,500,000",5500000
Dre Kirkpatrick,7023,CB,CIN,62.6,60.0,483,139.0,2018,937,Dre Kirkpatrick,2018,28,5,"$52,500,000",10500000
Ron Parker,6625,S,KC,62.7,59.6,688,141.0,2018,1434,Ron Parker,2018,30,5,"$25,000,000",5000000
Darian Stewart,5820,S,DEN,60.8,59.6,521,141.0,2018,1113,Darian Stewart,2018,30,4,"$28,000,000",7000000
Xavier Rhodes,7806,CB,MIN,55.1,58.2,455,144.0,2018,1062,Xavier Rhodes,2018,28,5,"$70,100,000",14020000
Curtis Riley,10109,S,NYG,63.9,58.1,636,145.0,2018,695,Curtis Riley,2018,25,1,"$630,000",630000
Bobby McCain,9578,CB,MIA,54.0,57.9,471,146.0,2018,675,Bobby McCain,2018,24,4,"$27,000,000",6750000
Buster Skrine,6289,CB,NYJ,50.8,57.3,440,148.0,2018,1292,Buster Skrine,2018,28,4,"$25,000,000",6250000
Robert Alford,7841,CB,ATL,53.1,56.6,601,149.0,2018,1219,Robert Alford,2018,30,4,"$38,000,000",9500000
Jeff Heath,8396,S,DAL,59.1,56.4,686,150.0,2018,1158,Jeff Heath,2018,26,4,"$7,671,000",1917750
Marcus Gilchrist,6202,S,LV,53.5,54.4,490,152.0,2018,790,Marcus Gilchrist,2018,29,1,"$4,000,000",4000000
Barry Church,5924,S,JAX,40.1,49.9,405,156.0,2018,889,Barry Church,2018,30,4,"$26,000,000",6500000
Mike Adams,1972,S,CAR,42.1,49.2,598,157.0,2018,1002,Mike Adams,2018,36,2,"$4,200,000",2100000
Harrison Smith,7641,S,MIN,91.6,91.8,701,1.0,2017,1148,Harrison Smith,2017,28,5,"$51,250,000",10250000
Glover Quin,5035,S,DET,91.3,90.6,645,6.0,2017,945,Glover Quin,2017,31,2,"$13,000,000",6500000
Micah Hyde,7941,S,BUF,90.4,87.7,664,11.0,2017,998,Micah Hyde,2017,26,5,"$30,500,000",6100000
Jordan Poyer,8000,S,BUF,90.9,87.7,636,11.0,2017,965,Jordan Poyer,2017,25,4,"$13,000,000",3250000
Patrick Robinson,5557,CB,PHI,89.9,87.0,641,13.0,2017,1010,Patrick Robinson,2017,29,1,"$775,000",775000
Antoine Bethea,3152,S,ARZ,87.6,86.4,511,14.0,2017,883,Antoine Bethea,2017,32,3,"$12,750,000",4250000
A.J. Bouye,8110,CB,JAX,84.7,84.5,778,18.0,2017,873,A.J. Bouye,2017,25,5,"$67,500,000",13500000
Stephon Gilmore,7016,CB,NE,87.2,83.0,654,20.0,2017,1039,Stephon Gilmore,2017,26,5,"$65,000,000",13000000
Jimmy Smith,6179,CB,BLT,84.1,81.9,356,22.0,2017,1361,Jimmy Smith,2017,28,4,"$41,102,000",10275500
Tramon Williams,3558,CB,ARZ,83.8,81.5,438,23.0,2017,1054,Tramon Williams,2017,34,1,"$2,000,000",2000000
Aqib Talib,4334,CB,DEN,81.6,81.4,465,25.0,2017,1493,Aqib Talib,2017,31,6,"$57,000,000",9500000
Andrew Sendejo,6118,S,MIN,81.3,81.0,539,27.0,2017,1069,Andrew Sendejo,2017,29,4,"$16,000,000",4000000
Darius Slay,7817,CB,DET,80.0,80.6,649,28.0,2017,1115,Darius Slay,2017,26,4,"$48,150,000",12037500
Tre Boston,8763,S,LAC,89.0,80.6,631,28.0,2017,1055,Tre Boston,2017,24,1,"$900,000",900000
Nickell Robey-Coleman,8483,CB,LA,83.3,80.5,489,30.0,2017,1007,Nickell Robey-Coleman,2017,25,1,"$855,000",855000
Tyvon Branch,4414,S,ARZ,79.7,79.2,361,32.0,2017,1264,Tyvon Branch,2017,30,2,"$8,000,000",4000000
Rashaan Melvin,8334,CB,IND,75.9,77.9,346,38.0,2017,1213,Rashaan Melvin,2017,27,2,"$1,450,000",725000
Bryce Callahan,10000,CB,CHI,77.3,77.7,374,39.0,2017,898,Bryce Callahan,2017,25,1,"$615,000",615000
Kam Chancellor,5656,S,SEA,72.7,77.7,384,39.0,2017,975,Kam Chancellor,2017,29,3,"$36,000,000",12000000
Robert Alford,7841,CB,ATL,74.2,76.7,744,42.0,2017,1219,Robert Alford,2017,29,4,"$38,000,000",9500000
Jeff Heath,8396,S,DAL,80.8,76.6,561,43.0,2017,1158,Jeff Heath,2017,25,4,"$7,671,000",1917750
Jason McCourty,5127,CB,CLV,73.5,76.3,516,45.0,2017,954,Jason McCourty,2017,29,2,"$6,000,000",3000000
Rodney McLeod,7271,S,PHI,81.6,76.2,734,47.0,2017,1223,Rodney McLeod,2017,26,5,"$35,000,000",7000000
Mike Adams,1972,S,CAR,80.3,75.9,678,48.0,2017,1002,Mike Adams,2017,35,2,"$4,200,000",2100000
K'Waun Williams,9332,CB,SF,73.8,75.3,428,49.0,2017,974,K'Waun Williams,2017,25,3,"$8,850,000",2950000
Desmond Trufant,7803,CB,ATL,72.8,75.1,668,50.0,2017,930,Desmond Trufant,2017,26,5,"$68,750,000",13750000
Malcolm Jenkins,4937,S,PHI,74.3,74.5,802,55.0,2017,1184,Malcolm Jenkins,2017,29,4,"$35,000,000",8750000
Brent Grimes,3589,CB,TB,75.2,74.1,521,59.0,2017,1086,Brent Grimes,2017,33,2,"$13,500,000",6750000
Duron Harmon,7872,S,NE,79.5,73.6,618,61.0,2017,939,Duron Harmon,2017,26,4,"$17,000,000",4250000
Bradley McDougald,8220,S,SEA,82.0,73.5,395,63.0,2017,892,Bradley McDougald,2017,26,1,"$1,800,000",1800000
Prince Amukamara,6171,CB,CHI,71.5,73.3,513,65.0,2017,1015,Prince Amukamara,2017,27,1,"$7,000,000",7000000
Eric Weddle,3653,S,BLT,76.1,73.3,670,65.0,2017,1144,Eric Weddle,2017,32,4,"$26,000,000",6500000
Tyrann Mathieu,7850,CB,ARZ,69.1,72.6,666,67.0,2017,1263,Tyrann Mathieu,2017,25,5,"$62,500,000",12500000
Barry Church,5924,S,JAX,72.2,72.5,760,68.0,2017,889,Barry Church,2017,29,4,"$26,000,000",6500000
Xavier Rhodes,7806,CB,MIN,71.0,72.4,644,69.0,2017,1062,Xavier Rhodes,2017,27,5,"$70,100,000",14020000
Josh Norman,7649,CB,WAS,69.3,72.2,526,71.0,2017,1168,Josh Norman,2017,29,5,"$75,000,000",15000000
Ricardo Allen,8782,S,ATL,71.1,72.1,697,72.0,2017,1023,Ricardo Allen,2017,25,1,"$615,000",615000
Malcolm Butler,9040,CB,NE,69.7,71.5,770,75.0,2017,991,Malcolm Butler,2017,27,1,"$3,910,000",3910000
Devin McCourty,5552,S,NE,66.7,71.5,784,75.0,2017,1343,Devin McCourty,2017,29,5,"$47,500,000",9500000
George Iloka,7159,S,CIN,70.1,71.4,562,78.0,2017,1146,George Iloka,2017,26,5,"$30,000,000",6000000
Ross Cockrell,8744,CB,NYG,74.1,71.1,401,79.0,2017,1030,Ross Cockrell,2017,25,1,"$1,100,000",1100000
Jahleel Addae,8117,S,LAC,70.3,70.6,624,80.0,2017,952,Jahleel Addae,2017,27,4,"$22,500,000",5625000
Patrick Chung,4957,S,NE,74.4,70.6,738,80.0,2017,1414,Patrick Chung,2017,29,3,"$8,200,000",2733333
Tony Jefferson,8361,S,BLT,65.5,70.2,668,82.0,2017,1050,Tony Jefferson,2017,25,4,"$34,000,000",8500000
Andre Hal,8850,S,HST,64.4,69.6,563,85.0,2017,880,Andre Hal,2017,25,3,"$15,000,000",5000000
Joe Haden,5532,CB,PIT,70.5,69.3,412,87.0,2017,960,Joe Haden,2017,28,3,"$27,000,000",9000000
Patrick Peterson,6157,CB,ARZ,68.4,69.2,630,88.0,2017,1204,Patrick Peterson,2017,25,5,"$70,050,000",14010000
Reshad Jones,5686,S,MIA,56.1,68.4,607,91.0,2017,1022,Reshad Jones,2017,29,5,"$60,000,000",12000000
Eddie Jackson,11867,S,CHI,69.0,68.3,627,92.0,2017,941,Eddie Jackson,2017,24,4,"$3,065,797",766449
Trumaine Johnson,7067,CB,LA,68.4,67.9,645,94.0,2017,1059,Trumaine Johnson,2017,27,1,"$16,742,400",16742400
Brandon Carr,4454,CB,BLT,66.2,67.7,629,97.0,2017,895,Brandon Carr,2017,30,4,"$23,500,000",5875000
Dominique Rodgers-Cromartie,4330,CB,NYG,69.0,67.6,393,98.0,2017,1561,Dominique Rodgers-Cromartie,2017,30,5,"$35,000,000",7000000
Terence Newman,1321,CB,MIN,63.9,66.6,419,102.0,2017,1045,Terence Newman,2017,38,1,"$3,250,000",3250000
Kareem Jackson,5545,CB,HST,57.9,66.1,541,106.0,2017,1380,Kareem Jackson,2017,28,4,"$34,000,000",8500000
Buster Skrine,6289,CB,NYJ,61.4,65.9,604,107.0,2017,1292,Buster Skrine,2017,27,4,"$25,000,000",6250000
Jamar Taylor,7835,CB,CLV,62.7,65.9,550,107.0,2017,1152,Jamar Taylor,2017,26,3,"$16,500,000",5500000
Sean Smith,4984,CB,LV,63.9,65.8,444,110.0,2017,1229,Sean Smith,2017,29,4,"$38,000,000",9500000
Logan Ryan,7864,CB,TEN,62.0,65.4,686,111.0,2017,989,Logan Ryan,2017,26,3,"$30,000,000",10000000
Darryl Roberts,9680,CB,NYJ,66.2,65.2,322,115.0,2017,1335,Darryl Roberts,2017,26,4,"$2,334,223",583556
Mike Mitchell,4970,S,PIT,61.3,64.9,433,117.0,2017,1632,Mike Mitchell,2017,29,5,"$25,000,000",5000000
Marcus Gilchrist,6202,S,HST,63.2,64.5,501,119.0,2017,995,Marcus Gilchrist,2017,28,1,"$3,000,000",3000000
Robert McClain,5771,CB,TB,65.6,64.1,446,122.0,2017,1026,Robert McClain,2017,28,1,"$775,000",775000
Reggie Nelson,3637,S,LV,52.9,63.8,601,124.0,2017,1216,Reggie Nelson,2017,33,2,"$8,500,000",4250000
Dre Kirkpatrick,7023,CB,CIN,61.8,63.5,527,126.0,2017,937,Dre Kirkpatrick,2017,27,5,"$52,500,000",10500000
Darius Butler,4964,S,IND,65.5,63.3,352,127.0,2017,919,Darius Butler,2017,30,1,"$3,000,000",3000000
Morris Claiborne,7012,CB,NYJ,58.3,62.9,534,128.0,2017,1004,Morris Claiborne,2017,27,1,"$5,000,000",5000000
Kayvon Webster,7871,CB,LA,62.3,62.4,374,132.0,2017,976,Kayvon Webster,2017,26,2,"$7,750,000",3875000
Davon House,6283,CB,GB,60.0,62.3,391,133.0,2017,922,Davon House,2017,27,1,"$2,800,000",2800000
T.J. McDonald,7852,S,MIA,56.7,62.2,328,135.0,2017,1042,T.J. McDonald,2017,26,4,"$24,010,000",6002500
Darian Stewart,5820,S,DEN,56.0,61.9,513,139.0,2017,1113,Darian Stewart,2017,29,4,"$28,000,000",7000000
Daniel Sorensen,9253,S,KC,71.8,60.5,655,140.0,2017,918,Daniel Sorensen,2017,27,4,"$16,000,000",4000000
Leonard Johnson,7385,CB,BUF,60.8,60.1,505,144.0,2017,988,Leonard Johnson,2017,26,1,"$855,000",855000
Tavon Wilson,7051,S,DET,56.2,60.1,328,144.0,2017,1248,Tavon Wilson,2017,26,2,"$2,200,000",1100000
Captain Munnerlyn,5140,CB,CAR,60.4,58.9,351,147.0,2017,901,Captain Munnerlyn,2017,28,4,"$17,500,000",4375000
Ron Parker,6625,S,KC,56.0,57.3,674,150.0,2017,1434,Ron Parker,2017,29,5,"$25,000,000",5000000
Orlando Scandrick,4457,CB,DAL,48.9,55.3,388,153.0,2017,1413,Orlando Scandrick,2017,29,5,"$19,000,000",3800000
Kurt Coleman,5767,S,CAR,45.7,52.9,525,155.0,2017,1176,Kurt Coleman,2017,29,3,"$17,000,000",5666667
Keith Tandy,7166,S,TB,90.5,91.4,240,1.0,2016,1173,Keith Tandy,2016,27,2,"$1,850,000",925000
Devin McCourty,5552,S,NE,92.1,91.1,804,2.0,2016,1343,Devin McCourty,2016,28,5,"$47,500,000",9500000
Dominique Rodgers-Cromartie,4330,CB,NYG,90.6,90.2,534,3.0,2016,1561,Dominique Rodgers-Cromartie,2016,29,5,"$35,000,000",7000000
Eric Weddle,3653,S,BLT,88.7,90.0,656,5.0,2016,1144,Eric Weddle,2016,31,4,"$26,000,000",6500000
Eric Berry,5530,S,KC,90.3,89.9,710,6.0,2016,1142,Eric Berry,2016,27,1,"$10,806,000",10806000
Aqib Talib,4334,CB,DEN,89.8,88.9,515,7.0,2016,1493,Aqib Talib,2016,30,6,"$57,000,000",9500000
Brent Grimes,3589,CB,TB,87.4,88.6,609,8.0,2016,1086,Brent Grimes,2016,32,2,"$13,500,000",6750000
A.J. Bouye,8110,CB,HST,89.9,87.4,576,9.0,2016,1063,A.J. Bouye,2016,24,1,"$1,671,000",1671000
Quintin Demps,4431,S,HST,83.1,86.1,444,10.0,2016,1209,Quintin Demps,2016,30,1,"$1,500,000",1500000
Malcolm Butler,9040,CB,NE,86.9,83.3,797,12.0,2016,1621,Malcolm Butler,2016,26,3,"$1,530,000",510000
Terence Newman,1321,CB,MIN,83.0,83.0,459,13.0,2016,1250,Terence Newman,2016,37,1,"$2,500,000",2500000
Lardarius Webb,5011,S,BLT,82.0,81.7,649,17.0,2016,1392,Lardarius Webb,2016,30,3,"$16,250,000",5416667
Kam Chancellor,5656,S,SEA,78.5,81.6,507,19.0,2016,1790,Kam Chancellor,2016,28,4,"$28,002,008",7000502
Darius Butler,4964,CB,IND,85.9,81.4,338,20.0,2016,1331,Darius Butler,2016,29,2,"$5,000,000",2500000
Ricardo Allen,8782,S,ATL,85.8,81.2,918,21.0,2016,1217,Ricardo Allen,2016,24,1,"$525,000",525000
Darius Slay,7817,CB,DET,80.2,80.4,510,22.0,2016,1115,Darius Slay,2016,25,4,"$48,150,000",12037500
William Gay,3786,CB,PIT,79.2,80.0,691,23.0,2016,1266,William Gay,2016,31,3,"$7,500,000",2500000
Patrick Peterson,6157,CB,ARZ,80.1,79.8,648,24.0,2016,1204,Patrick Peterson,2016,24,5,"$70,050,000",14010000
Jahleel Addae,8117,S,LAC,80.3,79.5,319,27.0,2016,1151,Jahleel Addae,2016,26,1,"$2,553,000",2553000
Richard Sherman,6306,CB,SEA,76.9,79.3,706,28.0,2016,1653,Richard Sherman,2016,28,4,"$56,000,000",14000000
Glover Quin,5035,S,DET,79.3,77.5,676,29.0,2016,1767,Glover Quin,2016,30,5,"$23,500,000",4700000
Tavon Wilson,7051,S,DET,73.4,77.3,434,30.0,2016,1248,Tavon Wilson,2016,25,2,"$2,200,000",1100000
Will Blackmon,3060,S,WAS,76.5,76.9,366,31.0,2016,1265,Will Blackmon,2016,31,2,"$2,050,000",1025000
Mike Adams,1972,S,IND,70.1,75.9,617,34.0,2016,1407,Mike Adams,2016,34,2,"$4,850,000",2425000
Morgan Burnett,5596,S,GB,71.3,75.6,709,35.0,2016,1816,Morgan Burnett,2016,27,4,"$24,750,000",6187500
Harrison Smith,7641,S,MIN,68.5,75.1,564,36.0,2016,1148,Harrison Smith,2016,27,5,"$51,250,000",10250000
Malcolm Jenkins,4937,S,PHI,74.7,74.5,643,39.0,2016,1184,Malcolm Jenkins,2016,28,4,"$35,000,000",8750000
Sean Smith,4984,CB,LV,74.3,74.0,561,41.0,2016,1229,Sean Smith,2016,28,4,"$38,000,000",9500000
Tony Jefferson,8361,S,ARZ,59.5,73.9,573,42.0,2016,1253,Tony Jefferson,2016,24,1,"$1,671,000",1671000
Kurt Coleman,5767,S,CAR,72.5,73.3,661,44.0,2016,1176,Kurt Coleman,2016,28,3,"$17,000,000",5666667
Jamar Taylor,7835,CB,CLV,77.7,73.2,533,46.0,2016,1152,Jamar Taylor,2016,25,3,"$16,500,000",5500000
Ron Parker,6625,S,KC,74.5,72.8,723,49.0,2016,1434,Ron Parker,2016,28,5,"$25,000,000",5000000
Reggie Nelson,3637,S,LV,69.3,71.7,671,51.0,2016,1216,Reggie Nelson,2016,32,2,"$8,500,000",4250000
Josh Norman,7649,CB,WAS,76.6,71.7,650,51.0,2016,1168,Josh Norman,2016,28,5,"$75,000,000",15000000
Rodney McLeod,7271,S,PHI,70.1,71.6,643,53.0,2016,1223,Rodney McLeod,2016,25,5,"$35,000,000",7000000
Byron Maxwell,6325,CB,MIA,74.5,71.5,539,54.0,2016,1293,Byron Maxwell,2016,28,6,"$63,000,000",10500000
Ross Cockrell,8744,CB,PIT,70.1,71.1,812,56.0,2016,1227,Ross Cockrell,2016,24,1,"$600,000",600000
Darian Stewart,5820,S,DEN,72.8,71.1,633,56.0,2016,1113,Darian Stewart,2016,28,4,"$28,000,000",7000000
Shawn Williams,7865,S,CIN,67.0,71.0,571,58.0,2016,1236,Shawn Williams,2016,25,4,"$20,185,000",5046250
Jairus Byrd,4965,S,NO,70.5,70.2,583,61.0,2016,1580,Jairus Byrd,2016,29,6,"$54,000,000",9000000
Trumaine Johnson,7067,CB,LA,73.9,70.0,605,63.0,2016,1260,Trumaine Johnson,2016,26,1,"$13,952,000",13952000
Corey Graham,3784,S,BUF,67.9,69.8,599,65.0,2016,1535,Corey Graham,2016,30,4,"$16,300,000",4075000
Kareem Jackson,5545,CB,HST,71.7,69.6,541,67.0,2016,1380,Kareem Jackson,2016,27,4,"$34,000,000",8500000
Mike Mitchell,4970,S,PIT,71.2,69.0,797,72.0,2016,1632,Mike Mitchell,2016,28,5,"$25,000,000",5000000
George Iloka,7159,S,CIN,69.4,68.0,665,81.0,2016,1146,George Iloka,2016,25,5,"$30,000,000",6000000
Orlando Scandrick,4457,CB,DAL,69.9,67.9,497,82.0,2016,1413,Orlando Scandrick,2016,28,5,"$19,000,000",3800000
Dwight Lowery,4427,S,LAC,73.1,67.9,640,82.0,2016,1137,Dwight Lowery,2016,30,3,"$7,200,000",2400000
Bradley McDougald,8220,S,TB,62.9,67.4,622,85.0,2016,1079,Bradley McDougald,2016,25,1,"$2,553,000",2553000
Isa Abdul-Quddus,6722,S,MIA,70.2,67.3,592,86.0,2016,1149,Isa Abdul-Quddus,2016,27,3,"$12,750,000",4250000
Jimmy Smith,6179,CB,BLT,65.6,67.2,380,88.0,2016,1361,Jimmy Smith,2016,27,4,"$41,102,000",10275500
Johnathan Joseph,2969,CB,HST,64.2,67.2,480,88.0,2016,1364,Johnathan Joseph,2016,32,2,"$13,500,000",6750000
T.J. Ward,5563,S,DEN,65.2,66.7,582,91.0,2016,1670,T.J. Ward,2016,29,4,"$22,500,000",5625000
Captain Munnerlyn,5140,CB,MIN,66.3,66.5,461,92.0,2016,1514,Captain Munnerlyn,2016,27,3,"$11,250,000",3750000
Prince Amukamara,6171,CB,JAX,63.8,66.3,546,93.0,2016,1208,Prince Amukamara,2016,26,1,"$5,500,000",5500000
Tramon Williams,3558,CB,CLV,63.7,65.8,381,95.0,2016,1459,Tramon Williams,2016,33,3,"$21,000,000",7000000
Jason McCourty,5127,CB,TEN,63.5,65.6,557,98.0,2016,1951,Jason McCourty,2016,29,6,"$43,040,000",7173333
Rashaan Melvin,8334,CB,IND,63.6,65.5,419,99.0,2016,1213,Rashaan Melvin,2016,26,2,"$1,450,000",725000
Robert Alford,7841,CB,ATL,67.2,65.5,903,99.0,2016,1219,Robert Alford,2016,28,4,"$38,000,000",9500000
David Amerson,7832,CB,LV,65.1,64.9,621,103.0,2016,1120,David Amerson,2016,24,4,"$33,930,000",8482500
Brice McCain,5112,CB,TEN,65.8,64.1,636,107.0,2016,1088,Brice McCain,2016,29,2,"$4,400,000",2200000
Andrew Sendejo,6118,S,MIN,60.4,64.1,556,107.0,2016,1069,Andrew Sendejo,2016,28,4,"$16,000,000",4000000
Brandon Carr,4454,CB,DAL,63.7,64.0,751,109.0,2016,1891,Brandon Carr,2016,29,5,"$50,100,000",10020000
Darrelle Revis,3630,CB,NYJ,62.3,63.8,545,110.0,2016,1333,Darrelle Revis,2016,30,5,"$70,121,060",14024212
Rafael Bush,5779,S,DET,60.3,63.8,367,110.0,2016,1210,Rafael Bush,2016,28,1,"$1,500,000",1500000
Shareece Wright,6241,CB,BLT,59.8,63.4,426,115.0,2016,1233,Shareece Wright,2016,28,3,"$13,000,000",4333333
Marcus Gilchrist,6202,S,NYJ,60.2,62.7,510,118.0,2016,1404,Marcus Gilchrist,2016,27,4,"$22,000,000",5500000
Tyrann Mathieu,7850,S,ARZ,60.4,62.3,362,121.0,2016,1263,Tyrann Mathieu,2016,24,5,"$62,500,000",12500000
Sterling Moore,6871,CB,NO,63.7,62.3,522,121.0,2016,1241,Sterling Moore,2016,26,1,"$840,000",840000
Leodis McKelvin,4325,CB,PHI,61.6,62.2,373,123.0,2016,1178,Leodis McKelvin,2016,30,2,"$6,200,000",3100000
Duke Ihenacho,7297,S,WAS,67.4,61.9,396,124.0,2016,1133,Duke Ihenacho,2016,26,1,"$675,000",675000
Nolan Carroll,5668,CB,PHI,61.5,61.4,582,128.0,2016,1202,Nolan Carroll,2016,29,1,"$2,360,000",2360000
Joe Haden,5532,CB,CLV,60.0,61.3,482,129.0,2016,1363,Joe Haden,2016,26,5,"$67,500,000",13500000
Antoine Bethea,3152,S,SF,54.1,59.4,609,133.0,2016,1489,Antoine Bethea,2016,31,4,"$21,000,000",5250000
Buster Skrine,6289,CB,NYJ,56.0,59.2,499,134.0,2016,1292,Buster Skrine,2016,26,4,"$25,000,000",6250000
Donte Whitner,2953,S,WAS,52.8,57.2,356,140.0,2016,1132,Donte Whitner,2016,30,1,"$985,000",985000
B.W. Webb,7896,CB,NO,54.5,56.8,419,141.0,2016,1075,B.W. Webb,2016,25,1,"$675,000",675000
Michael Thomas,7279,S,MIA,52.9,56.7,362,142.0,2016,1194,Michael Thomas,2016,25,1,"$675,000",675000
Jeremy Lane,7164,CB,SEA,54.6,55.2,561,145.0,2016,1159,Jeremy Lane,2016,25,4,"$23,000,000",5750000
Patrick Chung,4957,S,NE,48.3,54.4,773,146.0,2016,1414,Patrick Chung,2016,28,3,"$8,200,000",2733333
Corey White,7652,CB,BUF,62.1,54.3,264,147.0,2016,1108,Corey White,2016,25,1,"$840,000",840000
Vontae Davis,4948,CB,IND,52.8,52.7,526,151.0,2016,1689,Vontae Davis,2016,27,4,"$36,000,000",9000000
Tracy Porter,4354,CB,CHI,46.0,49.4,576,154.0,2016,1254,Tracy Porter,2016,29,3,"$12,000,000",4000000
Leonard Johnson,7385,CB,CAR,47.2,46.3,348,157.0,2016,1181,Leonard Johnson,2016,26,1,"$760,000",760000
Perrish Cox,5660,CB,TEN,42.0,42.9,429,159.0,2016,1416,Perrish Cox,2016,29,3,"$15,000,000",5000000
Charles Woodson,330,S,LV,92.1,90.1,737,3.0,2015,1304,Charles Woodson,2015,38,1,"$3,200,000",3200000
Josh Norman,7649,CB,CAR,89.9,85.7,856,5.0,2015,1959,Josh Norman,2015,27,4,"$2,299,000",574750
Kurt Coleman,5767,S,CAR,88.8,84.3,827,7.0,2015,1389,Kurt Coleman,2015,26,2,"$2,800,000",1400000
Richard Sherman,6306,CB,SEA,79.4,79.9,688,9.0,2015,1653,Richard Sherman,2015,27,4,"$56,000,000",14000000
Johnathan Joseph,2969,CB,HST,83.0,79.9,580,9.0,2015,1364,Johnathan Joseph,2015,31,2,"$13,500,000",6750000
Patrick Chung,4957,S,NE,79.3,78.8,667,14.0,2015,1414,Patrick Chung,2015,27,3,"$8,200,000",2733333
Reshad Jones,5686,S,MIA,67.3,78.0,625,16.0,2015,1834,Reshad Jones,2015,27,4,"$28,012,000",7003000
Darian Stewart,5820,S,DEN,76.2,77.7,647,18.0,2015,1330,Darian Stewart,2015,26,2,"$4,250,000",2125000
Devin McCourty,5552,S,NE,78.0,77.1,694,20.0,2015,1343,Devin McCourty,2015,27,5,"$47,500,000",9500000
Dominique Rodgers-Cromartie,4330,CB,NYG,76.9,76.6,555,22.0,2015,1561,Dominique Rodgers-Cromartie,2015,28,5,"$35,000,000",7000000
Captain Munnerlyn,5140,CB,MIN,76.4,76.4,558,24.0,2015,1514,Captain Munnerlyn,2015,26,3,"$11,250,000",3750000
Delvin Breaux,10251,CB,NO,75.9,75.8,579,26.0,2015,1339,Delvin Breaux,2015,25,3,"$1,587,000",529000
Malcolm Jenkins,4937,S,PHI,75.5,75.8,733,26.0,2015,1622,Malcolm Jenkins,2015,27,3,"$15,500,000",5166667
Mike Mitchell,4970,S,PIT,78.6,75.4,784,29.0,2015,1632,Mike Mitchell,2015,27,5,"$25,000,000",5000000
Eric Weddle,3653,S,LAC,78.4,75.3,448,30.0,2015,2091,Eric Weddle,2015,30,5,"$40,000,000",8000000
Rodney McLeod,7271,S,LA,71.3,74.9,715,32.0,2015,1433,Rodney McLeod,2015,24,1,"$2,356,000",2356000
Morgan Burnett,5596,S,GB,68.4,74.4,506,33.0,2015,1816,Morgan Burnett,2015,26,4,"$24,750,000",6187500
Sean Smith,4984,CB,KC,71.4,74.0,642,36.0,2015,1849,Sean Smith,2015,27,3,"$16,500,000",5500000
Malcolm Butler,9040,CB,NE,73.3,73.0,798,40.0,2015,1621,Malcolm Butler,2015,25,3,"$1,530,000",510000
Walter Thurmond,5635,S,PHI,71.4,72.6,729,43.0,2015,1470,Walter Thurmond,2015,27,1,"$3,250,000",3250000
Sam Shields,5943,CB,GB,75.0,72.6,501,43.0,2015,1662,Sam Shields,2015,27,4,"$39,000,000",9750000
Aqib Talib,4334,CB,DEN,73.4,72.5,780,46.0,2015,1493,Aqib Talib,2015,29,6,"$57,000,000",9500000
Donte Whitner,2953,S,CLV,70.4,71.6,494,48.0,2015,1563,Donte Whitner,2015,29,4,"$28,000,000",7000000
Reggie Nelson,3637,S,CIN,74.2,71.6,730,48.0,2015,1995,Reggie Nelson,2015,31,4,"$18,000,000",4500000
Kam Chancellor,5656,S,SEA,68.0,71.4,472,50.0,2015,1790,Kam Chancellor,2015,27,4,"$28,002,008",7000502
Marcus Gilchrist,6202,S,NYJ,64.7,70.8,696,53.0,2015,1404,Marcus Gilchrist,2015,26,4,"$22,000,000",5500000
Ron Parker,6625,S,KC,69.7,70.6,794,55.0,2015,1434,Ron Parker,2015,27,5,"$25,000,000",5000000
Vontae Davis,4948,CB,IND,69.7,70.1,636,56.0,2015,1689,Vontae Davis,2015,26,4,"$36,000,000",9000000
Michael Thomas,7279,S,MIA,68.6,70.1,367,56.0,2015,1406,Michael Thomas,2015,24,1,"$585,000",585000
Will Allen,1832,S,PIT,60.8,68.9,617,62.0,2015,1471,Will Allen,2015,32,1,"$1,050,000",1050000
Antrel Rolle,2225,S,CHI,65.3,68.6,236,63.0,2015,1273,Antrel Rolle,2015,32,3,"$11,250,000",3750000
Darrelle Revis,3630,CB,NYJ,66.3,68.5,584,64.0,2015,1333,Darrelle Revis,2015,29,5,"$70,121,060",14024212
Patrick Robinson,5557,CB,LAC,67.4,68.5,448,64.0,2015,1415,Patrick Robinson,2015,27,1,"$2,000,000",2000000
Terence Newman,1321,CB,MIN,64.9,68.2,625,67.0,2015,1454,Terence Newman,2015,36,1,"$2,250,000",2250000
Da'Norris Searcy,6252,S,TEN,66.2,68.2,490,67.0,2015,1328,Da'Norris Searcy,2015,26,4,"$23,750,000",5937500
William Gay,3786,CB,PIT,66.5,67.8,788,71.0,2015,1868,William Gay,2015,30,3,"$4,500,000",1500000
Brent Grimes,3589,CB,MIA,63.9,67.6,535,72.0,2015,1506,Brent Grimes,2015,31,4,"$32,000,000",8000000
T.J. Ward,5563,S,DEN,70.2,67.4,571,73.0,2015,1670,T.J. Ward,2015,28,4,"$22,500,000",5625000
Isa Abdul-Quddus,6722,S,DET,62.5,66.9,403,75.0,2015,1348,Isa Abdul-Quddus,2015,26,1,"$1,500,000",1500000
Trevin Wade,7227,CB,NYG,64.8,66.8,371,76.0,2015,1464,Trevin Wade,2015,25,2,"$1,260,000",630000
Quintin Demps,4431,S,HST,67.8,66.4,519,78.0,2015,1420,Quintin Demps,2015,30,1,"$870,000",870000
Tyvon Branch,4414,S,KC,61.1,66.3,411,79.0,2015,1467,Tyvon Branch,2015,28,1,"$2,100,000",2100000
Kareem Jackson,5545,CB,HST,64.8,65.7,429,80.0,2015,1380,Kareem Jackson,2015,26,4,"$34,000,000",8500000
Sterling Moore,6871,CB,TB,61.9,65.7,412,80.0,2015,1445,Sterling Moore,2015,25,1,"$1,525,000",1525000
Lardarius Webb,5011,CB,BLT,63.4,65.4,558,82.0,2015,1392,Lardarius Webb,2015,29,3,"$16,250,000",5416667
Jairus Byrd,4965,S,NO,60.5,65.0,514,87.0,2015,1580,Jairus Byrd,2015,28,6,"$54,000,000",9000000
Robert Alford,7841,CB,ATL,63.7,64.9,555,88.0,2015,1837,Robert Alford,2015,26,4,"$3,401,398",850350
Tramon Williams,3558,CB,CLV,62.7,64.3,551,91.0,2015,1459,Tramon Williams,2015,32,3,"$21,000,000",7000000
Shareece Wright,6241,CB,BLT,62.4,63.7,325,92.0,2015,1440,Shareece Wright,2015,27,1,"$2,950,000",2950000
Barry Church,5924,S,DAL,49.4,63.6,508,94.0,2015,1888,Barry Church,2015,27,4,"$8,827,000",2206750
Corey Graham,3784,S,BUF,50.4,63.4,612,96.0,2015,1535,Corey Graham,2015,29,4,"$16,300,000",4075000
Davon House,6283,CB,JAX,66.6,63.2,647,99.0,2015,1336,Davon House,2015,25,4,"$24,500,000",6125000
Bradley McDougald,8220,S,TB,61.8,63.2,518,99.0,2015,1279,Bradley McDougald,2015,24,1,"$585,000",585000
Perrish Cox,5660,CB,TEN,65.1,63.0,400,101.0,2015,1416,Perrish Cox,2015,28,3,"$15,000,000",5000000
Charles Tillman,1351,CB,CAR,58.1,62.6,490,102.0,2015,1303,Charles Tillman,2015,34,1,"$2,000,000",2000000
Roman Harper,2988,S,CAR,63.4,62.5,724,103.0,2015,1655,Roman Harper,2015,32,5,"$10,625,000",2125000
Dwight Lowery,4427,S,IND,60.9,62.3,659,105.0,2015,1346,Dwight Lowery,2015,29,1,"$950,000",950000
Kendrick Lewis,5659,S,BLT,64.0,62.3,574,105.0,2015,1384,Kendrick Lewis,2015,28,3,"$5,400,000",1800000
Mike Adams,1972,S,IND,53.0,62.0,487,108.0,2015,1407,Mike Adams,2015,33,2,"$4,850,000",2425000
Nolan Carroll,5668,CB,PHI,61.2,61.8,456,109.0,2015,1636,Nolan Carroll,2015,28,2,"$3,650,000",1825000
Kyle Wilson,5554,CB,NO,67.2,61.6,368,110.0,2015,1391,Kyle Wilson,2015,27,1,"$825,000",825000
Jimmy Smith,6179,CB,BLT,60.6,61.0,624,111.0,2015,1361,Jimmy Smith,2015,26,4,"$41,102,000",10275500
Glover Quin,5035,S,DET,57.4,60.8,569,112.0,2015,1767,Glover Quin,2015,29,5,"$23,500,000",4700000
Phillip Adams,5747,CB,ATL,59.1,60.6,322,113.0,2015,1418,Phillip Adams,2015,26,1,"$745,000",745000
Rashad Johnson,5018,S,ARZ,57.1,60.6,635,113.0,2015,1830,Rashad Johnson,2015,29,3,"$3,600,000",1200000
Brandon Carr,4454,CB,DAL,56.0,59.3,601,116.0,2015,1891,Brandon Carr,2015,28,5,"$50,100,000",10020000
Byron Maxwell,6325,CB,PHI,54.4,58.4,552,120.0,2015,1293,Byron Maxwell,2015,27,6,"$63,000,000",10500000
Darius Butler,4964,CB,IND,55.9,57.6,413,122.0,2015,1331,Darius Butler,2015,28,2,"$5,000,000",2500000
Michael Griffin,3635,S,TEN,54.5,57.5,526,124.0,2015,1979,Michael Griffin,2015,30,5,"$35,000,000",7000000
Dashon Goldson,3742,S,WAS,61.6,57.3,640,126.0,2015,1748,Dashon Goldson,2015,30,5,"$41,250,000",8250000
Will Blackmon,3060,CB,WAS,54.0,57.1,548,127.0,2015,1472,Will Blackmon,2015,30,1,"$950,000",950000
Cary Williams,4543,CB,WAS,47.5,57.1,377,127.0,2015,1297,Cary Williams,2015,30,3,"$18,000,000",6000000
Tracy Porter,4354,CB,CHI,54.2,56.9,523,131.0,2015,1458,Tracy Porter,2015,28,1,"$870,000",870000
Brice McCain,5112,CB,MIA,58.4,56.4,400,133.0,2015,1289,Brice McCain,2015,28,2,"$5,500,000",2750000
Jerraud Powers,5015,CB,ARZ,55.0,56.2,579,134.0,2015,1779,Jerraud Powers,2015,27,3,"$10,500,000",3500000
Alterraun Verner,5628,CB,TB,53.4,55.5,386,136.0,2015,1483,Alterraun Verner,2015,26,4,"$25,750,000",6437500
William Moore,4978,S,ATL,53.2,55.3,289,137.0,2015,1870,William Moore,2015,29,5,"$30,000,000",6000000
Antonio Cromartie,2964,CB,NYJ,52.2,53.6,604,140.0,2015,1272,Antonio Cromartie,2015,27,4,"$32,000,000",8000000
Buster Skrine,6289,CB,NYJ,50.6,52.5,530,143.0,2015,1292,Buster Skrine,2015,25,4,"$25,000,000",6250000
Andrew Sendejo,6118,S,MIN,48.5,51.7,533,145.0,2015,1485,Andrew Sendejo,2015,27,2,"$2,000,000",1000000
Neiko Thorpe,7716,CB,LV,52.6,51.2,351,146.0,2015,1412,Neiko Thorpe,2015,25,1,"$585,000",585000
Brandon Meriweather,3640,S,NYG,51.3,50.9,512,147.0,2015,1286,Brandon Meriweather,2015,31,1,"$870,000",870000
E.J. Biggers,5141,CB,PHI,48.7,49.9,403,149.0,2015,1347,E.J. Biggers,2015,27,1,"$745,000",745000
Sergio Brown,5803,S,JAX,40.9,47.4,329,153.0,2015,1438,Sergio Brown,2015,26,3,"$7,000,000",2333333
Greg Toler,5055,CB,IND,40.2,42.0,437,158.0,2015,1769,Greg Toler,2015,30,3,"$14,250,000",4750000
Brandon Flowers,4349,CB,LAC,36.5,38.1,384,159.0,2015,1282,Brandon Flowers,2015,29,4,"$36,400,000",9100000
Brandon Browner,2512,CB,NO,27.5,27.4,633,160.0,2015,1281,Brandon Browner,2015,30,3,"$15,000,000",5000000
Vontae Davis,4948,CB,IND,92.5,93.3,638,1.0,2014,1689,Vontae Davis,2014,25,4,"$36,000,000",9000000
Richard Sherman,6306,CB,SEA,89.5,90.5,730,3.0,2014,1653,Richard Sherman,2014,26,4,"$56,000,000",14000000
Eric Weddle,3653,S,LAC,90.0,90.3,617,4.0,2014,2091,Eric Weddle,2014,29,5,"$40,000,000",8000000
Glover Quin,5035,S,DET,90.4,88.1,737,6.0,2014,1767,Glover Quin,2014,28,5,"$23,500,000",4700000
Antoine Bethea,3152,S,SF,89.6,87.7,649,7.0,2014,1489,Antoine Bethea,2014,29,4,"$21,000,000",5250000
Sean Smith,4984,CB,KC,87.5,87.1,627,10.0,2014,1849,Sean Smith,2014,26,3,"$16,500,000",5500000
Darrelle Revis,3630,CB,NE,83.2,84.1,761,12.0,2014,1549,Darrelle Revis,2014,28,1,"$12,000,000",12000000
Mike Adams,1972,S,IND,85.2,82.3,749,14.0,2014,1629,Mike Adams,2014,33,1,"$1,020,000",1020000
Orlando Scandrick,4457,CB,DAL,81.6,81.4,629,15.0,2014,2140,Orlando Scandrick,2014,27,5,"$15,000,000",3000000
Reshad Jones,5686,S,MIA,64.8,81.0,449,18.0,2014,1834,Reshad Jones,2014,26,4,"$28,012,000",7003000
Dawan Landry,3091,S,NYJ,75.6,80.6,594,19.0,2014,1751,Dawan Landry,2014,31,2,"$3,000,000",1500000
James Ihedigbo,4147,S,DET,80.3,80.0,600,20.0,2014,1585,James Ihedigbo,2014,30,2,"$3,150,000",1575000
Rashean Mathis,1355,CB,DET,80.3,79.4,708,21.0,2014,1650,Rashean Mathis,2014,33,1,"$1,020,000",1020000
Corey Graham,3784,CB,BUF,77.0,79.3,490,22.0,2014,1535,Corey Graham,2014,28,4,"$16,300,000",4075000
Kurt Coleman,5767,S,KC,75.4,79.2,332,23.0,2014,1614,Kurt Coleman,2014,25,1,"$900,000",900000
Brandon Flowers,4349,CB,LAC,78.5,79.0,497,25.0,2014,1499,Brandon Flowers,2014,28,1,"$3,000,000",3000000
Kam Chancellor,5656,S,SEA,80.3,78.2,635,26.0,2014,1790,Kam Chancellor,2014,26,4,"$28,002,008",7000502
Reggie Nelson,3637,S,CIN,82.9,78.2,724,26.0,2014,1995,Reggie Nelson,2014,30,4,"$18,000,000",4500000
Jim Leonhard,2694,S,CLV,82.6,78.1,337,28.0,2014,1595,Jim Leonhard,2014,31,1,"$855,000",855000
Donte Whitner,2953,S,CLV,70.5,78.1,679,28.0,2014,1563,Donte Whitner,2014,28,4,"$28,000,000",7000000
Patrick Chung,4957,S,NE,70.9,77.6,576,30.0,2014,1639,Patrick Chung,2014,26,1,"$1,100,000",1100000
Dominique Rodgers-Cromartie,4330,CB,NYG,76.2,77.1,471,31.0,2014,1561,Dominique Rodgers-Cromartie,2014,27,5,"$35,000,000",7000000
Malcolm Jenkins,4937,S,PHI,75.7,75.9,707,32.0,2014,1622,Malcolm Jenkins,2014,26,3,"$15,500,000",5166667
Ryan Mundy,4508,S,CHI,75.7,75.4,563,33.0,2014,1661,Ryan Mundy,2014,29,2,"$3,000,000",1500000
William Gay,3786,CB,PIT,73.9,74.2,615,36.0,2014,1868,William Gay,2014,29,3,"$4,500,000",1500000
Alterraun Verner,5628,CB,TB,63.8,74.1,500,37.0,2014,1483,Alterraun Verner,2014,25,4,"$25,750,000",6437500
Darian Stewart,5820,S,BLT,70.1,73.7,546,38.0,2014,1547,Darian Stewart,2014,25,1,"$1,300,000",1300000
Johnathan Joseph,2969,CB,HST,74.2,73.6,558,39.0,2014,2111,Johnathan Joseph,2014,30,5,"$48,750,000",9750000
Nate Allen,5562,S,PHI,72.5,73.6,657,39.0,2014,1633,Nate Allen,2014,26,1,"$3,000,000",3000000
Husain Abdullah,4652,S,KC,80.5,72.7,623,43.0,2014,1576,Husain Abdullah,2014,28,2,"$2,275,000",1137500
Morgan Burnett,5596,S,GB,55.0,71.2,639,47.0,2014,1816,Morgan Burnett,2014,25,4,"$24,750,000",6187500
Josh Norman,7649,CB,CAR,72.5,71.2,448,47.0,2014,1959,Josh Norman,2014,26,4,"$2,299,000",574750
Tim Jennings,3007,CB,CHI,67.8,70.9,627,49.0,2014,1677,Tim Jennings,2014,30,4,"$22,400,000",5600000
Jerraud Powers,5015,CB,ARZ,75.7,70.9,571,49.0,2014,1779,Jerraud Powers,2014,26,3,"$10,500,000",3500000
Aqib Talib,4334,CB,DEN,66.1,69.7,671,55.0,2014,1493,Aqib Talib,2014,28,6,"$57,000,000",9500000
Darius Butler,4964,CB,IND,70.2,69.4,528,56.0,2014,1746,Darius Butler,2014,27,2,"$4,000,000",2000000
Barry Church,5924,S,DAL,62.6,68.8,624,58.0,2014,1888,Barry Church,2014,26,4,"$8,827,000",2206750
Troy Polamalu,1332,S,PIT,69.5,68.0,475,63.0,2014,1684,Troy Polamalu,2014,32,2,"$11,750,000",5875000
Captain Munnerlyn,5140,CB,MIN,64.7,67.8,631,64.0,2014,1514,Captain Munnerlyn,2014,25,3,"$11,250,000",3750000
Brent Grimes,3589,CB,MIA,64.8,67.8,598,64.0,2014,1506,Brent Grimes,2014,30,4,"$32,000,000",8000000
Dwight Lowery,4427,S,ATL,62.0,67.5,624,67.0,2014,1566,Dwight Lowery,2014,28,1,"$760,000",760000
Kendrick Lewis,5659,S,HST,59.9,66.9,685,70.0,2014,1611,Kendrick Lewis,2014,27,1,"$795,000",795000
Perrish Cox,5660,CB,SF,64.0,66.4,588,74.0,2014,1640,Perrish Cox,2014,27,1,"$695,000",695000
Leon Hall,3634,CB,CIN,66.9,66.3,611,75.0,2014,2124,Leon Hall,2014,29,4,"$39,000,000",9750000
Alan Ball,3853,CB,JAX,61.7,66.1,306,76.0,2014,1700,Alan Ball,2014,28,2,"$1,675,000",837500
Louis Delmas,4956,S,MIA,63.7,65.6,508,77.0,2014,1617,Louis Delmas,2014,26,1,"$2,250,000",2250000
Cary Williams,4543,CB,PHI,65.6,65.4,704,78.0,2014,1719,Cary Williams,2014,29,3,"$17,000,000",5666667
Charles Woodson,330,S,LV,63.3,65.4,625,78.0,2014,1521,Charles Woodson,2014,37,1,"$2,500,000",2500000
Ron Parker,6625,S,KC,68.9,63.8,617,85.0,2014,1841,Ron Parker,2014,26,2,"$1,200,000",600000
T.J. Ward,5563,S,DEN,55.4,63.7,743,86.0,2014,1670,T.J. Ward,2014,27,4,"$22,500,000",5625000
Brice McCain,5112,CB,PIT,63.3,63.4,462,89.0,2014,1508,Brice McCain,2014,27,1,"$795,000",795000
Antonio Cromartie,2964,CB,ARZ,62.7,63.3,678,90.0,2014,1491,Antonio Cromartie,2014,29,1,"$3,500,000",3500000
Kyle Arrington,4742,CB,NE,60.8,62.9,406,92.0,2014,1797,Kyle Arrington,2014,27,4,"$16,000,000",4000000
Jason McCourty,5127,CB,TEN,59.4,62.6,613,93.0,2014,1951,Jason McCourty,2014,27,6,"$43,040,000",7173333
Sam Shields,5943,CB,GB,63.2,62.5,559,94.0,2014,1662,Sam Shields,2014,26,4,"$39,000,000",9750000
Lardarius Webb,5011,CB,BLT,60.4,62.5,633,94.0,2014,1968,Lardarius Webb,2014,28,6,"$50,000,000",8333333
Terence Newman,1321,CB,CIN,58.7,62.2,548,96.0,2014,1854,Terence Newman,2014,35,2,"$5,000,000",2500000
Cortland Finnegan,3160,CB,MIA,63.0,61.3,434,100.0,2014,1537,Cortland Finnegan,2014,30,2,"$11,000,000",5500000
Darrin Walls,6553,CB,NYJ,57.0,61.0,473,103.0,2014,1551,Darrin Walls,2014,25,2,"$1,900,000",950000
LaRon Landry,3622,S,IND,54.8,60.8,367,104.0,2014,1798,LaRon Landry,2014,29,4,"$24,000,000",6000000
Jimmy Wilson,6387,S,MIA,64.1,60.6,474,106.0,2014,2109,Jimmy Wilson,2014,27,4,"$2,085,900",521475
Major Wright,5600,S,TB,53.6,59.8,298,109.0,2014,1620,Major Wright,2014,25,1,$1,1
Tarell Brown,3763,CB,LV,57.7,59.8,524,109.0,2014,1672,Tarell Brown,2014,29,1,"$3,500,000",3500000
Rafael Bush,5779,S,NO,49.4,57.2,305,115.0,2014,1646,Rafael Bush,2014,26,2,"$3,800,000",1900000
Rashad Johnson,5018,S,ARZ,55.2,57.0,721,116.0,2014,1830,Rashad Johnson,2014,28,3,"$3,600,000",1200000
Thomas DeCoud,4412,S,CAR,61.9,56.0,413,119.0,2014,1676,Thomas DeCoud,2014,28,2,"$3,525,000",1762500
Stevie Brown,5773,S,NYG,47.4,55.9,345,120.0,2014,1668,Stevie Brown,2014,26,1,"$2,750,000",2750000
Greg Toler,5055,CB,IND,50.1,55.9,710,120.0,2014,1769,Greg Toler,2014,29,3,"$14,250,000",4750000
Brandon Carr,4454,CB,DAL,52.2,55.7,708,122.0,2014,1891,Brandon Carr,2014,27,5,"$50,100,000",10020000
Quintin Demps,4431,S,NYG,57.2,55.5,389,123.0,2014,1643,Quintin Demps,2014,28,1,"$1,000,000",1000000
Brandon Meriweather,3640,S,WAS,43.3,55.4,364,124.0,2014,1504,Brandon Meriweather,2014,30,1,"$1,000,000",1000000
Robert McClain,5771,CB,ATL,49.8,55.4,407,124.0,2014,1654,Robert McClain,2014,25,1,"$1,431,000",1431000
Brandian Ross,6755,S,LV,53.2,54.8,439,127.0,2014,1495,Brandian Ross,2014,24,1,"$570,000",570000
Roman Harper,2988,S,CAR,48.7,54.2,634,129.0,2014,1655,Roman Harper,2014,31,5,"$10,625,000",2125000
Bradley Fletcher,4989,CB,PHI,46.9,53.6,640,130.0,2014,1710,Bradley Fletcher,2014,27,2,"$5,250,000",2625000
Robert Alford,7841,CB,ATL,50.6,52.9,367,132.0,2014,1837,Robert Alford,2014,25,4,"$3,401,398",850350
Mike Mitchell,4970,S,PIT,46.4,52.6,656,134.0,2014,1632,Mike Mitchell,2014,26,5,"$25,000,000",5000000
Brandon Browner,2512,CB,NE,52.0,51.9,475,135.0,2014,1496,Brandon Browner,2014,29,3,"$16,800,000",5600000
Cassius Vaughn,5845,CB,DET,50.0,51.1,324,137.0,2014,1516,Cassius Vaughn,2014,26,1,"$730,000",730000
Keenan Lewis,5019,CB,NO,51.8,50.2,573,138.0,2014,1792,Keenan Lewis,2014,27,5,"$25,550,000",5110000
Chykie Brown,6316,CB,NYG,50.0,50.2,340,138.0,2014,2074,Chykie Brown,2014,27,4,"$2,184,560",546140
Antoine Cason,4341,CB,BLT,39.2,48.1,423,145.0,2014,1490,Antoine Cason,2014,27,1,"$795,000",795000
George Wilson,2210,S,TEN,64.6,48.1,482,145.0,2014,1766,George Wilson,2014,32,2,"$4,000,000",2000000
Antrel Rolle,2225,S,NYG,56.9,47.7,627,147.0,2014,2170,Antrel Rolle,2014,31,5,"$37,100,000",7420000
Michael Griffin,3635,S,TEN,46.4,47.5,629,149.0,2014,1979,Michael Griffin,2014,29,5,"$35,000,000",7000000
E.J. Biggers,5141,CB,WAS,44.5,44.5,351,151.0,2014,1567,E.J. Biggers,2014,26,1,"$795,000",795000
Ryan Clark,1229,S,WAS,50.3,42.9,617,154.0,2014,1659,Ryan Clark,2014,34,1,"$1,020,000",1020000
Shareece Wright,6241,CB,LAC,38.8,41.5,496,156.0,2014,2153,Shareece Wright,2014,27,4,"$2,584,140",646035
Cortez Allen,6280,CB,PIT,38.0,34.7,290,159.0,2014,1536,Cortez Allen,2014,25,4,"$24,600,000",6150000
Dashon Goldson,3742,S,TB,29.9,31.8,454,160.0,2014,1748,Dashon Goldson,2014,29,5,"$41,250,000",8250000
Jairus Byrd,4965,S,BUF,89.8,89.4,401,2.0,2013,1773,Jairus Byrd,2013,26,1,"$6,916,000",6916000
Brent Grimes,3589,CB,MIA,89.4,88.7,650,4.0,2013,1714,Brent Grimes,2013,29,1,"$5,500,000",5500000
Kam Chancellor,5656,S,SEA,89.3,87.0,746,6.0,2013,1790,Kam Chancellor,2013,25,4,"$28,002,008",7000502
Eric Weddle,3653,S,LAC,89.2,85.9,728,7.0,2013,2091,Eric Weddle,2013,28,5,"$40,000,000",8000000
Darrelle Revis,3630,CB,TB,83.2,84.7,587,10.0,2013,1747,Darrelle Revis,2013,27,6,"$96,000,000",16000000
Troy Polamalu,1332,S,PIT,90.1,83.8,650,13.0,2013,2160,Troy Polamalu,2013,32,3,"$29,600,000",9866667
Antrel Rolle,2225,S,NYG,81.5,81.7,686,18.0,2013,2170,Antrel Rolle,2013,30,5,"$37,100,000",7420000
Donte Whitner,2953,S,SF,86.4,80.5,734,21.0,2013,2086,Donte Whitner,2013,28,3,"$11,650,000",3883333
Dominique Rodgers-Cromartie,4330,CB,DEN,82.6,80.3,612,22.0,2013,1756,Dominique Rodgers-Cromartie,2013,26,2,"$10,000,000",5000000
William Gay,3786,CB,PIT,75.1,80.3,581,22.0,2013,1868,William Gay,2013,28,3,"$4,500,000",1500000
Captain Munnerlyn,5140,CB,CAR,75.9,79.5,679,25.0,2013,1718,Captain Munnerlyn,2013,24,1,"$1,100,000",1100000
Glover Quin,5035,S,DET,78.6,79.0,644,26.0,2013,1767,Glover Quin,2013,27,5,"$23,500,000",4700000
Tramon Williams,3558,CB,GB,77.4,77.6,669,29.0,2013,2255,Tramon Williams,2013,30,4,"$33,000,000",8250000
Jason McCourty,5127,CB,TEN,75.0,77.3,635,31.0,2013,1951,Jason McCourty,2013,26,6,"$43,040,000",7173333
Alan Ball,3853,CB,JAX,75.6,76.6,589,33.0,2013,1700,Alan Ball,2013,27,2,"$1,675,000",837500
Lardarius Webb,5011,CB,BLT,74.2,76.4,607,34.0,2013,1968,Lardarius Webb,2013,27,6,"$50,000,000",8333333
Will Blackmon,3060,CB,JAX,65.0,75.9,388,35.0,2013,1867,Will Blackmon,2013,28,1,"$715,000",715000
Corey Graham,3784,CB,BLT,74.9,75.6,483,36.0,2013,1913,Corey Graham,2013,27,2,"$3,950,000",1975000
Orlando Scandrick,4457,CB,DAL,78.8,75.5,689,37.0,2013,2140,Orlando Scandrick,2013,26,5,"$15,000,000",3000000
Trumaine McBride,3837,CB,NYG,77.4,75.1,394,38.0,2013,1863,Trumaine McBride,2013,27,1,"$630,000",630000
Johnathan Joseph,2969,CB,HST,73.8,74.9,481,39.0,2013,2111,Johnathan Joseph,2013,29,5,"$48,750,000",9750000
Leodis McKelvin,4325,CB,BUF,76.4,74.5,559,40.0,2013,1801,Leodis McKelvin,2013,27,4,"$17,000,000",4250000
Drayton Florence,1362,CB,CAR,75.3,74.3,467,41.0,2013,1758,Drayton Florence,2013,32,1,"$1,005,000",1005000
Keenan Lewis,5019,CB,NO,76.4,73.5,602,43.0,2013,1792,Keenan Lewis,2013,26,5,"$25,550,000",5110000
Charles Woodson,330,S,LV,71.3,73.2,643,44.0,2013,1721,Charles Woodson,2013,36,1,"$1,800,000",1800000
Chris Crocker,1399,CB,CIN,72.8,72.9,387,45.0,2013,1725,Chris Crocker,2013,32,1,"$940,000",940000
Rashean Mathis,1355,CB,DET,72.7,72.8,486,46.0,2013,1831,Rashean Mathis,2013,32,1,"$940,000",940000
Terence Newman,1321,CB,CIN,71.6,72.5,535,48.0,2013,1854,Terence Newman,2013,34,2,"$5,000,000",2500000
Michael Griffin,3635,S,TEN,65.7,72.4,541,49.0,2013,1979,Michael Griffin,2013,28,5,"$35,000,000",7000000
Mike Mitchell,4970,S,CAR,73.1,71.7,635,52.0,2013,1815,Mike Mitchell,2013,25,1,"$1,000,000",1000000
Rashad Johnson,5018,S,ARZ,74.2,71.6,458,53.0,2013,1830,Rashad Johnson,2013,27,3,"$3,600,000",1200000
Jimmy Wilson,6387,CB,MIA,70.9,71.5,447,54.0,2013,2109,Jimmy Wilson,2013,26,4,"$2,085,900",521475
Terrell Thomas,4377,CB,NYG,69.5,71.1,415,55.0,2013,1855,Terrell Thomas,2013,27,1,"$700,000",700000
Sam Shields,5943,CB,GB,71.8,70.8,543,56.0,2013,1847,Sam Shields,2013,25,1,"$2,023,000",2023000
Kyle Arrington,4742,CB,NE,66.4,70.7,570,57.0,2013,1797,Kyle Arrington,2013,26,4,"$16,000,000",4000000
Darian Stewart,5820,S,LA,72.3,70.3,374,60.0,2013,1745,Darian Stewart,2013,24,1,"$1,000,000",1000000
Bradley Fletcher,4989,CB,PHI,67.7,70.0,642,61.0,2013,1710,Bradley Fletcher,2013,26,2,"$5,250,000",2625000
Tim Jennings,3007,CB,CHI,70.0,70.0,568,61.0,2013,2021,Tim Jennings,2013,29,2,"$7,600,000",3800000
Reggie Nelson,3637,S,CIN,63.8,68.8,664,67.0,2013,1995,Reggie Nelson,2013,29,4,"$18,000,000",4500000
Barry Church,5924,S,DAL,64.7,68.6,626,69.0,2013,1888,Barry Church,2013,25,4,"$8,827,000",2206750
Jamarca Sanford,5155,S,MIN,69.8,68.4,485,71.0,2013,1775,Jamarca Sanford,2013,27,2,"$5,000,000",2500000
DeAngelo Hall,1729,CB,WAS,71.0,68.4,581,71.0,2013,1752,DeAngelo Hall,2013,29,1,"$1,250,000",1250000
Bernard Pollard,2999,S,TEN,63.5,68.2,632,73.0,2013,1708,Bernard Pollard,2013,28,1,"$2,000,000",2000000
Brandon Carr,4454,CB,DAL,66.3,67.7,694,75.0,2013,1891,Brandon Carr,2013,26,5,"$50,100,000",10020000
Ryan Clark,1229,S,PIT,67.9,67.2,644,77.0,2013,2249,Ryan Clark,2013,33,4,"$14,000,000",3500000
Sean Smith,4984,CB,KC,65.8,67.0,707,78.0,2013,1849,Sean Smith,2013,25,3,"$16,500,000",5500000
Zackary Bowman,4456,CB,CHI,68.7,67.0,324,78.0,2013,1872,Zackary Bowman,2013,28,1,"$780,000",780000
Antoine Bethea,3152,S,IND,57.4,66.9,695,80.0,2013,2169,Antoine Bethea,2013,28,4,"$26,000,000",6500000
Rafael Bush,5779,S,NO,68.0,66.7,413,81.0,2013,1828,Rafael Bush,2013,25,1,"$555,000",555000
Yeremiah Bell,1513,S,ARZ,65.3,65.5,717,87.0,2013,1871,Yeremiah Bell,2013,35,1,"$905,000",905000
Aqib Talib,4334,CB,NE,62.5,65.5,568,87.0,2013,1707,Aqib Talib,2013,27,1,"$4,860,000",4860000
Cary Williams,4543,CB,PHI,64.2,65.4,778,89.0,2013,1719,Cary Williams,2013,28,3,"$17,000,000",5666667
Josh Wilson,3671,CB,WAS,63.8,65.4,569,89.0,2013,2118,Josh Wilson,2013,28,3,"$13,500,000",4500000
William Moore,4978,S,ATL,62.7,65.2,605,91.0,2013,1870,William Moore,2013,27,5,"$30,000,000",6000000
Quintin Mikell,1662,S,CAR,60.5,65.1,452,92.0,2013,1826,Quintin Mikell,2013,32,1,"$1,005,000",1005000
Louis Delmas,4956,S,DET,67.5,64.6,655,95.0,2013,1803,Louis Delmas,2013,25,2,"$7,715,000",3857500
Mike Jenkins,4339,CB,LV,60.6,64.1,549,97.0,2013,1814,Mike Jenkins,2013,28,1,"$1,500,000",1500000
Robert Alford,7841,CB,ATL,66.6,63.2,388,100.0,2013,1837,Robert Alford,2013,24,4,"$3,401,398",850350
Carlos Rogers,2226,CB,SF,60.5,63.2,684,100.0,2013,1903,Carlos Rogers,2013,31,4,"$29,300,000",7325000
James Ihedigbo,4147,S,BLT,48.6,63.2,645,100.0,2013,1776,James Ihedigbo,2013,29,1,"$780,000",780000
Darius Butler,4964,CB,IND,62.1,63.2,558,100.0,2013,1746,Darius Butler,2013,26,2,"$4,000,000",2000000
Jerraud Powers,5015,CB,ARZ,60.8,62.9,712,106.0,2013,1779,Jerraud Powers,2013,25,3,"$10,500,000",3500000
Brandon Flowers,4349,CB,KC,58.9,62.2,587,109.0,2013,2052,Brandon Flowers,2013,26,6,"$49,350,000",8225000
Steve Gregory,3326,S,NE,54.1,61.9,607,110.0,2013,2012,Steve Gregory,2013,30,3,"$7,050,000",2350000
LaRon Landry,3622,S,IND,66.4,61.9,542,110.0,2013,1798,LaRon Landry,2013,28,4,"$24,000,000",6000000
Andrew Sendejo,6118,S,MIN,52.7,61.5,474,112.0,2013,1702,Andrew Sendejo,2013,25,1,"$630,000",630000
Dawan Landry,3091,S,NYJ,53.8,60.6,673,114.0,2013,1751,Dawan Landry,2013,30,2,"$3,000,000",1500000
Mike Adams,1972,S,DEN,52.6,59.8,572,117.0,2013,1981,Mike Adams,2013,31,2,"$4,000,000",2000000
Reshad Jones,5686,S,MIA,49.9,57.8,677,125.0,2013,1834,Reshad Jones,2013,25,4,"$28,012,000",7003000
Morgan Burnett,5596,S,GB,48.1,54.8,545,131.0,2013,1816,Morgan Burnett,2013,24,4,"$24,750,000",6187500
Richard Marshall,3003,CB,LAC,50.2,54.1,503,135.0,2013,1836,Richard Marshall,2013,28,1,"$855,000",855000
Patrick Chung,4957,S,PHI,47.8,54.0,513,136.0,2013,1820,Patrick Chung,2013,25,3,"$10,000,000",3333333
Tracy Porter,4354,CB,LV,50.8,53.9,619,137.0,2013,1859,Tracy Porter,2013,26,1,"$1,500,000",1500000
Ike Taylor,1437,CB,PIT,49.6,53.6,641,138.0,2013,2103,Ike Taylor,2013,33,4,"$28,000,000",7000000
Greg Toler,5055,CB,IND,53.5,53.1,286,142.0,2013,1769,Greg Toler,2013,28,3,"$14,250,000",4750000
Brandon Meriweather,3640,S,WAS,51.1,51.7,454,144.0,2013,1894,Brandon Meriweather,2013,29,2,"$6,000,000",3000000
Antonio Cromartie,2964,CB,NYJ,46.3,50.5,673,146.0,2013,2045,Antonio Cromartie,2013,29,4,"$32,000,000",8000000
Dashon Goldson,3742,S,TB,51.6,50.3,497,148.0,2013,1748,Dashon Goldson,2013,28,5,"$41,250,000",8250000
Chris Houston,3657,CB,DET,48.4,50.1,459,149.0,2013,1728,Chris Houston,2013,28,5,"$25,000,000",5000000
Shareece Wright,6241,CB,LAC,45.4,49.3,596,150.0,2013,2153,Shareece Wright,2013,26,4,"$2,584,140",646035
Thomas DeCoud,4412,S,ATL,36.4,42.4,517,155.0,2013,2020,Thomas DeCoud,2013,26,5,"$17,500,000",3500000
E.J. Biggers,5141,S,WAS,38.8,38.3,296,156.0,2013,1760,E.J. Biggers,2013,25,1,"$1,500,000",1500000
Brice McCain,5112,CB,HST,29.4,31.8,418,158.0,2013,1716,Brice McCain,2013,26,3,"$5,250,000",1750000
Eric Weddle,3653,S,LAC,91.7,92.2,652,3.0,2012,2091,Eric Weddle,2012,27,5,"$40,000,000",8000000
Charles Tillman,1351,CB,CHI,91.9,92.2,582,3.0,2012,2422,Charles Tillman,2012,31,6,"$37,000,000",6166667
Reggie Nelson,3637,S,CIN,90.3,90.2,590,8.0,2012,1995,Reggie Nelson,2012,28,4,"$18,000,000",4500000
Kerry Rhodes,2340,S,ARZ,85.7,88.5,553,11.0,2012,2384,Kerry Rhodes,2012,29,5,"$33,500,000",6700000
Quintin Mikell,1662,S,LA,63.0,88.1,612,12.0,2012,2143,Quintin Mikell,2012,31,4,"$27,000,000",6750000
Brandon Flowers,4349,CB,KC,85.7,85.7,454,13.0,2012,2052,Brandon Flowers,2012,25,6,"$49,350,000",8225000
Greg Toler,5055,CB,ARZ,85.8,84.2,200,17.0,2012,1941,Greg Toler,2012,27,1,"$1,260,000",1260000
Troy Polamalu,1332,S,PIT,73.8,83.0,245,18.0,2012,2160,Troy Polamalu,2012,31,3,"$29,600,000",9866667
Ryan Clark,1229,S,PIT,79.5,83.0,538,18.0,2012,2249,Ryan Clark,2012,32,4,"$14,000,000",3500000
Antoine Winfield,456,CB,MIN,74.1,82.3,698,20.0,2012,2267,Antoine Winfield,2012,34,5,"$33,600,000",6720000
Jason McCourty,5127,CB,TEN,74.0,81.4,651,22.0,2012,1951,Jason McCourty,2012,25,6,"$43,040,000",7173333
George Wilson,2210,S,BUF,73.9,80.9,526,23.0,2012,2095,George Wilson,2012,30,3,"$8,850,000",2950000
Tim Jennings,3007,CB,CHI,78.9,80.0,596,25.0,2012,2021,Tim Jennings,2012,28,2,"$7,600,000",3800000
Sheldon Brown,1066,CB,CLV,72.3,79.5,541,28.0,2012,2252,Sheldon Brown,2012,32,3,"$15,250,000",5083333
Ronde Barber,261,S,TB,81.9,79.4,703,29.0,2012,2003,Ronde Barber,2012,36,1,"$3,000,000",3000000
Leon Hall,3634,CB,CIN,80.1,79.2,588,30.0,2012,2124,Leon Hall,2012,27,4,"$39,000,000",9750000
Joselio Hanson,1619,CB,LV,79.0,76.6,388,32.0,2012,2116,Joselio Hanson,2012,30,2,"$1,800,000",900000
Corey Graham,3784,CB,BLT,73.5,76.5,566,33.0,2012,1913,Corey Graham,2012,26,2,"$3,950,000",1975000
Stevie Brown,5773,S,NYG,77.1,75.8,491,37.0,2012,2013,Stevie Brown,2012,24,1,"$540,000",540000
Terence Newman,1321,CB,CIN,73.8,75.6,581,39.0,2012,2015,Terence Newman,2012,33,1,"$825,000",825000
Antonio Cromartie,2964,CB,NYJ,75.1,75.4,558,40.0,2012,2045,Antonio Cromartie,2012,28,4,"$32,000,000",8000000
Brandon Browner,2512,CB,SEA,72.5,73.9,539,43.0,2012,2050,Brandon Browner,2012,27,3,"$1,245,000",415000
William Moore,4978,S,ATL,67.9,73.8,526,44.0,2012,2343,William Moore,2012,27,4,"$3,408,500",852125
Josh Wilson,3671,CB,WAS,69.8,73.3,736,45.0,2012,2118,Josh Wilson,2012,27,3,"$13,500,000",4500000
Tony Carter,5191,CB,DEN,72.0,72.9,404,47.0,2012,2023,Tony Carter,2012,25,1,"$615,000",615000
Usama Young,3682,S,CLV,60.4,72.9,364,47.0,2012,2161,Usama Young,2012,26,3,"$5,900,000",1966667
Asante Samuel,1432,CB,ATL,80.1,72.8,555,49.0,2012,1886,Asante Samuel,2012,31,3,"$14,700,000",4900000
Chris Houston,3657,CB,DET,69.1,72.5,568,50.0,2012,2071,Chris Houston,2012,27,2,"$6,000,000",3000000
Tyvon Branch,4414,S,LV,64.4,72.3,500,53.0,2012,2032,Tyvon Branch,2012,25,4,"$26,600,000",6650000
Champ Bailey,442,CB,DEN,68.3,71.9,667,55.0,2012,2064,Champ Bailey,2012,33,4,"$42,500,000",10625000
Johnathan Joseph,2969,CB,HST,70.3,71.5,612,57.0,2012,2111,Johnathan Joseph,2012,28,5,"$48,750,000",9750000
Abram Elam,3301,S,KC,63.3,70.2,262,62.0,2012,1876,Abram Elam,2012,30,1,"$850,000",850000
Dunta Robinson,1731,CB,ATL,61.1,69.7,633,65.0,2012,1935,Dunta Robinson,2012,29,4,"$34,500,000",8625000
Dashon Goldson,3742,S,SF,71.2,68.8,780,67.0,2012,1924,Dashon Goldson,2012,27,1,"$6,212,000",6212000
Jabari Greer,2057,CB,NO,71.4,68.7,522,68.0,2012,1944,Jabari Greer,2012,29,4,"$21,100,000",5275000
Michael Huff,2952,CB,LV,65.0,68.6,560,69.0,2012,2134,Michael Huff,2012,28,4,"$32,000,000",8000000
Keenan Lewis,5019,CB,PIT,63.6,68.5,565,70.0,2012,1963,Keenan Lewis,2012,25,1,"$1,260,000",1260000
Carlos Rogers,2226,CB,SF,66.5,68.5,783,70.0,2012,1903,Carlos Rogers,2012,30,4,"$29,300,000",7325000
Ike Taylor,1437,CB,PIT,65.9,68.3,384,72.0,2012,2103,Ike Taylor,2012,32,4,"$28,000,000",7000000
Kyle Arrington,4742,CB,NE,62.8,67.8,620,74.0,2012,2122,Kyle Arrington,2012,25,2,"$1,875,000",937500
Thomas DeCoud,4412,S,ATL,72.1,67.7,686,76.0,2012,2020,Thomas DeCoud,2012,25,5,"$17,500,000",3500000
DeAngelo Hall,1729,CB,WAS,66.9,67.6,746,77.0,2012,2289,DeAngelo Hall,2012,28,6,"$55,000,000",9166667
LaRon Landry,3622,S,NYJ,66.3,67.6,555,77.0,2012,1967,LaRon Landry,2012,27,1,"$3,500,000",3500000
Marcus Trufant,1327,CB,SEA,62.9,67.5,330,79.0,2012,1974,Marcus Trufant,2012,31,1,"$1,300,000",1300000
Dimitri Patterson,2868,CB,MIA,63.9,66.8,322,83.0,2012,1930,Dimitri Patterson,2012,28,3,"$16,050,000",5350000
Cortland Finnegan,3160,CB,LA,71.4,66.8,623,83.0,2012,1915,Cortland Finnegan,2012,28,5,"$50,000,000",10000000
Tramon Williams,3558,CB,GB,68.9,66.2,754,86.0,2012,2255,Tramon Williams,2012,29,4,"$33,000,000",8250000
Cary Williams,4543,CB,BLT,63.1,65.6,825,88.0,2012,1904,Cary Williams,2012,27,1,"$1,927,000",1927000
Brandon Carr,4454,CB,DAL,64.5,65.3,584,90.0,2012,1891,Brandon Carr,2012,25,5,"$50,100,000",10020000
Haruki Nakamura,4520,S,CAR,59.6,65.0,313,92.0,2012,1942,Haruki Nakamura,2012,25,3,"$4,800,000",1600000
Mike Adams,1972,S,DEN,53.5,65.0,652,92.0,2012,1981,Mike Adams,2012,30,2,"$4,000,000",2000000
Jacob Lacey,5311,CB,DET,64.5,64.8,368,94.0,2012,1945,Jacob Lacey,2012,24,1,"$1,300,000",1300000
Bernard Pollard,2999,S,BLT,55.3,64.5,723,96.0,2012,1890,Bernard Pollard,2012,27,4,"$10,250,000",2562500
Steve Gregory,3326,S,NE,64.1,64.0,568,98.0,2012,2012,Steve Gregory,2012,29,3,"$7,050,000",2350000
Nate Clements,791,S,CIN,64.2,63.1,397,101.0,2012,2136,Nate Clements,2012,32,2,"$10,500,000",5250000
Cedric Griffin,2993,CB,WAS,63.6,62.9,289,104.0,2012,1905,Cedric Griffin,2012,29,1,"$2,500,000",2500000
Yeremiah Bell,1513,S,NYJ,60.4,62.8,569,105.0,2012,2039,Yeremiah Bell,2012,30,1,"$1,400,000",1400000
Dawan Landry,3091,S,JAX,53.2,62.4,614,108.0,2012,2082,Dawan Landry,2012,29,5,"$27,500,000",5500000
Kelvin Hayden,2277,CB,CHI,61.5,62.0,307,109.0,2012,1964,Kelvin Hayden,2012,28,1,"$890,000",890000
Craig Dahl,3920,S,LA,62.9,61.9,633,110.0,2012,2190,Craig Dahl,2012,26,3,"$3,600,000",1200000
Adrian Wilson,831,S,ARZ,63.7,60.6,414,114.0,2012,1878,Adrian Wilson,2012,32,4,"$16,500,000",4125000
Antoine Bethea,3152,S,IND,52.9,60.1,654,116.0,2012,2169,Antoine Bethea,2012,27,4,"$26,000,000",6500000
Donte Whitner,2953,S,SF,57.7,59.8,782,118.0,2012,2086,Donte Whitner,2012,27,3,"$11,650,000",3883333
Gerald Sensabaugh,2374,S,DAL,62.3,59.1,551,119.0,2012,2097,Gerald Sensabaugh,2012,29,6,"$25,000,000",4166667
Madieu Williams,1777,S,WAS,54.2,58.7,728,122.0,2012,1971,Madieu Williams,2012,30,1,"$890,000",890000
Josh Norman,7649,CB,CAR,57.4,58.7,470,122.0,2012,1959,Josh Norman,2012,24,4,"$2,299,000",574750
Jordan Babineaux,1980,S,TEN,51.3,58.6,460,124.0,2012,1958,Jordan Babineaux,2012,29,2,"$3,200,000",1600000
Tom Zbikowski,4400,S,IND,60.0,58.6,420,124.0,2012,2022,Tom Zbikowski,2012,26,3,"$5,685,001",1895000
Aaron Ross,3636,CB,JAX,55.9,58.4,399,126.0,2012,1875,Aaron Ross,2012,29,3,"$9,750,000",3250000
Antrel Rolle,2225,S,NYG,51.0,58.3,583,127.0,2012,2170,Antrel Rolle,2012,29,5,"$37,100,000",7420000
Erik Coleman,1864,S,DET,56.5,57.1,283,128.0,2012,1940,Erik Coleman,2012,29,1,"$890,000",890000
Charles Godfrey,4381,S,CAR,62.0,56.5,592,130.0,2012,2065,Charles Godfrey,2012,26,5,"$27,500,000",5500000
Danieal Manning,2987,S,HST,50.0,56.1,765,132.0,2012,2077,Danieal Manning,2012,29,4,"$20,000,000",5000000
William Gay,3786,CB,ARZ,49.0,55.1,564,136.0,2012,2036,William Gay,2012,26,2,"$4,950,000",2475000
Jimmy Wilson,6387,CB,MIA,57.1,55.0,423,137.0,2012,2109,Jimmy Wilson,2012,25,4,"$2,085,900",521475
Quentin Jammer,1013,CB,LAC,50.1,54.0,625,140.0,2012,2398,Quentin Jammer,2012,32,7,"$31,825,000",4546429
Chris Prosinski,6273,S,JAX,54.5,53.9,396,141.0,2012,2072,Chris Prosinski,2012,25,4,"$2,640,144",660036
Nnamdi Asomugha,1347,CB,PHI,47.2,53.8,549,142.0,2012,2139,Nnamdi Asomugha,2012,31,5,"$60,000,000",12000000
Matt Giordano,2352,S,LV,50.6,53.7,488,143.0,2012,1978,Matt Giordano,2012,29,1,"$825,000",825000
Ellis Lankster,5144,CB,NYJ,55.1,52.9,254,145.0,2012,1938,Ellis Lankster,2012,24,2,"$1,170,000",585000
Atari Bigby,2496,S,LAC,41.1,51.6,388,147.0,2012,1887,Atari Bigby,2012,30,2,"$2,500,000",1250000
Corey Webster,2260,CB,NYG,47.0,49.9,592,150.0,2012,2286,Corey Webster,2012,29,6,"$43,500,000",7250000
Michael Griffin,3635,S,TEN,38.9,45.1,643,157.0,2012,1979,Michael Griffin,2012,27,5,"$35,000,000",7000000
Roman Harper,2988,S,NO,30.6,41.5,663,159.0,2012,2148,Roman Harper,2012,29,4,"$25,000,000",6250000
