position,player_name,team_name,grades_defense,snap_counts_run,rank,Year,player_name,year_signed,age,average/year,sim_sal,diff
DI,Geno Atkins,CIN,93.9,292,1.0,2021,Geno Atkins,2021,33,16300000,9752777.833333334,6547222.166666666
DI,J.J. Watt,HST,92.3,346,3.0,2021,J.J. Watt,2021,31,14000000,8655952.42857143,5344047.571428571
ED,Cameron Wake,MIA,90.9,318,4.0,2021,Cameron Wake,2021,39,7666667,9136458.375,-1469791.375
ED,Carlos Dunlap,CIN,89.4,197,6.0,2021,Carlos Dunlap,2021,32,6800000,9121296.333333334,-2321296.333333334
ED,Jason Pierre-Paul,NYG,83.5,347,7.0,2021,Jason Pierre-Paul,2021,32,12500000,9059166.7,3440833.3000000007
DI,Gerald McCoy,TB,82.1,301,10.0,2021,Gerald McCoy,2021,33,1250000,9790151.545454545,-8540151.545454545
ED,Justin Houston,KC,81.6,468,11.0,2021,Justin Houston,2021,32,2075000,9899242.454545455,-7824242.454545455
DI,Calais Campbell,ARZ,76.0,330,28.0,2021,Calais Campbell,2021,34,12500000,8724242.454545455,3775757.545454545
DI,Ndamukong Suh,DET,75.3,346,31.0,2021,Ndamukong Suh,2021,34,9000000,8254545.454545454,745454.5454545459
DI,Linval Joseph,NYG,71.6,359,48.0,2021,Linval Joseph,2021,32,8500000,8000000.0,500000.0
DI,Fletcher Cox,PHI,71.0,205,52.0,2021,Fletcher Cox,2021,30,17100000,7590909.090909091,9509090.90909091
ED,Cameron Jordan,NO,70.6,421,54.0,2021,Cameron Jordan,2021,31,17500000,7727272.7272727275,9772727.272727273
ED,Jabaal Sheard,CLV,68.8,391,63.0,2021,Jabaal Sheard,2021,31,1075000,7925000.0,-6850000.0
ED,Ryan Kerrigan,WAS,68.0,384,69.0,2021,Ryan Kerrigan,2021,32,2500000,7467500.0,-4967500.0
ED,Derek Wolfe,DEN,64.7,388,93.0,2021,Derek Wolfe,2021,31,4000000,7297222.222222222,-3297222.222222222
DI,Michael Brockers,LA,61.9,263,107.0,2021,Michael Brockers,2021,29,8000000,7146875.0,853125.0
DI,Tyson Alualu,JAX,57.9,397,128.0,2021,Tyson Alualu,2021,33,2750000,5725000.0,-2975000.0
DI,Dontari Poe,KC,55.5,340,140.0,2021,Dontari Poe,2021,30,4250000,3762500.0,487500.0
DI,Geno Atkins,CIN,93.9,292,1.0,2020,Geno Atkins,2020,32,16300000,12219444.5,4080555.5
ED,Cameron Wake,MIA,90.9,318,4.0,2020,Cameron Wake,2020,38,7666667,12188095.285714285,-4521428.285714285
DI,Muhammad Wilkerson,NYJ,89.6,434,5.0,2020,Muhammad Wilkerson,2020,30,17200000,12552083.375,4647916.625
ED,Carlos Dunlap,CIN,89.4,197,6.0,2020,Carlos Dunlap,2020,31,13550000,12546296.333333334,1003703.666666666
ED,Jason Pierre-Paul,NYG,83.5,347,7.0,2020,Jason Pierre-Paul,2020,31,12500000,12129166.7,370833.30000000075
DI,Gerald McCoy,TB,82.1,301,10.0,2020,Gerald McCoy,2020,32,6100000,11662878.818181818,-5562878.818181818
ED,Justin Houston,KC,81.6,468,11.0,2020,Justin Houston,2020,31,12000000,10908333.363636363,1091666.6363636367
DI,Jurrell Casey,TEN,79.2,361,14.0,2020,Jurrell Casey,2020,30,15100000,10984090.909090908,4115909.0909090918
DI,Calais Campbell,ARZ,76.0,330,28.0,2020,Calais Campbell,2020,33,12500000,10975000.0,1525000.0
ED,Michael Bennett,TB,75.7,316,29.0,2020,Michael Bennett,2020,34,8375000,11334090.909090908,-2959090.9090909082
DI,Nick Fairley,DET,75.5,192,30.0,2020,Nick Fairley,2020,32,7000000,10293181.818181818,-3293181.8181818184
DI,Ndamukong Suh,DET,75.3,346,31.0,2020,Ndamukong Suh,2020,33,8000000,10102272.727272727,-2102272.7272727266
DI,Linval Joseph,NYG,71.6,359,48.0,2020,Linval Joseph,2020,31,8500000,9106818.181818182,-606818.1818181816
DI,Fletcher Cox,PHI,71.0,205,52.0,2020,Fletcher Cox,2020,29,17100000,7829545.454545454,9270454.545454547
ED,Cameron Jordan,NO,70.6,421,54.0,2020,Cameron Jordan,2020,30,17500000,7969772.7272727275,9530227.272727273
ED,Jabaal Sheard,CLV,68.8,391,63.0,2020,Jabaal Sheard,2020,30,1050000,7481136.363636363,-6431136.363636363
DI,Earl Mitchell,HST,68.5,208,66.0,2020,Earl Mitchell,2020,29,4000000,7324318.181818182,-3324318.1818181816
DI,Kyle Love,NE,66.6,273,78.0,2020,Kyle Love,2020,33,1050000,7574318.181818182,-6524318.181818182
DI,Corey Liuget,LAC,65.5,266,83.0,2020,Corey Liuget,2020,29,1050000,7528863.636363637,-6478863.636363637
DI,Marcell Dareus,BUF,65.0,328,89.0,2020,Marcell Dareus,2020,30,14042500,6057045.454545454,7985454.545454546
ED,Derek Wolfe,DEN,64.7,388,93.0,2020,Derek Wolfe,2020,30,3000000,4727500.0,-1727500.0
DI,Brandon Mebane,SEA,64.5,323,94.0,2020,Brandon Mebane,2020,35,5275000,5018409.090909091,256590.90909090918
ED,Jerry Hughes,IND,62.6,278,104.0,2020,Jerry Hughes,2020,31,10750000,5120250.0,5629750.0
DI,Michael Brockers,LA,61.9,263,107.0,2020,Michael Brockers,2020,29,8000000,5572500.0,2427500.0
DI,Billy Winn,CLV,59.8,250,115.0,2020,Billy Winn,2020,30,910000,6137812.5,-5227812.5
DI,Tyson Alualu,JAX,57.9,397,128.0,2020,Tyson Alualu,2020,32,2875000,5008571.428571428,-2133571.428571428
DI,Dontari Poe,KC,55.5,340,140.0,2020,Dontari Poe,2020,29,4250000,5343333.333333333,-1093333.333333333
DI,Geno Atkins,CIN,93.9,292,1.0,2019,Geno Atkins,2019,31,16300000,12397373.0,3902627.0
DI,J.J. Watt,HST,92.3,346,3.0,2019,J.J. Watt,2019,30,16667571,11769176.857142856,4898394.142857144
ED,Cameron Wake,MIA,90.9,318,4.0,2019,Cameron Wake,2019,37,7666667,11798029.75,-4131362.75
DI,Muhammad Wilkerson,NYJ,89.6,434,5.0,2019,Muhammad Wilkerson,2019,29,17200000,12164915.333333334,5035084.666666666
ED,Carlos Dunlap,CIN,89.4,197,6.0,2019,Carlos Dunlap,2019,30,13550000,12448423.8,1101576.1999999993
ED,Jason Pierre-Paul,NYG,83.5,347,7.0,2019,Jason Pierre-Paul,2019,30,3000000,12078112.545454545,-9078112.545454545
DI,Gerald McCoy,TB,82.1,301,10.0,2019,Gerald McCoy,2019,31,8000000,11232658.0,-3232658.0
ED,Justin Houston,KC,81.6,468,11.0,2019,Justin Houston,2019,30,12000000,10558333.363636363,1441666.6363636367
DI,Jurrell Casey,TEN,79.2,361,14.0,2019,Jurrell Casey,2019,29,15100000,11005681.818181818,4094318.1818181816
DI,Calais Campbell,ARZ,76.0,330,28.0,2019,Calais Campbell,2019,32,15000000,10996590.909090908,4003409.0909090918
ED,Michael Bennett,TB,75.7,316,29.0,2019,Michael Bennett,2019,33,8375000,11355681.818181818,-2980681.8181818184
DI,Nick Fairley,DET,75.5,192,30.0,2019,Nick Fairley,2019,31,7000000,11855681.818181818,-4855681.818181818
DI,Ndamukong Suh,DET,75.3,346,31.0,2019,Ndamukong Suh,2019,32,9250000,11221136.363636363,-1971136.3636363633
DI,Linval Joseph,NYG,71.6,359,48.0,2019,Linval Joseph,2019,30,12587500,11175681.818181818,1411818.1818181816
DI,Fletcher Cox,PHI,71.0,205,52.0,2019,Fletcher Cox,2019,28,17100000,9925681.818181818,7174318.181818182
ED,Cameron Jordan,NO,70.6,421,54.0,2019,Cameron Jordan,2019,29,17500000,8652954.545454545,8847045.454545455
ED,Jabaal Sheard,CLV,68.8,391,63.0,2019,Jabaal Sheard,2019,29,8500000,8300681.818181818,199318.18181818165
DI,Earl Mitchell,HST,68.5,208,66.0,2019,Earl Mitchell,2019,31,1020000,8940909.090909092,-7920909.090909092
ED,Ryan Kerrigan,WAS,68.0,384,69.0,2019,Ryan Kerrigan,2019,30,11500000,8934090.909090908,2565909.0909090918
DI,Kyle Love,NE,66.6,273,78.0,2019,Kyle Love,2019,32,1350000,8269318.181818182,-6919318.181818182
DI,Corey Liuget,LAC,65.5,266,83.0,2019,Corey Liuget,2019,29,1000000,7692045.454545454,-6692045.454545454
ED,Derrick Shelby,MIA,65.0,106,89.0,2019,Derrick Shelby,2019,30,4500000,6184090.909090909,-1684090.9090909092
DI,Marcell Dareus,BUF,65.0,328,89.0,2019,Marcell Dareus,2019,29,14042500,6184090.909090909,7858409.090909091
ED,Derek Wolfe,DEN,64.7,388,93.0,2019,Derek Wolfe,2019,28,9175000,6352727.2727272725,2822272.7272727275
DI,Brandon Mebane,SEA,64.5,323,94.0,2019,Brandon Mebane,2019,34,5275000,5420909.090909091,-145909.09090909082
ED,Jerry Hughes,IND,62.6,278,104.0,2019,Jerry Hughes,2019,30,10750000,5589090.909090909,5160909.090909091
DI,Billy Winn,CLV,59.8,250,115.0,2019,Billy Winn,2019,30,912500,6346666.636363637,-5434166.636363637
ED,Jared Odrick,MIA,59.4,345,119.0,2019,Jared Odrick,2019,31,8500000,6020757.545454546,2479242.454545454
DI,Tyson Alualu,JAX,57.9,397,128.0,2019,Tyson Alualu,2019,31,2875000,5218583.3,-2343583.3
DI,Clinton McDonald,SEA,57.6,134,129.0,2019,Clinton McDonald,2019,32,1250000,4778981.444444444,-3528981.444444444
DI,John Hughes,CLV,55.6,223,139.0,2019,John Hughes,2019,29,3200000,4716979.125,-1516979.125
DI,Dontari Poe,KC,55.5,340,140.0,2019,Dontari Poe,2019,28,9333333,3855119.0,5478214.0
DI,Cedric Thornton,PHI,53.1,215,150.0,2019,Cedric Thornton,2019,30,915000,4345555.5,-3430555.5
DI,Geno Atkins,CIN,93.9,292,1.0,2018,Geno Atkins,2018,30,16300000,12513345.166666666,3786654.833333334
DI,J.J. Watt,HST,92.3,346,3.0,2018,J.J. Watt,2018,29,16667571,12992391.142857144,3675179.8571428563
ED,Cameron Wake,MIA,90.9,318,4.0,2018,Cameron Wake,2018,36,8062500,13472508.875,-5410008.875
DI,Muhammad Wilkerson,NYJ,89.6,434,5.0,2018,Muhammad Wilkerson,2018,28,5000000,13653341.222222222,-8653341.222222222
ED,Carlos Dunlap,CIN,89.4,197,6.0,2018,Carlos Dunlap,2018,29,13550000,12838007.1,711992.9000000004
ED,Jason Pierre-Paul,NYG,83.5,347,7.0,2018,Jason Pierre-Paul,2018,29,15500000,12034551.909090908,3465448.0909090918
DI,Gerald McCoy,TB,82.1,301,10.0,2018,Gerald McCoy,2018,29,15866667,10893642.818181818,4973024.181818182
ED,Justin Houston,KC,81.6,468,11.0,2018,Justin Houston,2018,29,16833333,9810227.272727273,7023105.727272727
DI,Jurrell Casey,TEN,79.2,361,14.0,2018,Jurrell Casey,2018,28,15100000,10440909.090909092,4659090.909090908
DI,Kyle Williams,BUF,78.7,319,18.0,2018,Kyle Williams,2018,34,5500000,10036818.181818182,-4536818.181818182
ED,Charles Johnson,CAR,77.8,301,20.0,2018,Charles Johnson,2018,31,4000000,9441363.636363637,-5441363.636363637
ED,Brian Robison,MIN,76.9,311,23.0,2018,Brian Robison,2018,34,3750000,9305000.0,-5555000.0
ED,Michael Johnson,CIN,76.1,317,26.0,2018,Michael Johnson,2018,31,4750000,8317121.181818182,-3567121.1818181816
DI,Calais Campbell,ARZ,76.0,330,28.0,2018,Calais Campbell,2018,31,15000000,7355000.0,7645000.0
ED,Michael Bennett,TB,75.7,316,29.0,2018,Michael Bennett,2018,24,555000,7126590.909090909,-6571590.909090909
DI,Nick Fairley,DET,75.5,192,30.0,2018,Nick Fairley,2018,30,7000000,8181136.363636363,-1181136.3636363633
DI,Ndamukong Suh,DET,75.3,346,31.0,2018,Ndamukong Suh,2018,31,14000000,8817500.0,5182500.0
ED,Julius Peppers,CHI,74.5,264,35.0,2018,Julius Peppers,2018,38,5000000,9249318.181818182,-4249318.181818182
DI,Dan Williams,ARZ,72.8,263,43.0,2018,Dan Williams,2018,30,6250000,8889318.181818182,-2639318.1818181816
DI,Linval Joseph,NYG,71.6,359,48.0,2018,Linval Joseph,2018,29,12587500,7889318.181818182,4698181.818181818
DI,Fletcher Cox,PHI,71.0,205,52.0,2018,Fletcher Cox,2018,27,17100000,8884318.181818182,8215681.818181818
ED,Cameron Jordan,NO,70.6,421,54.0,2018,Cameron Jordan,2018,28,11000000,8520681.818181818,2479318.1818181816
ED,Jabaal Sheard,CLV,68.8,391,63.0,2018,Jabaal Sheard,2018,28,8500000,7340227.2727272725,1159772.7272727275
ED,Courtney Upshaw,BLT,68.6,375,65.0,2018,Courtney Upshaw,2018,28,790000,7076590.909090909,-6286590.909090909
DI,Earl Mitchell,HST,68.5,208,66.0,2018,Earl Mitchell,2018,27,4000000,6611136.363636363,-2611136.3636363633
ED,Ryan Kerrigan,WAS,68.0,384,69.0,2018,Ryan Kerrigan,2018,29,11500000,6066818.181818182,5433181.818181818
DI,Haloti Ngata,BLT,67.7,439,70.0,2018,Haloti Ngata,2018,34,3000000,5444090.909090909,-2444090.909090909
DI,Ahtyba Rubin,CLV,67.4,243,71.0,2018,Ahtyba Rubin,2018,31,1015000,5025909.090909091,-4010909.090909091
DI,Tom Johnson,NO,66.8,188,77.0,2018,Tom Johnson,2018,33,2100000,4435000.0,-2335000.0
DI,Kyle Love,NE,66.6,273,78.0,2018,Kyle Love,2018,31,1130000,5826426.0,-4696426.0
DI,Arthur Jones,BLT,66.2,356,81.0,2018,Arthur Jones,2018,31,6600000,6296880.545454546,303119.4545454541
DI,Corey Liuget,LAC,65.5,266,83.0,2018,Corey Liuget,2018,28,10250000,5660516.909090909,4589483.090909091
DI,Paul Soliai,MIA,65.1,314,87.0,2018,Paul Soliai,2018,34,6400000,5865062.363636363,534937.6363636367
ED,Derrick Shelby,MIA,65.0,106,89.0,2018,Derrick Shelby,2018,29,2000000,5977335.090909091,-3977335.090909091
DI,Marcell Dareus,BUF,65.0,328,89.0,2018,Marcell Dareus,2018,28,16095686,6170516.909090909,9925169.09090909
ED,Derek Wolfe,DEN,64.7,388,93.0,2018,Derek Wolfe,2018,27,9175000,6885971.454545454,2289028.545454546
DI,Brandon Mebane,SEA,64.5,323,94.0,2018,Brandon Mebane,2018,33,4500000,7293547.181818182,-2793547.1818181816
DI,Stephen Paea,CHI,63.6,219,97.0,2018,Stephen Paea,2018,29,5250000,6433547.181818182,-1183547.1818181816
ED,Chris Long,LA,63.1,307,99.0,2018,Chris Long,2018,32,2250000,6499456.2727272725,-4249456.2727272725
DI,Alan Branch,SEA,63.0,282,100.0,2018,Alan Branch,2018,33,4225000,6412183.545454546,-2187183.545454546
ED,Jerry Hughes,IND,62.6,278,104.0,2018,Jerry Hughes,2018,29,9000000,5721666.636363637,3278333.3636363633
DI,Michael Brockers,LA,61.9,263,107.0,2018,Michael Brockers,2018,27,11083333,5256893.909090909,5826439.090909091
DI,Kendall Reyes,LAC,61.8,184,109.0,2018,Kendall Reyes,2018,28,790000,5120530.2727272725,-4330530.2727272725
ED,Cliff Avril,DET,61.4,272,110.0,2018,Cliff Avril,2018,31,7125000,4961439.363636363,2163560.6363636367
ED,Frostee Rucker,CLV,60.4,294,113.0,2018,Frostee Rucker,2018,34,1040000,4836893.909090909,-3796893.909090909
ED,Jared Odrick,MIA,59.4,345,119.0,2018,Jared Odrick,2018,30,8500000,4524621.181818182,3975378.8181818184
DI,Roy Miller,TB,58.3,221,127.0,2018,Roy Miller,2018,30,4062500,4554924.181818182,-492424.18181818165
DI,Tyson Alualu,JAX,57.9,397,128.0,2018,Tyson Alualu,2018,28,3000000,3933712.090909091,-933712.0909090908
DI,Clinton McDonald,SEA,57.6,134,129.0,2018,Clinton McDonald,2018,31,3500000,4316439.363636363,-816439.3636363633
DI,Jarvis Jenkins,WAS,57.2,235,134.0,2018,Jarvis Jenkins,2018,29,880000,3760984.8181818184,-2880984.8181818184
DI,John Hughes,CLV,55.6,223,139.0,2018,John Hughes,2018,30,790000,4001287.8181818184,-3211287.8181818184
DI,Dontari Poe,KC,55.5,340,140.0,2018,Dontari Poe,2018,27,9333333,3551416.6,5781916.4
DI,Cedric Thornton,PHI,53.1,215,150.0,2018,Cedric Thornton,2018,29,4250000,3494629.5555555555,755370.4444444445
DI,Tyson Jackson,KC,51.9,306,154.0,2018,Tyson Jackson,2018,31,5000000,3556458.25,1443541.75
DI,Kendall Langford,LA,51.6,316,155.0,2018,Kendall Langford,2018,32,1015000,3564523.714285714,-2549523.714285714
DI,Letroy Guion,MIN,49.5,239,156.0,2018,Letroy Guion,2018,30,3683333,4011944.3333333335,-328611.3333333335
DI,Geno Atkins,CIN,93.9,292,1.0,2017,Geno Atkins,2017,28,10665400,12661578.5,-1996178.5
DI,J.J. Watt,HST,92.3,346,3.0,2017,J.J. Watt,2017,28,16667571,13119448.285714285,3548122.7142857146
ED,Cameron Wake,MIA,90.9,318,4.0,2017,Cameron Wake,2017,35,8062500,13583683.875,-5521183.875
DI,Muhammad Wilkerson,NYJ,89.6,434,5.0,2017,Muhammad Wilkerson,2017,27,17200000,13752163.444444444,3447836.555555556
ED,Carlos Dunlap,CIN,89.4,197,6.0,2017,Carlos Dunlap,2017,28,7874000,12814447.1,-4940447.1
ED,Jason Pierre-Paul,NYG,83.5,347,7.0,2017,Jason Pierre-Paul,2017,28,15500000,12325254.909090908,3174745.0909090918
DI,Gerald McCoy,TB,82.1,301,10.0,2017,Gerald McCoy,2017,28,15866667,11719309.454545455,4147357.545454545
ED,Justin Houston,KC,81.6,468,11.0,2017,Justin Houston,2017,28,16833333,10544984.818181818,6288348.181818182
DI,Jurrell Casey,TEN,79.2,361,14.0,2017,Jurrell Casey,2017,27,15100000,10266575.727272727,4833424.272727273
ED,Chris Clemons,SEA,78.9,310,17.0,2017,Chris Clemons,2017,35,4375000,10066575.727272727,-5691575.727272727
DI,Kyle Williams,BUF,78.7,319,18.0,2017,Kyle Williams,2017,30,7433333,10275000.0,-2841667.0
ED,Charles Johnson,CAR,77.8,301,20.0,2017,Charles Johnson,2017,30,4000000,9502272.727272727,-5502272.727272727
ED,Brian Robison,MIN,76.9,311,23.0,2017,Brian Robison,2017,33,3750000,9792803.0,-6042803.0
ED,Michael Johnson,CIN,76.1,317,26.0,2017,Michael Johnson,2017,30,5000000,9035227.272727273,-4035227.2727272734
DI,Calais Campbell,ARZ,76.0,330,28.0,2017,Calais Campbell,2017,30,15000000,7980681.818181818,7019318.181818182
ED,Michael Bennett,TB,75.7,316,29.0,2017,Michael Bennett,2017,32,10166667,7776136.363636363,2390530.6363636367
DI,Nick Fairley,DET,75.5,192,30.0,2017,Nick Fairley,2017,29,7000000,7668560.636363637,-668560.6363636367
DI,Ndamukong Suh,DET,75.3,346,31.0,2017,Ndamukong Suh,2017,30,19062500,7929947.0,11132553.0
ED,Mario Williams,BUF,74.9,388,33.0,2017,Mario Williams,2017,32,8500000,8733356.090909092,-233356.09090909176
ED,Julius Peppers,CHI,74.5,264,35.0,2017,Julius Peppers,2017,37,3500000,9833356.090909092,-6333356.090909092
DI,Desmond Bryant,LV,74.2,263,36.0,2017,Desmond Bryant,2017,31,2125000,9094719.727272727,-6969719.727272727
DI,Dan Williams,ARZ,72.8,263,43.0,2017,Dan Williams,2017,29,6250000,9170477.272727273,-2920477.2727272734
DI,Henry Melton,CHI,71.8,204,46.0,2017,Henry Melton,2017,30,6875250,9261386.363636363,-2386136.3636363633
DI,Linval Joseph,NYG,71.6,359,48.0,2017,Linval Joseph,2017,28,12587500,8301159.090909091,4286340.909090909
DI,Fletcher Cox,PHI,71.0,205,52.0,2017,Fletcher Cox,2017,26,17100000,7632977.2727272725,9467022.727272727
DI,Jason Hatcher,DAL,70.7,301,53.0,2017,Jason Hatcher,2017,34,6875000,7678431.818181818,-803431.8181818184
ED,Cameron Jordan,NO,70.6,421,54.0,2017,Cameron Jordan,2017,27,11000000,8530704.545454545,2469295.454545455
ED,Jared Allen,MIN,70.3,386,55.0,2017,Jared Allen,2017,34,8000000,8507977.272727273,-507977.2727272734
ED,Jabaal Sheard,CLV,68.8,391,63.0,2017,Jabaal Sheard,2017,27,8500000,7964772.7272727275,535227.2727272725
ED,Courtney Upshaw,BLT,68.6,375,65.0,2017,Courtney Upshaw,2017,27,1150000,7032575.7272727275,-5882575.7272727275
DI,Earl Mitchell,HST,68.5,208,66.0,2017,Earl Mitchell,2017,26,4000000,5580757.545454546,-1580757.5454545459
ED,Ryan Kerrigan,WAS,68.0,384,69.0,2017,Ryan Kerrigan,2017,28,11500000,5037575.7272727275,6462424.2727272725
DI,Haloti Ngata,BLT,67.7,439,70.0,2017,Haloti Ngata,2017,32,6000000,4969393.909090909,1030606.0909090908
DI,Ahtyba Rubin,CLV,67.4,243,71.0,2017,Ahtyba Rubin,2017,31,900000,4323939.363636363,-3423939.3636363633
DI,Tom Johnson,NO,66.8,188,77.0,2017,Tom Johnson,2017,32,2333333,3869393.909090909,-1536060.9090909092
DI,Kyle Love,NE,66.6,273,78.0,2017,Kyle Love,2017,30,1130000,4173939.3636363638,-3043939.3636363638
DI,Arthur Jones,BLT,66.2,356,81.0,2017,Arthur Jones,2017,31,900000,5273547.181818182,-4373547.181818182
DI,Corey Liuget,LAC,65.5,266,83.0,2017,Corey Liuget,2017,27,10250000,5062183.545454546,5187816.454545454
DI,Cam Thomas,LAC,65.1,186,87.0,2017,Cam Thomas,2017,30,900000,4925819.909090909,-4025819.909090909
DI,Paul Soliai,MIA,65.1,314,87.0,2017,Paul Soliai,2017,33,3500000,5025819.909090909,-1525819.9090909092
ED,Derrick Shelby,MIA,65.0,106,89.0,2017,Derrick Shelby,2017,28,4500000,5018244.181818182,-518244.18181818165
DI,Marcell Dareus,BUF,65.0,328,89.0,2017,Marcell Dareus,2017,27,16095686,5299607.818181818,10796078.181818182
ED,Derek Wolfe,DEN,64.7,388,93.0,2017,Derek Wolfe,2017,26,9175000,6035971.454545454,3139028.545454546
DI,Brandon Mebane,SEA,64.5,323,94.0,2017,Brandon Mebane,2017,32,4500000,6111729.0,-1611729.0
DI,Stephen Paea,CHI,63.6,219,97.0,2017,Stephen Paea,2017,28,2000000,6677638.090909091,-4677638.090909091
ED,Chris Long,LA,63.1,307,99.0,2017,Chris Long,2017,31,2250000,6457638.090909091,-4207638.090909091
DI,Alan Branch,SEA,63.0,282,100.0,2017,Alan Branch,2017,32,4225000,6119001.7272727275,-1894001.7272727275
ED,Jerry Hughes,IND,62.6,278,104.0,2017,Jerry Hughes,2017,28,9000000,5428484.818181818,3571515.1818181816
DI,Michael Brockers,LA,61.9,263,107.0,2017,Michael Brockers,2017,26,11083333,4683484.818181818,6399848.181818182
ED,Cliff Avril,DET,61.4,272,110.0,2017,Cliff Avril,2017,30,7125000,4401666.636363637,2723333.3636363633
ED,Frostee Rucker,CLV,60.4,294,113.0,2017,Frostee Rucker,2017,33,1080000,4492575.7272727275,-3412575.7272727275
DI,Billy Winn,CLV,59.8,250,115.0,2017,Billy Winn,2017,28,775000,4560757.545454546,-3785757.545454546
ED,Jared Odrick,MIA,59.4,345,119.0,2017,Jared Odrick,2017,29,8500000,4251666.636363637,4248333.363636363
DI,C.J. Wilson,GB,59.4,189,119.0,2017,C.J. Wilson,2017,29,980000,3503939.3636363638,-2523939.3636363638
DI,Roy Miller,TB,58.3,221,127.0,2017,Roy Miller,2017,30,1400000,3223636.3636363638,-1823636.3636363638
DI,Tyson Alualu,JAX,57.9,397,128.0,2017,Tyson Alualu,2017,27,3000000,2721363.6363636362,278636.36363636376
DI,Clinton McDonald,SEA,57.6,134,129.0,2017,Clinton McDonald,2017,30,3000000,2693636.3636363638,306363.63636363624
DI,Jarvis Jenkins,WAS,57.2,235,134.0,2017,Jarvis Jenkins,2017,28,825000,3055000.0,-2230000.0
DI,John Hughes,CLV,55.6,223,139.0,2017,John Hughes,2017,29,775000,2736818.1818181816,-1961818.1818181816
DI,Dontari Poe,KC,55.5,340,140.0,2017,Dontari Poe,2017,26,8000000,2729545.4545454546,5270454.545454545
DI,Sen'Derrick Marks,TEN,53.6,315,146.0,2017,Sen'Derrick Marks,2017,30,1600000,2937121.1818181816,-1337121.1818181816
DI,Cedric Thornton,PHI,53.1,215,150.0,2017,Cedric Thornton,2017,29,775000,2930833.3,-2155833.3
ED,Red Bryant,SEA,52.9,322,152.0,2017,Red Bryant,2017,32,4750000,2923148.111111111,1826851.888888889
DI,Tyson Jackson,KC,51.9,306,154.0,2017,Tyson Jackson,2017,30,5000000,3185416.625,1814583.375
DI,Kendall Langford,LA,51.6,316,155.0,2017,Kendall Langford,2017,31,900000,3529761.8571428573,-2629761.8571428573
DI,Letroy Guion,MIN,49.5,239,156.0,2017,Letroy Guion,2017,29,3683333,2784722.1666666665,898610.8333333335
DI,Geno Atkins,CIN,93.9,292,1.0,2016,Geno Atkins,2016,27,10665400,11651161.833333334,-985761.833333334
DI,J.J. Watt,HST,92.3,346,3.0,2016,J.J. Watt,2016,27,16667571,12253376.857142856,4414194.142857144
ED,Cameron Wake,MIA,90.9,318,4.0,2016,Cameron Wake,2016,34,7500000,12825871.375,-5325871.375
DI,Muhammad Wilkerson,NYJ,89.6,434,5.0,2016,Muhammad Wilkerson,2016,26,17200000,12400774.555555556,4799225.444444444
ED,Carlos Dunlap,CIN,89.4,197,6.0,2016,Carlos Dunlap,2016,27,7874000,11310697.1,-3436697.0999999996
ED,Jason Pierre-Paul,NYG,83.5,347,7.0,2016,Jason Pierre-Paul,2016,27,10000000,10958209.454545455,-958209.454545455
DI,Gerald McCoy,TB,82.1,301,10.0,2016,Gerald McCoy,2016,27,15866667,10261354.909090908,5605312.090909092
ED,Justin Houston,KC,81.6,468,11.0,2016,Justin Houston,2016,27,16833333,9255212.090909092,7578120.909090908
DI,Jurrell Casey,TEN,79.2,361,14.0,2016,Jurrell Casey,2016,25,9000000,9027939.363636363,-27939.363636363298
ED,Chris Clemons,SEA,78.9,310,17.0,2016,Chris Clemons,2016,34,1500000,8464303.0,-6964303.0
DI,Kyle Williams,BUF,78.7,319,18.0,2016,Kyle Williams,2016,29,7433333,8672727.272727273,-1239394.2727272734
ED,Charles Johnson,CAR,77.8,301,20.0,2016,Charles Johnson,2016,29,3000000,8036363.636363637,-5036363.636363637
ED,Brian Robison,MIN,76.9,311,23.0,2016,Brian Robison,2016,32,5600000,8326893.909090909,-2726893.909090909
ED,Michael Johnson,CIN,76.1,317,26.0,2016,Michael Johnson,2016,29,5000000,7569318.181818182,-2569318.1818181816
DI,Calais Campbell,ARZ,76.0,330,28.0,2016,Calais Campbell,2016,29,11000000,6820227.2727272725,4179772.7272727275
ED,Michael Bennett,TB,75.7,316,29.0,2016,Michael Bennett,2016,31,10166667,7471742.454545454,2694924.545454546
DI,Nick Fairley,DET,75.5,192,30.0,2016,Nick Fairley,2016,28,3000000,6989166.7272727275,-3989166.7272727275
DI,Ndamukong Suh,DET,75.3,346,31.0,2016,Ndamukong Suh,2016,29,19062500,6805984.909090909,12256515.09090909
ED,Mario Williams,BUF,74.9,388,33.0,2016,Mario Williams,2016,31,8500000,6865075.818181818,1634924.1818181816
DI,Alex Carrington,BUF,74.6,151,34.0,2016,Alex Carrington,2016,29,760000,6661287.909090909,-5901287.909090909
ED,Julius Peppers,CHI,74.5,264,35.0,2016,Julius Peppers,2016,36,8666667,5730378.818181818,2936288.1818181816
DI,Desmond Bryant,LV,74.2,263,36.0,2016,Desmond Bryant,2016,30,2125000,4860681.818181818,-2735681.8181818184
DI,Antonio Smith,HST,73.2,280,42.0,2016,Antonio Smith,2016,34,985000,5156136.363636363,-4171136.3636363633
DI,Dan Williams,ARZ,72.8,263,43.0,2016,Dan Williams,2016,28,6250000,4977727.2727272725,1272272.7272727275
ED,Jason Babin,JAX,72.6,243,44.0,2016,Jason Babin,2016,35,2758333,4830000.0,-2071667.0
DI,Henry Melton,CHI,71.8,204,46.0,2016,Henry Melton,2016,29,760000,5760909.090909091,-5000909.090909091
DI,Mike Martin,TEN,71.8,172,46.0,2016,Mike Martin,2016,25,600000,5700303.0,-5100303.0
DI,Linval Joseph,NYG,71.6,359,48.0,2016,Linval Joseph,2016,27,6250000,5829848.454545454,420151.5454545459
DI,Fletcher Cox,PHI,71.0,205,52.0,2016,Fletcher Cox,2016,25,17100000,6240303.0,10859697.0
DI,Jason Hatcher,DAL,70.7,301,53.0,2016,Jason Hatcher,2016,33,6875000,5785757.545454546,1089242.4545454541
ED,Cameron Jordan,NO,70.6,421,54.0,2016,Cameron Jordan,2016,26,11000000,5898636.363636363,5101363.636363637
ED,Jared Allen,MIN,70.3,386,55.0,2016,Jared Allen,2016,33,8000000,6011363.636363637,1988636.3636363633
DI,Brodrick Bunkley,NO,69.4,210,59.0,2016,Brodrick Bunkley,2016,32,3550000,7002272.7272727275,-3452272.7272727275
ED,Jabaal Sheard,CLV,68.8,391,63.0,2016,Jabaal Sheard,2016,26,5500000,6979545.454545454,-1479545.4545454541
ED,Courtney Upshaw,BLT,68.6,375,65.0,2016,Courtney Upshaw,2016,26,1250000,5788636.363636363,-4538636.363636363
DI,Earl Mitchell,HST,68.5,208,66.0,2016,Earl Mitchell,2016,28,4000000,5322727.2727272725,-1322727.2727272725
DI,Vance Walker,ATL,68.5,258,66.0,2016,Vance Walker,2016,28,2000000,4534848.454545454,-2534848.454545454
ED,Ryan Kerrigan,WAS,68.0,384,69.0,2016,Ryan Kerrigan,2016,27,11500000,3883939.3636363638,7616060.636363637
DI,Haloti Ngata,BLT,67.7,439,70.0,2016,Haloti Ngata,2016,31,6000000,3970303.0,2029697.0
DI,Ahtyba Rubin,CLV,67.4,243,71.0,2016,Ahtyba Rubin,2016,29,4000000,4070303.0,-70303.0
DI,Terrance Knighton,JAX,66.9,321,76.0,2016,Terrance Knighton,2016,29,1750000,4888484.818181818,-3138484.8181818184
DI,Tom Johnson,NO,66.8,188,77.0,2016,Tom Johnson,2016,31,2333333,4593939.363636363,-2260606.3636363633
DI,Kyle Love,NE,66.6,273,78.0,2016,Kyle Love,2016,29,840000,4730303.0,-3890303.0
DI,Vince Wilfork,NE,66.3,380,80.0,2016,Vince Wilfork,2016,34,4500000,4093939.3636363638,406060.63636363624
DI,Arthur Jones,BLT,66.2,356,81.0,2016,Arthur Jones,2016,29,6600000,5011729.0,1588271.0
DI,Corey Liuget,LAC,65.5,266,83.0,2016,Corey Liuget,2016,26,10250000,5482183.545454546,4767816.454545454
DI,Cam Thomas,LAC,65.1,186,87.0,2016,Cam Thomas,2016,29,760000,5732183.545454546,-4972183.545454546
DI,Paul Soliai,MIA,65.1,314,87.0,2016,Paul Soliai,2016,32,3500000,5692789.636363637,-2192789.6363636367
ED,Derrick Shelby,MIA,65.0,106,89.0,2016,Derrick Shelby,2016,27,4500000,5832335.090909091,-1332335.0909090908
DI,Marcell Dareus,BUF,65.0,328,89.0,2016,Marcell Dareus,2016,26,16095686,5618698.7272727275,10476987.272727273
ED,Derek Wolfe,DEN,64.7,388,93.0,2016,Derek Wolfe,2016,25,9175000,5836880.545454546,3338119.454545454
DI,Brandon Mebane,SEA,64.5,323,94.0,2016,Brandon Mebane,2016,31,4500000,5450516.909090909,-950516.9090909092
DI,Stephen Paea,CHI,63.6,219,97.0,2016,Stephen Paea,2016,28,1900000,5654153.2727272725,-3754153.2727272725
ED,Chris Long,LA,63.1,307,99.0,2016,Chris Long,2016,30,2375000,6343547.181818182,-3968547.1818181816
DI,Alan Branch,SEA,63.0,282,100.0,2016,Alan Branch,2016,31,2150000,6161729.0,-4011729.0
ED,Jerry Hughes,IND,62.6,278,104.0,2016,Jerry Hughes,2016,27,9000000,5346212.090909091,3653787.909090909
DI,Barry Cofield,WAS,62.3,267,105.0,2016,Barry Cofield,2016,32,6000000,4807575.7272727275,1192424.2727272725
DI,Jonathan Babineaux,ATL,61.9,364,107.0,2016,Jonathan Babineaux,2016,34,3000000,4594791.636363637,-1594791.6363636367
DI,Michael Brockers,LA,61.9,263,107.0,2016,Michael Brockers,2016,25,11083333,4491155.2727272725,6592177.7272727275
DI,Kendall Reyes,LAC,61.8,184,109.0,2016,Kendall Reyes,2016,26,2500000,5047973.454545454,-2547973.454545454
ED,Cliff Avril,DET,61.4,272,110.0,2016,Cliff Avril,2016,29,7125000,4921609.818181818,2203390.1818181816
DI,Randy Starks,MIA,60.4,310,113.0,2016,Randy Starks,2016,32,3250000,4192973.4545454546,-942973.4545454546
ED,Frostee Rucker,CLV,60.4,294,113.0,2016,Frostee Rucker,2016,31,2159375,3716609.8181818184,-1557234.8181818184
DI,Billy Winn,CLV,59.8,250,115.0,2016,Billy Winn,2016,27,760000,3813200.727272727,-3053200.727272727
ED,Jared Odrick,MIA,59.4,345,119.0,2016,Jared Odrick,2016,28,8500000,3078352.272727273,5421647.727272727
DI,C.J. Wilson,GB,59.4,189,119.0,2016,C.J. Wilson,2016,29,760000,3123806.8181818184,-2363806.8181818184
DI,Cullen Jenkins,PHI,59.1,237,123.0,2016,Cullen Jenkins,2016,35,985000,2545170.4545454546,-1560170.4545454546
ED,Matt Shaughnessy,LV,58.9,295,125.0,2016,Matt Shaughnessy,2016,29,760000,2431534.090909091,-1671534.0909090908
DI,Roy Miller,TB,58.3,221,127.0,2016,Roy Miller,2016,28,4062500,2507954.5454545454,1554545.4545454546
DI,Tyson Alualu,JAX,57.9,397,128.0,2016,Tyson Alualu,2016,28,3000000,2507954.5454545454,492045.4545454546
DI,Clinton McDonald,SEA,57.6,134,129.0,2016,Clinton McDonald,2016,29,3000000,2026136.3636363635,973863.6363636365
DI,Christo Bilukidi,LV,57.6,133,129.0,2016,Christo Bilukidi,2016,26,760000,2026136.3636363635,-1266136.3636363635
DI,Dwan Edwards,CAR,57.5,283,133.0,2016,Dwan Edwards,2016,34,2000000,2005681.8181818181,-5681.818181818118
DI,Jarvis Jenkins,WAS,57.2,235,134.0,2016,Jarvis Jenkins,2016,27,3000000,2197197.0,802803.0
DI,Ricardo Mathews,IND,56.9,241,135.0,2016,Ricardo Mathews,2016,28,760000,2236969.727272727,-1476969.727272727
DI,John Hughes,CLV,55.6,223,139.0,2016,John Hughes,2016,26,3200000,2350606.090909091,849393.9090909092
DI,Jermelle Cudjo,LA,55.0,172,142.0,2016,Jermelle Cudjo,2016,29,760000,2165606.090909091,-1405606.0909090908
DI,Brandon Deaderick,NE,54.4,219,145.0,2016,Brandon Deaderick,2016,28,760000,2551060.6363636362,-1791060.6363636362
DI,Ropati Pitoitua,KC,53.6,268,146.0,2016,Ropati Pitoitua,2016,30,2866667,2760151.5454545454,106515.45454545459
DI,Sen'Derrick Marks,TEN,53.6,315,146.0,2016,Sen'Derrick Marks,2016,28,4500000,2822272.727272727,1677727.272727273
DI,Cedric Thornton,PHI,53.1,215,150.0,2016,Cedric Thornton,2016,27,4250000,3082727.272727273,1167272.727272727
ED,Red Bryant,SEA,52.9,322,152.0,2016,Red Bryant,2016,31,965000,3071000.0,-2106000.0
DI,Tyson Jackson,KC,51.9,306,154.0,2016,Tyson Jackson,2016,29,5000000,3327777.777777778,1672222.222222222
DI,Kendall Langford,LA,51.6,316,155.0,2016,Kendall Langford,2016,30,4300000,3648750.0,651250.0
DI,Letroy Guion,MIN,49.5,239,156.0,2016,Letroy Guion,2016,28,3683333,3760476.1428571427,-77143.14285714272
DI,Darnell Dockett,ARZ,42.9,358,159.0,2016,Darnell Dockett,2016,34,3625000,3637222.1666666665,-12222.166666666511
DI,Geno Atkins,CIN,93.9,292,1.0,2015,Geno Atkins,2015,26,10665400,12087773.0,-1422373.0
DI,J.J. Watt,HST,92.3,346,3.0,2015,J.J. Watt,2015,26,16667571,12765710.142857144,3901860.8571428563
ED,Cameron Wake,MIA,90.9,318,4.0,2015,Cameron Wake,2015,33,6640000,12294996.375,-5654996.375
ED,Carlos Dunlap,CIN,89.4,197,6.0,2015,Carlos Dunlap,2015,26,7874000,12185730.111111112,-4311730.111111112
ED,Jason Pierre-Paul,NYG,83.5,347,7.0,2015,Jason Pierre-Paul,2015,26,14813000,11404657.1,3408342.9000000004
DI,Gerald McCoy,TB,82.1,301,10.0,2015,Gerald McCoy,2015,26,15866667,11043627.636363637,4823039.363636363
ED,Justin Houston,KC,81.6,468,11.0,2015,Justin Houston,2015,26,16833333,11225561.0,5607772.0
DI,Jurrell Casey,TEN,79.2,361,14.0,2015,Jurrell Casey,2015,24,9000000,10219418.181818182,-1219418.1818181816
ED,Greg Hardy,CAR,79.1,274,15.0,2015,Greg Hardy,2015,26,11311600,10070327.272727273,1241272.7272727266
ED,Chris Clemons,SEA,78.9,310,17.0,2015,Chris Clemons,2015,33,4375000,10354509.090909092,-5979509.090909092
DI,Kyle Williams,BUF,78.7,319,18.0,2015,Kyle Williams,2015,28,7433333,9655600.0,-2222267.0
ED,Charles Johnson,CAR,77.8,301,20.0,2015,Charles Johnson,2015,29,12666667,8667721.181818182,3998945.8181818184
ED,Brian Robison,MIN,76.9,311,23.0,2015,Brian Robison,2015,31,5600000,8870372.727272727,-3270372.7272727266
ED,Michael Johnson,CIN,76.1,317,26.0,2015,Michael Johnson,2015,28,5000000,9506736.363636363,-4506736.363636363
DI,Calais Campbell,ARZ,76.0,330,28.0,2015,Calais Campbell,2015,28,11000000,8546136.363636363,2453863.6363636367
ED,Michael Bennett,TB,75.7,316,29.0,2015,Michael Bennett,2015,29,7125000,8936287.909090908,-1811287.9090909082
DI,Nick Fairley,DET,75.5,192,30.0,2015,Nick Fairley,2015,27,5000000,8878712.181818182,-3878712.1818181816
DI,Ndamukong Suh,DET,75.3,346,31.0,2015,Ndamukong Suh,2015,28,19062500,7822651.545454546,11239848.454545453
ED,Mario Williams,BUF,74.9,388,33.0,2015,Mario Williams,2015,30,16000000,7495378.818181818,8504621.181818182
DI,Alex Carrington,BUF,74.6,151,34.0,2015,Alex Carrington,2015,27,745000,7609015.181818182,-6864015.181818182
ED,Julius Peppers,CHI,74.5,264,35.0,2015,Julius Peppers,2015,35,8666667,6688106.090909091,1978560.9090909092
DI,Desmond Bryant,LV,74.2,263,36.0,2015,Desmond Bryant,2015,29,6800000,6381287.909090909,418712.0909090908
DI,C.J. Mosley,JAX,73.4,321,40.0,2015,C.J. Mosley,2015,31,1050000,6494924.2727272725,-5444924.2727272725
DI,Antonio Smith,HST,73.2,280,42.0,2015,Antonio Smith,2015,33,2000000,4898333.363636363,-2898333.3636363633
DI,Dan Williams,ARZ,72.8,263,43.0,2015,Dan Williams,2015,27,6250000,4068787.909090909,2181212.090909091
ED,Jason Babin,JAX,72.6,243,44.0,2015,Jason Babin,2015,35,870000,5001060.636363637,-4131060.6363636367
DI,Henry Melton,CHI,71.8,204,46.0,2015,Henry Melton,2015,28,3750000,4940454.545454546,-1190454.5454545459
DI,Linval Joseph,NYG,71.6,359,48.0,2015,Linval Joseph,2015,26,6250000,4645000.0,1605000.0
ED,Jeremy Mincey,JAX,71.5,404,49.0,2015,Jeremy Mincey,2015,31,1500000,5004090.909090909,-3504090.909090909
DI,Jason Hatcher,DAL,70.7,301,53.0,2015,Jason Hatcher,2015,32,6875000,5322272.7272727275,1552727.2727272725
ED,Cameron Jordan,NO,70.6,421,54.0,2015,Cameron Jordan,2015,25,11000000,5117727.2727272725,5882272.7272727275
ED,Jared Allen,MIN,70.3,386,55.0,2015,Jared Allen,2015,32,8000000,5220454.545454546,2779545.454545454
DI,Brodrick Bunkley,NO,69.4,210,59.0,2015,Brodrick Bunkley,2015,31,3550000,5015909.090909091,-1465909.0909090908
ED,Justin Tuck,NYG,69.3,241,60.0,2015,Justin Tuck,2015,31,5000000,5493181.818181818,-493181.81818181835
ED,Jabaal Sheard,CLV,68.8,391,63.0,2015,Jabaal Sheard,2015,25,5500000,5593181.818181818,-93181.81818181835
DI,Earl Mitchell,HST,68.5,208,66.0,2015,Earl Mitchell,2015,27,4000000,5043181.818181818,-1043181.8181818184
DI,Vance Walker,ATL,68.5,258,66.0,2015,Vance Walker,2015,27,2000000,4447727.2727272725,-2447727.2727272725
DI,Kevin Williams,MIN,68.5,292,66.0,2015,Kevin Williams,2015,34,1500000,3932575.727272727,-2432575.727272727
ED,Ryan Kerrigan,WAS,68.0,384,69.0,2015,Ryan Kerrigan,2015,26,11500000,3676893.909090909,7823106.090909091
DI,Ahtyba Rubin,CLV,67.4,243,71.0,2015,Ahtyba Rubin,2015,28,2600000,3567803.0,-967803.0
ED,Corey Wootton,CHI,67.2,222,74.0,2015,Corey Wootton,2015,27,825000,3476893.909090909,-2651893.909090909
DI,Terrance Knighton,JAX,66.9,321,76.0,2015,Terrance Knighton,2015,28,4450000,3713257.5454545454,736742.4545454546
DI,Tom Johnson,NO,66.8,188,77.0,2015,Tom Johnson,2015,30,2333333,3617803.0,-1284470.0
DI,Kyle Love,NE,66.6,273,78.0,2015,Kyle Love,2015,29,737500,4413257.545454546,-3675757.545454546
DI,Sammie Lee Hill,DET,66.5,171,79.0,2015,Sammie Lee Hill,2015,28,3800000,3781439.3636363638,18560.636363636237
DI,Vince Wilfork,NE,66.3,380,80.0,2015,Vince Wilfork,2015,33,4500000,3726893.909090909,773106.0909090908
DI,Arthur Jones,BLT,66.2,356,81.0,2015,Arthur Jones,2015,28,6600000,4233712.090909091,2366287.909090909
DI,Kevin Vickerson,DEN,66.1,256,82.0,2015,Kevin Vickerson,2015,32,950000,4043348.4545454546,-3093348.4545454546
DI,Corey Liuget,LAC,65.5,266,83.0,2015,Corey Liuget,2015,25,10250000,5294471.454545454,4955528.545454546
DI,Justin Smith,SF,65.2,355,85.0,2015,Justin Smith,2015,35,4550000,5322880.545454546,-772880.5454545459
DI,Cam Thomas,LAC,65.1,186,87.0,2015,Cam Thomas,2015,28,2000000,5431971.454545454,-3431971.454545454
DI,Paul Soliai,MIA,65.1,314,87.0,2015,Paul Soliai,2015,31,6400000,5500153.2727272725,899846.7272727275
ED,Derrick Shelby,MIA,65.0,106,89.0,2015,Derrick Shelby,2015,26,2356000,5995607.818181818,-3639607.8181818184
DI,Marcell Dareus,BUF,65.0,328,89.0,2015,Marcell Dareus,2015,25,16095686,6104698.7272727275,9990987.272727273
DI,Ray McDonald,SF,64.9,404,91.0,2015,Ray McDonald,2015,30,1050000,5331971.454545454,-4281971.454545454
DI,Brandon Mebane,SEA,64.5,323,94.0,2015,Brandon Mebane,2015,30,5000000,5145607.818181818,-145607.81818181835
DI,Stephen Paea,CHI,63.6,219,97.0,2015,Stephen Paea,2015,26,5250000,5781971.454545454,-531971.4545454541
ED,Chris Long,LA,63.1,307,99.0,2015,Chris Long,2015,30,12050000,5279244.181818182,6770755.818181818
DI,Alan Branch,SEA,63.0,282,100.0,2015,Alan Branch,2015,30,2150000,5337789.636363637,-3187789.6363636367
DI,B.J. Raji,GB,62.9,330,101.0,2015,B.J. Raji,2015,28,1750000,4522272.7272727275,-2772272.7272727275
ED,Shaun Phillips,LAC,62.9,321,101.0,2015,Shaun Phillips,2015,33,2500000,4722272.7272727275,-2222272.7272727275
ED,Jerry Hughes,IND,62.6,278,104.0,2015,Jerry Hughes,2015,26,9000000,4358636.363636363,4641363.636363637
DI,Barry Cofield,WAS,62.3,267,105.0,2015,Barry Cofield,2015,30,870000,4154090.909090909,-3284090.909090909
DI,Jonathan Babineaux,ATL,61.9,364,107.0,2015,Jonathan Babineaux,2015,33,3000000,3831363.6363636362,-831363.6363636362
ED,Cliff Avril,DET,61.4,272,110.0,2015,Cliff Avril,2015,28,7125000,3833636.3636363638,3291363.6363636362
DI,Randy Starks,MIA,60.4,310,113.0,2015,Randy Starks,2015,31,3250000,3916969.727272727,-666969.7272727271
ED,Frostee Rucker,CLV,60.4,294,113.0,2015,Frostee Rucker,2015,31,1000000,3889697.0,-2889697.0
ED,Robert Geathers,CIN,59.6,261,117.0,2015,Robert Geathers,2015,31,3000000,3440833.3636363638,-440833.36363636376
ED,Jared Odrick,MIA,59.4,345,119.0,2015,Jared Odrick,2015,27,8500000,3634469.727272727,4865530.272727273
DI,C.J. Wilson,GB,59.4,189,119.0,2015,C.J. Wilson,2015,27,2175000,3639015.1818181816,-1464015.1818181816
DI,Cullen Jenkins,PHI,59.1,237,123.0,2015,Cullen Jenkins,2015,34,2666667,3264015.1818181816,-597348.1818181816
ED,Matt Shaughnessy,LV,58.9,295,125.0,2015,Matt Shaughnessy,2015,28,2200000,3036742.4545454546,-836742.4545454546
DI,Roy Miller,TB,58.3,221,127.0,2015,Roy Miller,2015,27,4062500,3127651.5454545454,934848.4545454546
DI,Tyson Alualu,JAX,57.9,397,128.0,2015,Tyson Alualu,2015,27,3000000,2929924.272727273,70075.72727272706
DI,Marcus Spears,DAL,57.6,202,129.0,2015,Marcus Spears,2015,32,3050000,2240833.3636363638,809166.6363636362
DI,Clinton McDonald,SEA,57.6,134,129.0,2015,Clinton McDonald,2015,28,3000000,2103200.1818181816,896799.8181818184
DI,Christo Bilukidi,LV,57.6,133,129.0,2015,Christo Bilukidi,2015,25,750000,1997139.5454545454,-1247139.5454545454
DI,Dwan Edwards,CAR,57.5,283,133.0,2015,Dwan Edwards,2015,33,2000000,1857139.5454545454,142860.4545454546
DI,Jarvis Jenkins,WAS,57.2,235,134.0,2015,Jarvis Jenkins,2015,28,825000,1555548.6363636365,-730548.6363636365
DI,Ricardo Mathews,IND,56.9,241,135.0,2015,Ricardo Mathews,2015,27,920000,1543427.4545454546,-623427.4545454546
DI,John Hughes,CLV,55.6,223,139.0,2015,John Hughes,2015,27,661035,1675245.6363636365,-1014210.6363636365
DI,Brett Keisel,PIT,55.4,336,141.0,2015,Brett Keisel,2015,36,1500000,1489791.0909090908,10208.909090909176
DI,Jermelle Cudjo,LA,55.0,172,142.0,2015,Jermelle Cudjo,2015,28,660000,1635791.0909090908,-975791.0909090908
DI,Brandon Deaderick,NE,54.4,219,145.0,2015,Brandon Deaderick,2015,27,745000,1540336.5454545454,-795336.5454545454
DI,Ropati Pitoitua,KC,53.6,268,146.0,2015,Ropati Pitoitua,2015,29,2866667,1919882.0,946785.0
DI,Sen'Derrick Marks,TEN,53.6,315,146.0,2015,Sen'Derrick Marks,2015,27,4500000,2227154.727272727,2272845.272727273
DI,Stephen Bowen,WAS,53.6,265,146.0,2015,Stephen Bowen,2015,30,960000,2417060.6363636362,-1457060.6363636362
DI,Cedric Thornton,PHI,53.1,215,150.0,2015,Cedric Thornton,2015,26,2356000,2349333.3636363638,6666.636363636237
ED,Red Bryant,SEA,52.9,322,152.0,2015,Red Bryant,2015,31,950000,2622666.727272727,-1672666.727272727
DI,Tyson Jackson,KC,51.9,306,154.0,2015,Tyson Jackson,2015,28,5000000,2884484.909090909,2115515.090909091
DI,Kendall Langford,LA,51.6,316,155.0,2015,Kendall Langford,2015,29,4300000,2886266.7,1413733.2999999998
DI,Letroy Guion,MIN,49.5,239,156.0,2015,Letroy Guion,2015,27,2750000,2706963.0,43037.0
DI,Antonio Johnson,IND,47.4,233,157.0,2015,Antonio Johnson,2015,30,755000,2925333.375,-2170333.375
DI,Isaac Sopoaga,SF,44.9,230,158.0,2015,Isaac Sopoaga,2015,33,3666667,3006666.714285714,660000.2857142859
DI,Darnell Dockett,ARZ,42.9,358,159.0,2015,Darnell Dockett,2015,33,3625000,3349444.5,275555.5
DI,Geno Atkins,CIN,93.9,292,1.0,2014,Geno Atkins,2014,25,10665400,9327161.833333334,1338238.166666666
DI,J.J. Watt,HST,92.3,346,3.0,2014,J.J. Watt,2014,25,16667571,8619710.142857144,8047860.857142856
ED,Cameron Wake,MIA,90.9,318,4.0,2014,Cameron Wake,2014,32,6640000,8453183.875,-1813183.875
ED,Carlos Dunlap,CIN,89.4,197,6.0,2014,Carlos Dunlap,2014,25,7874000,8921348.666666666,-1047348.666666666
DI,Fred Evans,MIN,80.1,171,13.0,2014,Fred Evans,2014,30,1000000,8589213.8,-7589213.800000001
ED,Greg Hardy,CAR,79.1,274,15.0,2014,Greg Hardy,2014,25,13116000,7897467.090909091,5218532.909090909
ED,Chris Clemons,SEA,78.9,310,17.0,2014,Chris Clemons,2014,32,4375000,7723339.818181818,-3348339.8181818184
DI,Kyle Williams,BUF,78.7,319,18.0,2014,Kyle Williams,2014,30,7287500,7208106.090909091,79393.90909090918
ED,Charles Johnson,CAR,77.8,301,20.0,2014,Charles Johnson,2014,28,12666667,7252197.0,5414470.0
ED,Brian Robison,MIN,76.9,311,23.0,2014,Brian Robison,2014,30,5600000,7990924.2727272725,-2390924.2727272725
ED,Israel Idonije,CHI,76.6,237,25.0,2014,Israel Idonije,2014,33,980000,8036378.818181818,-7056378.818181818
ED,Michael Johnson,CIN,76.1,317,26.0,2014,Michael Johnson,2014,27,8750000,7631894.0,1118106.0
DI,Calais Campbell,ARZ,76.0,330,28.0,2014,Calais Campbell,2014,27,11000000,7852348.545454546,3147651.454545454
ED,Michael Bennett,TB,75.7,316,29.0,2014,Michael Bennett,2014,28,7125000,7589848.545454546,-464848.5454545459
ED,Mario Williams,BUF,74.9,388,33.0,2014,Mario Williams,2014,29,16000000,6563333.363636363,9436666.636363637
DI,Alex Carrington,BUF,74.6,151,34.0,2014,Alex Carrington,2014,26,1500000,6463333.363636363,-4963333.363636363
ED,Julius Peppers,CHI,74.5,264,35.0,2014,Julius Peppers,2014,34,8666667,6625000.0,2041667.0
DI,Desmond Bryant,LV,74.2,263,36.0,2014,Desmond Bryant,2014,28,6800000,6454568.181818182,345431.81818181835
DI,Justin Bannan,DEN,74.0,302,38.0,2014,Justin Bannan,2014,34,4400000,6022750.0,-1622750.0
DI,C.J. Mosley,JAX,73.4,321,40.0,2014,C.J. Mosley,2014,30,1375000,5511386.363636363,-4136386.3636363633
DI,Antonio Smith,HST,73.2,280,42.0,2014,Antonio Smith,2014,32,4500000,4681840.909090909,-181840.90909090918
ED,Jason Babin,JAX,72.6,243,44.0,2014,Jason Babin,2014,33,2758333,5272750.0,-2514417.0
DI,Henry Melton,CHI,71.8,204,46.0,2014,Henry Melton,2014,27,6875250,4807598.454545454,2067651.5454545459
DI,Linval Joseph,NYG,71.6,359,48.0,2014,Linval Joseph,2014,25,6250000,4643962.090909091,1606037.9090909092
ED,Jeremy Mincey,JAX,71.5,404,49.0,2014,Jeremy Mincey,2014,30,1500000,4607598.454545454,-3107598.454545454
DI,Jason Hatcher,DAL,70.7,301,53.0,2014,Jason Hatcher,2014,31,6875000,4786234.818181818,2088765.1818181816
ED,Jared Allen,MIN,70.3,386,55.0,2014,Jared Allen,2014,31,8000000,4568053.0,3431947.0
DI,Brodrick Bunkley,NO,69.4,210,59.0,2014,Brodrick Bunkley,2014,30,3550000,5420113.636363637,-1870113.6363636367
ED,Justin Tuck,NYG,69.3,241,60.0,2014,Justin Tuck,2014,30,5000000,5397363.636363637,-397363.6363636367
DI,Earl Mitchell,HST,68.5,208,66.0,2014,Earl Mitchell,2014,26,4000000,4916000.0,-916000.0
DI,Vance Walker,ATL,68.5,258,66.0,2014,Vance Walker,2014,26,3340000,4916000.0,-1576000.0
DI,Kevin Williams,MIN,68.5,292,66.0,2014,Kevin Williams,2014,33,2100000,4495545.454545454,-2395545.454545454
DI,Haloti Ngata,BLT,67.7,439,70.0,2014,Haloti Ngata,2014,30,12131000,3845090.909090909,8285909.090909091
DI,Ahtyba Rubin,CLV,67.4,243,71.0,2014,Ahtyba Rubin,2014,27,6625000,3589409.090909091,3035590.909090909
DI,Ryan Pickett,GB,67.3,373,73.0,2014,Ryan Pickett,2014,34,955000,3480318.1818181816,-2525318.1818181816
ED,Corey Wootton,CHI,67.2,222,74.0,2014,Corey Wootton,2014,26,1500000,3813651.5454545454,-2313651.5454545454
DI,Terrance Knighton,JAX,66.9,321,76.0,2014,Terrance Knighton,2014,27,2250000,4110015.1818181816,-1860015.1818181816
DI,Tom Johnson,NO,66.8,188,77.0,2014,Tom Johnson,2014,29,845000,3996833.3636363638,-3151833.3636363638
DI,Kyle Love,NE,66.6,273,78.0,2014,Kyle Love,2014,28,737500,3307651.5454545454,-2570151.5454545454
DI,Sammie Lee Hill,DET,66.5,171,79.0,2014,Sammie Lee Hill,2014,27,3800000,2887197.0,912803.0
DI,Vince Wilfork,NE,66.3,380,80.0,2014,Vince Wilfork,2014,32,7666667,3382197.0,4284470.0
DI,Arthur Jones,BLT,66.2,356,81.0,2014,Arthur Jones,2014,27,6600000,3611287.909090909,2988712.090909091
DI,Kevin Vickerson,DEN,66.1,256,82.0,2014,Kevin Vickerson,2014,30,855000,3861287.909090909,-3006287.909090909
DI,Justin Smith,SF,65.2,355,85.0,2014,Justin Smith,2014,34,4550000,4879924.2727272725,-329924.2727272725
DI,Cam Thomas,LAC,65.1,186,87.0,2014,Cam Thomas,2014,27,2000000,5094697.0,-3094697.0
DI,Paul Soliai,MIA,65.1,314,87.0,2014,Paul Soliai,2014,30,6400000,5112878.818181818,1287121.1818181816
DI,Ray McDonald,SF,64.9,404,91.0,2014,Ray McDonald,2014,29,4020000,4643181.818181818,-623181.8181818184
DI,Brandon Mebane,SEA,64.5,323,94.0,2014,Brandon Mebane,2014,29,5000000,4588636.363636363,411363.6363636367
ED,Chris Long,LA,63.1,307,99.0,2014,Chris Long,2014,29,12050000,4783636.363636363,7266363.636363637
DI,Alan Branch,SEA,63.0,282,100.0,2014,Alan Branch,2014,28,3100000,4960909.090909091,-1860909.0909090908
DI,B.J. Raji,GB,62.9,330,101.0,2014,B.J. Raji,2014,27,4000000,5233636.363636363,-1233636.3636363633
ED,Shaun Phillips,LAC,62.9,321,101.0,2014,Shaun Phillips,2014,32,2500000,4742727.2727272725,-2242727.2727272725
DI,Barry Cofield,WAS,62.3,267,105.0,2014,Barry Cofield,2014,30,6000000,4650000.0,1350000.0
DI,Jonathan Babineaux,ATL,61.9,364,107.0,2014,Jonathan Babineaux,2014,32,3000000,4267727.2727272725,-1267727.2727272725
ED,Cliff Avril,DET,61.4,272,110.0,2014,Cliff Avril,2014,27,6500000,3414697.0,3085303.0
DI,Randy Starks,MIA,60.4,310,113.0,2014,Randy Starks,2014,30,5000000,3257878.8181818184,1742121.1818181816
ED,Frostee Rucker,CLV,60.4,294,113.0,2014,Frostee Rucker,2014,30,1000000,3094242.4545454546,-2094242.4545454546
ED,Robert Geathers,CIN,59.6,261,117.0,2014,Robert Geathers,2014,30,3000000,3066969.727272727,-66969.72727272706
DI,C.J. Wilson,GB,59.4,189,119.0,2014,C.J. Wilson,2014,26,795000,2646515.1818181816,-1851515.1818181816
DI,Cullen Jenkins,PHI,59.1,237,123.0,2014,Cullen Jenkins,2014,33,2666667,2646515.1818181816,20151.81818181835
DI,Derek Landri,PHI,59.1,251,123.0,2014,Derek Landri,2014,30,1375000,2214697.0,-839697.0
ED,Matt Shaughnessy,LV,58.9,295,125.0,2014,Matt Shaughnessy,2014,27,2200000,1826515.1818181819,373484.8181818181
DI,Roy Miller,TB,58.3,221,127.0,2014,Roy Miller,2014,26,2200000,1899697.0,300303.0
DI,Marcus Spears,DAL,57.6,202,129.0,2014,Marcus Spears,2014,31,1375000,1707878.8181818181,-332878.8181818181
DI,Clinton McDonald,SEA,57.6,134,129.0,2014,Clinton McDonald,2014,27,3000000,1695700.1818181819,1304299.8181818181
DI,Dwan Edwards,CAR,57.5,283,133.0,2014,Dwan Edwards,2014,32,1750000,1589639.5454545454,160360.4545454546
DI,Ricardo Mathews,IND,56.9,241,135.0,2014,Ricardo Mathews,2014,26,730000,1546685.0,-816685.0
DI,Tommy Kelly,LV,56.8,336,136.0,2014,Tommy Kelly,2014,33,1805000,1413048.6363636365,391951.36363636353
DI,Peria Jerry,ATL,56.2,233,137.0,2014,Peria Jerry,2014,29,890000,1473654.7272727273,-583654.7272727273
DI,John Hughes,CLV,55.6,223,139.0,2014,John Hughes,2014,26,661035,1757745.6363636365,-1096710.6363636365
DI,Brett Keisel,PIT,55.4,336,141.0,2014,Brett Keisel,2014,35,1500000,1985018.3636363635,-485018.36363636353
DI,Jermelle Cudjo,LA,55.0,172,142.0,2014,Jermelle Cudjo,2014,27,902500,1884563.8181818181,-982063.8181818181
DI,Brandon Deaderick,NE,54.4,219,145.0,2014,Brandon Deaderick,2014,26,730000,2250018.3636363638,-1520018.3636363638
DI,Ropati Pitoitua,KC,53.6,268,146.0,2014,Ropati Pitoitua,2014,28,2866667,2540472.909090909,326194.0909090908
DI,Sen'Derrick Marks,TEN,53.6,315,146.0,2014,Sen'Derrick Marks,2014,26,4500000,2959563.8181818184,1540436.1818181816
DI,Stephen Bowen,WAS,53.6,265,146.0,2014,Stephen Bowen,2014,30,5500000,2990378.8181818184,2509621.1818181816
DI,Cedric Thornton,PHI,53.1,215,150.0,2014,Cedric Thornton,2014,25,645000,2960833.3636363638,-2315833.3636363638
ED,Red Bryant,SEA,52.9,322,152.0,2014,Red Bryant,2014,29,4750000,2956515.1818181816,1793484.8181818184
DI,Tyson Jackson,KC,51.9,306,154.0,2014,Tyson Jackson,2014,27,5000000,3179166.7,1820833.2999999998
DI,Kendall Langford,LA,51.6,316,155.0,2014,Kendall Langford,2014,28,5500000,3213888.888888889,2286111.111111111
DI,Letroy Guion,MIN,49.5,239,156.0,2014,Letroy Guion,2014,26,1000000,3053125.0,-2053125.0
DI,Antonio Johnson,IND,47.4,233,157.0,2014,Antonio Johnson,2014,29,1175000,2703571.4285714286,-1528571.4285714286
DI,Isaac Sopoaga,SF,44.9,230,158.0,2014,Isaac Sopoaga,2014,32,855000,3046666.6666666665,-2191666.6666666665
ED,Cameron Wake,MIA,90.9,318,4.0,2013,Cameron Wake,2013,31,6640000,7216916.666666667,-576916.666666667
ED,Carlos Dunlap,CIN,89.4,197,6.0,2013,Carlos Dunlap,2013,24,7874000,6828785.714285715,1045214.2857142854
DI,Fred Evans,MIN,80.1,171,13.0,2013,Fred Evans,2013,29,1500000,6088312.5,-4588312.5
ED,Chris Clemons,SEA,78.9,310,17.0,2013,Chris Clemons,2013,31,7333333,6653500.0,679833.0
DI,Kyle Williams,BUF,78.7,319,18.0,2013,Kyle Williams,2013,29,7287500,7088150.0,199350.0
ED,Charles Johnson,CAR,77.8,301,20.0,2013,Charles Johnson,2013,27,12666667,6880136.363636363,5786530.636363637
ED,Brian Robison,MIN,76.9,311,23.0,2013,Brian Robison,2013,29,4500000,7731045.454545454,-3231045.454545454
ED,Israel Idonije,CHI,76.6,237,25.0,2013,Israel Idonije,2013,32,905000,8287954.545454546,-7382954.545454546
ED,Michael Johnson,CIN,76.1,317,26.0,2013,Michael Johnson,2013,26,11175000,8769772.727272727,2405227.2727272734
DI,Calais Campbell,ARZ,76.0,330,28.0,2013,Calais Campbell,2013,26,11000000,8194469.7272727275,2805530.2727272725
ED,Michael Bennett,TB,75.7,316,29.0,2013,Michael Bennett,2013,27,4800000,7656969.7272727275,-2856969.7272727275
ED,Mario Williams,BUF,74.9,388,33.0,2013,Mario Williams,2013,28,16000000,7150909.090909091,8849090.90909091
ED,Julius Peppers,CHI,74.5,264,35.0,2013,Julius Peppers,2013,33,14000000,7267272.7272727275,6732727.2727272725
DI,Desmond Bryant,LV,74.2,263,36.0,2013,Desmond Bryant,2013,27,6800000,7953181.818181818,-1153181.8181818184
DI,Justin Bannan,DEN,74.0,302,38.0,2013,Justin Bannan,2013,34,1005000,7391818.181818182,-6386818.181818182
DI,C.J. Mosley,JAX,73.4,321,40.0,2013,C.J. Mosley,2013,29,1375000,6573636.363636363,-5198636.363636363
DI,Antonio Smith,HST,73.2,280,42.0,2013,Antonio Smith,2013,31,7100000,7247273.818181818,-147273.81818181835
ED,Jason Babin,JAX,72.6,243,44.0,2013,Jason Babin,2013,32,5780000,6247273.818181818,-467273.81818181835
DI,Henry Melton,CHI,71.8,204,46.0,2013,Henry Melton,2013,26,8450000,5538182.909090909,2911817.090909091
ED,Jeremy Mincey,JAX,71.5,404,49.0,2013,Jeremy Mincey,2013,29,5000000,5101819.2727272725,-101819.27272727247
DI,Jason Hatcher,DAL,70.7,301,53.0,2013,Jason Hatcher,2013,31,2000000,5465001.090909091,-3465001.090909091
ED,Jared Allen,MIN,70.3,386,55.0,2013,Jared Allen,2013,30,12210012,6442819.2727272725,5767192.7272727275
DI,Brodrick Bunkley,NO,69.4,210,59.0,2013,Brodrick Bunkley,2013,29,5000000,6399637.454545454,-1399637.4545454541
ED,Justin Tuck,NYG,69.3,241,60.0,2013,Justin Tuck,2013,28,6200000,6436682.909090909,-236682.90909090918
DI,Vance Walker,ATL,68.5,258,66.0,2013,Vance Walker,2013,25,2000000,5873046.545454546,-3873046.545454546
DI,Kevin Williams,MIN,68.5,292,66.0,2013,Kevin Williams,2013,32,5000000,5460773.818181818,-460773.81818181835
DI,Haloti Ngata,BLT,67.7,439,70.0,2013,Haloti Ngata,2013,29,12131000,5336228.363636363,6794771.636363637
DI,Ahtyba Rubin,CLV,67.4,243,71.0,2013,Ahtyba Rubin,2013,26,6625000,4571681.818181818,2053318.1818181816
DI,Ryan Pickett,GB,67.3,373,73.0,2013,Ryan Pickett,2013,33,6187500,4844409.090909091,1343090.9090909092
DI,Terrance Knighton,JAX,66.9,321,76.0,2013,Terrance Knighton,2013,26,2250000,4464681.818181818,-2214681.8181818184
DI,Tom Johnson,NO,66.8,188,77.0,2013,Tom Johnson,2013,28,465000,4510136.363636363,-4045136.3636363633
DI,Kyle Love,NE,66.6,273,78.0,2013,Kyle Love,2013,26,630000,4737409.090909091,-4107409.090909091
DI,Sammie Lee Hill,DET,66.5,171,79.0,2013,Sammie Lee Hill,2013,26,3800000,4180045.4545454546,-380045.4545454546
DI,Vince Wilfork,NE,66.3,380,80.0,2013,Vince Wilfork,2013,31,8000000,3943227.272727273,4056772.727272727
DI,Arthur Jones,BLT,66.2,356,81.0,2013,Arthur Jones,2013,26,2023000,3835272.727272727,-1812272.727272727
DI,Kevin Vickerson,DEN,66.1,256,82.0,2013,Kevin Vickerson,2013,30,2500000,3721636.3636363638,-1221636.3636363638
DI,Justin Smith,SF,65.2,355,85.0,2013,Justin Smith,2013,33,7500000,3799636.3636363638,3700363.6363636362
DI,Paul Soliai,MIA,65.1,314,87.0,2013,Paul Soliai,2013,29,6000000,4837818.181818182,1162181.8181818184
DI,Ray McDonald,SF,64.9,404,91.0,2013,Ray McDonald,2013,28,4020000,4835545.454545454,-815545.4545454541
DI,Brandon Mebane,SEA,64.5,323,94.0,2013,Brandon Mebane,2013,28,5000000,4199181.818181818,800818.1818181816
DI,Gary Gibson,TB,63.8,134,96.0,2013,Gary Gibson,2013,30,1000000,4560727.2727272725,-3560727.2727272725
ED,Daniel Te'o-Nesheim,TB,63.6,274,97.0,2013,Daniel Te'o-Nesheim,2013,25,1323000,4788000.0,-3465000.0
ED,Chris Long,LA,63.1,307,99.0,2013,Chris Long,2013,28,12050000,4697090.909090909,7352909.090909091
DI,Alan Branch,SEA,63.0,282,100.0,2013,Alan Branch,2013,28,3775000,4919818.181818182,-1144818.1818181816
ED,Shaun Phillips,LAC,62.9,321,101.0,2013,Shaun Phillips,2013,31,1000000,4636636.363636363,-3636636.3636363633
DI,Barry Cofield,WAS,62.3,267,105.0,2013,Barry Cofield,2013,29,6000000,4273000.0,1727000.0
DI,Jonathan Babineaux,ATL,61.9,364,107.0,2013,Jonathan Babineaux,2013,31,5000000,4454818.181818182,545181.8181818184
ED,Cliff Avril,DET,61.4,272,110.0,2013,Cliff Avril,2013,26,6500000,4576969.7272727275,1923030.2727272725
DI,Randy Starks,MIA,60.4,310,113.0,2013,Randy Starks,2013,29,8450000,3606515.1818181816,4843484.818181818
ED,Frostee Rucker,CLV,60.4,294,113.0,2013,Frostee Rucker,2013,29,905000,3354242.4545454546,-2449242.4545454546
DI,Sedrick Ellis,NO,59.8,293,115.0,2013,Sedrick Ellis,2013,27,1000000,3463333.3636363638,-2463333.3636363638
ED,Robert Geathers,CIN,59.6,261,117.0,2013,Robert Geathers,2013,29,3000000,3042878.8181818184,-42878.81818181835
DI,Cullen Jenkins,PHI,59.1,237,123.0,2013,Cullen Jenkins,2013,32,2666667,2708606.090909091,-41939.090909090824
DI,Derek Landri,PHI,59.1,251,123.0,2013,Derek Landri,2013,29,1375000,2276787.909090909,-901787.9090909092
ED,Matt Shaughnessy,LV,58.9,295,125.0,2013,Matt Shaughnessy,2013,26,1000000,1735878.8181818181,-735878.8181818181
DI,Roy Miller,TB,58.3,221,127.0,2013,Roy Miller,2013,25,2200000,1807424.2727272727,392575.7272727273
DI,Marcus Spears,DAL,57.6,202,129.0,2013,Marcus Spears,2013,30,1375000,1776609.2727272727,-401609.2727272727
DI,Clinton McDonald,SEA,57.6,134,129.0,2013,Clinton McDonald,2013,26,1323000,1585927.4545454546,-262927.4545454546
DI,Dwan Edwards,CAR,57.5,283,133.0,2013,Dwan Edwards,2013,31,1750000,1408503.1818181819,341496.8181818181
DI,Tommy Kelly,LV,56.8,336,136.0,2013,Tommy Kelly,2013,32,2500000,1374412.2727272727,1125587.7272727273
DI,Peria Jerry,ATL,56.2,233,137.0,2013,Peria Jerry,2013,28,1692000,1419866.8181818181,272133.1818181819
DI,John Hughes,CLV,55.6,223,139.0,2013,John Hughes,2013,25,661035,1719866.8181818181,-1058831.8181818181
DI,Jermelle Cudjo,LA,55.0,172,142.0,2013,Jermelle Cudjo,2013,26,902500,2233048.6363636362,-1330548.6363636362
ED,Kyle Moore,BUF,54.6,177,144.0,2013,Kyle Moore,2013,26,715000,2362775.909090909,-1647775.9090909092
DI,Ropati Pitoitua,KC,53.6,268,146.0,2013,Ropati Pitoitua,2013,27,1000000,3202321.3636363638,-2202321.3636363638
DI,Sen'Derrick Marks,TEN,53.6,315,146.0,2013,Sen'Derrick Marks,2013,26,1500000,3475048.6363636362,-1975048.6363636362
DI,Stephen Bowen,WAS,53.6,265,146.0,2013,Stephen Bowen,2013,29,5500000,3593957.727272727,1906042.272727273
ED,Red Bryant,SEA,52.9,322,152.0,2013,Red Bryant,2013,28,7020000,3606590.909090909,3413409.090909091
DI,Ron Edwards,CAR,52.4,163,153.0,2013,Ron Edwards,2013,34,2750000,3857878.8181818184,-1107878.8181818184
DI,Tyson Jackson,KC,51.9,306,154.0,2013,Tyson Jackson,2013,26,10985000,4595151.545454546,6389848.454545454
DI,Kendall Langford,LA,51.6,316,155.0,2013,Kendall Langford,2013,27,5500000,5095151.545454546,404848.4545454541
DI,Letroy Guion,MIN,49.5,239,156.0,2013,Letroy Guion,2013,25,3000000,5454666.7,-2454666.7
DI,Antonio Johnson,IND,47.4,233,157.0,2013,Antonio Johnson,2013,28,800000,5449629.666666667,-4649629.666666667
DI,Isaac Sopoaga,SF,44.9,230,158.0,2013,Isaac Sopoaga,2013,31,3666667,5253333.375,-1586666.375
DI,Darnell Dockett,ARZ,42.9,358,159.0,2013,Darnell Dockett,2013,32,8825000,5610952.428571428,3214047.571428572
ED,Kyle Vanden Bosch,DET,41.8,256,160.0,2013,Kyle Vanden Bosch,2013,34,6500000,4715277.833333333,1784722.166666667
ED,Cameron Wake,MIA,90.9,318,4.0,2012,Cameron Wake,2012,30,6640000,6654583.333333333,-14583.333333333023
DI,Fred Evans,MIN,80.1,171,13.0,2012,Fred Evans,2012,28,1500000,6061071.428571428,-4561071.428571428
ED,Chris Clemons,SEA,78.9,310,17.0,2012,Chris Clemons,2012,30,7333333,6678437.5,654895.5
DI,Kyle Williams,BUF,78.7,319,18.0,2012,Kyle Williams,2012,28,7287500,6241055.555555556,1046444.444444444
ED,Charles Johnson,CAR,77.8,301,20.0,2012,Charles Johnson,2012,26,12666667,7216950.0,5449717.0
ED,Brian Robison,MIN,76.9,311,23.0,2012,Brian Robison,2012,28,4500000,7833590.909090909,-3333590.909090909
ED,Israel Idonije,CHI,76.6,237,25.0,2012,Israel Idonije,2012,31,2500000,7405136.363636363,-4905136.363636363
DI,Calais Campbell,ARZ,76.0,330,28.0,2012,Calais Campbell,2012,25,11000000,7359681.818181818,3640318.1818181816
ED,Michael Bennett,TB,75.7,316,29.0,2012,Michael Bennett,2012,26,2742000,6918015.181818182,-4176015.1818181816
ED,Mario Williams,BUF,74.9,388,33.0,2012,Mario Williams,2012,27,16000000,6900969.7272727275,9099030.272727273
ED,Julius Peppers,CHI,74.5,264,35.0,2012,Julius Peppers,2012,32,14000000,6274909.090909091,7725090.909090909
DI,Desmond Bryant,LV,74.2,263,36.0,2012,Desmond Bryant,2012,26,1927000,6320363.636363637,-4393363.636363637
DI,Justin Bannan,DEN,74.0,302,38.0,2012,Justin Bannan,2012,32,1000000,6274909.090909091,-5274909.090909091
DI,C.J. Mosley,JAX,73.4,321,40.0,2012,C.J. Mosley,2012,28,2475000,6384910.181818182,-3909910.1818181816
DI,Antonio Smith,HST,73.2,280,42.0,2012,Antonio Smith,2012,30,7100000,6590182.909090909,509817.0909090908
ED,Jason Babin,JAX,72.6,243,44.0,2012,Jason Babin,2012,31,5780000,5699273.818181818,80726.18181818165
ED,Jeremy Mincey,JAX,71.5,404,49.0,2012,Jeremy Mincey,2012,28,5000000,4541092.0,458908.0
DI,Jason Hatcher,DAL,70.7,301,53.0,2012,Jason Hatcher,2012,30,2000000,4886069.2727272725,-2886069.2727272725
ED,Jared Allen,MIN,70.3,386,55.0,2012,Jared Allen,2012,29,12210012,5897978.363636363,6312033.636363637
DI,Brodrick Bunkley,NO,69.4,210,59.0,2012,Brodrick Bunkley,2012,28,5000000,6275251.090909091,-1275251.0909090908
ED,Justin Tuck,NYG,69.3,241,60.0,2012,Justin Tuck,2012,27,6200000,6192296.545454546,7703.454545454122
DI,Vance Walker,ATL,68.5,258,66.0,2012,Vance Walker,2012,24,1260000,5709114.7272727275,-4449114.7272727275
DI,Kevin Williams,MIN,68.5,292,66.0,2012,Kevin Williams,2012,31,5721750,5535478.363636363,186271.6363636367
DI,Haloti Ngata,BLT,67.7,439,70.0,2012,Haloti Ngata,2012,28,12131000,5468205.636363637,6662794.363636363
DI,Ahtyba Rubin,CLV,67.4,243,71.0,2012,Ahtyba Rubin,2012,25,6625000,5085477.2727272725,1539522.7272727275
DI,Ryan Pickett,GB,67.3,373,73.0,2012,Ryan Pickett,2012,32,6187500,4671797.909090909,1515702.0909090908
DI,Tom Johnson,NO,66.8,188,77.0,2012,Tom Johnson,2012,27,465000,4324070.636363637,-3859070.6363636367
DI,Kyle Love,NE,66.6,273,78.0,2012,Kyle Love,2012,25,3090000,4293616.090909091,-1203616.0909090908
DI,Sammie Lee Hill,DET,66.5,171,79.0,2012,Sammie Lee Hill,2012,25,1260000,4455275.181818182,-3195275.1818181816
DI,Vince Wilfork,NE,66.3,380,80.0,2012,Vince Wilfork,2012,30,8000000,3897911.5454545454,4102088.4545454546
DI,Arthur Jones,BLT,66.2,356,81.0,2012,Arthur Jones,2012,26,449527,3661093.3636363638,-3211566.3636363638
DI,Kevin Vickerson,DEN,66.1,256,82.0,2012,Kevin Vickerson,2012,29,2375000,3553138.8181818184,-1178138.8181818184
DI,Rocky Bernard,NYG,65.2,217,85.0,2012,Rocky Bernard,2012,33,925000,3601775.1818181816,-2676775.1818181816
DI,Justin Smith,SF,65.2,355,85.0,2012,Justin Smith,2012,32,7500000,3358593.3636363638,4141406.6363636362
DI,Paul Soliai,MIA,65.1,314,87.0,2012,Paul Soliai,2012,28,6000000,4339502.454545454,1660497.5454545459
DI,Ray McDonald,SF,64.9,404,91.0,2012,Ray McDonald,2012,27,4020000,3930411.5454545454,89588.45454545459
DI,Brandon Mebane,SEA,64.5,323,94.0,2012,Brandon Mebane,2012,27,5000000,4368333.363636363,631666.6363636367
DI,Gary Gibson,TB,63.8,134,96.0,2012,Gary Gibson,2012,29,1000000,4697878.818181818,-3697878.8181818184
ED,Daniel Te'o-Nesheim,TB,63.6,274,97.0,2012,Daniel Te'o-Nesheim,2012,24,415000,5068333.363636363,-4653333.363636363
ED,Chris Long,LA,63.1,307,99.0,2012,Chris Long,2012,27,12050000,5350606.090909091,6699393.909090909
DI,Alan Branch,SEA,63.0,282,100.0,2012,Alan Branch,2012,27,3500000,5169697.0,-1669697.0
ED,Shaun Phillips,LAC,62.9,321,101.0,2012,Shaun Phillips,2012,30,5266667,5176969.7272727275,89697.27272727247
DI,Barry Cofield,WAS,62.3,267,105.0,2012,Barry Cofield,2012,28,6000000,5274697.0,725303.0
DI,Jonathan Babineaux,ATL,61.9,364,107.0,2012,Jonathan Babineaux,2012,30,5000000,5283787.909090909,-283787.9090909092
ED,Cliff Avril,DET,61.4,272,110.0,2012,Cliff Avril,2012,25,10605000,5523333.363636363,5081666.636363637
DI,Randy Starks,MIA,60.4,310,113.0,2012,Randy Starks,2012,28,4010000,4476969.7272727275,-466969.7272727275
ED,Frostee Rucker,CLV,60.4,294,113.0,2012,Frostee Rucker,2012,28,4100000,4567878.818181818,-467878.81818181835
DI,Cullen Jenkins,PHI,59.1,237,123.0,2012,Cullen Jenkins,2012,31,6075000,4740064.909090909,1334935.0909090908
DI,Derek Landri,PHI,59.1,251,123.0,2012,Derek Landri,2012,28,1100000,4348428.545454546,-3248428.545454546
DI,Marcus Spears,DAL,57.6,202,129.0,2012,Marcus Spears,2012,29,3050000,3953977.1818181816,-903977.1818181816
DI,Clinton McDonald,SEA,57.6,134,129.0,2012,Clinton McDonald,2012,24,540000,3344431.727272727,-2804431.727272727
DI,Dwan Edwards,CAR,57.5,283,133.0,2012,Dwan Edwards,2012,30,4500000,3028977.1818181816,1471022.8181818184
DI,Tommy Kelly,LV,56.8,336,136.0,2012,Tommy Kelly,2012,31,7160714,3301704.4545454546,3859009.5454545454
DI,Peria Jerry,ATL,56.2,233,137.0,2012,Peria Jerry,2012,27,1692000,2797840.8181818184,-1105840.8181818184
DI,John Hughes,CLV,55.6,223,139.0,2012,John Hughes,2012,24,661035,2802386.272727273,-2141351.272727273
DI,Brett Keisel,PIT,55.4,336,141.0,2012,Brett Keisel,2012,33,3900000,3025113.5454545454,874886.4545454546
DI,Jermelle Cudjo,LA,55.0,172,142.0,2012,Jermelle Cudjo,2012,25,540000,3614204.4545454546,-3074204.4545454546
DI,Casey Hampton,PIT,55.0,260,142.0,2012,Casey Hampton,2012,34,7100000,3455113.5454545454,3644886.4545454546
ED,Kyle Moore,BUF,54.6,177,144.0,2012,Kyle Moore,2012,25,532500,3802775.909090909,-3270275.909090909
DI,Ropati Pitoitua,KC,53.6,268,146.0,2012,Ropati Pitoitua,2012,26,1150000,4148957.727272727,-2998957.727272727
DI,Stephen Bowen,WAS,53.6,265,146.0,2012,Stephen Bowen,2012,28,5500000,4361590.909090909,1138409.0909090908
ED,Red Bryant,SEA,52.9,322,152.0,2012,Red Bryant,2012,27,7020000,4188863.6363636362,2831136.3636363638
DI,Ron Edwards,CAR,52.4,163,153.0,2012,Ron Edwards,2012,33,2750000,4503409.090909091,-1753409.0909090908
DI,Tyson Jackson,KC,51.9,306,154.0,2012,Tyson Jackson,2012,25,10985000,4660227.2727272725,6324772.7272727275
DI,Kendall Langford,LA,51.6,316,155.0,2012,Kendall Langford,2012,26,5500000,5202727.2727272725,297272.7272727275
DI,Letroy Guion,MIN,49.5,239,156.0,2012,Letroy Guion,2012,24,3000000,5608000.0,-2608000.0
DI,Antonio Johnson,IND,47.4,233,157.0,2012,Antonio Johnson,2012,27,2000000,5620000.0,-3620000.0
DI,Isaac Sopoaga,SF,44.9,230,158.0,2012,Isaac Sopoaga,2012,30,4000000,5445000.0,-1445000.0
DI,Darnell Dockett,ARZ,42.9,358,159.0,2012,Darnell Dockett,2012,31,8825000,5830000.0,2995000.0
ED,Kyle Vanden Bosch,DET,41.8,256,160.0,2012,Kyle Vanden Bosch,2012,33,6500000,4970833.333333333,1529166.666666667
