position,player_name,team_name,grades_offense,pass_plays,rank,Year,player_name,year_signed,age,average/year,sim_sal,diff
WR,Cooper Kupp,LA,93.0,826,1.0,2021,Cooper Kupp,2021,28,15750000,13446600.0,2303400.0
WR,Antonio Brown,TB,87.4,202,6.0,2021,Antonio Brown,2021,32,3100000,14080500.0,-10980500.0
WR,Tyreek Hill,KC,86.0,759,8.0,2021,Tyreek Hill,2021,27,18000000,15961857.142857144,2038142.8571428563
WR,Chris Godwin,TB,81.3,584,13.0,2021,Chris Godwin,2021,25,15983000,14591625.0,1391375.0
WR,Stefon Diggs,BUF,81.0,748,14.0,2021,Stefon Diggs,2021,27,14400000,15195333.333333334,-795333.333333334
WR,Tyler Lockett,SEA,81.0,530,14.0,2021,Tyler Lockett,2021,28,17250000,15295800.0,1954200.0
WR,DeAndre Hopkins,ARZ,79.8,343,18.0,2021,DeAndre Hopkins,2021,29,27250000,15920800.0,11329200.0
WR,Kendrick Bourne,NE,77.8,464,23.0,2021,Kendrick Bourne,2021,25,5000000,17235800.0,-12235800.0
WR,Keenan Allen,LAC,77.5,689,26.0,2021,Keenan Allen,2021,29,20025000,17085800.0,2939200.0
WR,Brandin Cooks,HST,77.4,567,27.0,2021,Brandin Cooks,2021,27,16200000,15612500.0,587500.0
WR,Julio Jones,TEN,76.5,279,29.0,2021,Julio Jones,2021,32,22000000,15777500.0,6222500.0
WR,Robert Woods,LA,75.7,340,31.0,2021,Robert Woods,2021,29,16250000,16052500.0,197500.0
WR,Mike Evans,TB,75.1,747,32.0,2021,Mike Evans,2021,27,16500000,14090000.0,2410000.0
WR,Odell Beckham Jr.,LA,74.8,553,33.0,2021,Odell Beckham Jr.,2021,29,1250000,13689000.0,-12439000.0
WR,Adam Thielen,MIN,74.6,474,37.0,2021,Adam Thielen,2021,30,16050000,11904800.0,4145200.0
WR,Amari Cooper,DAL,73.0,616,41.0,2021,Amari Cooper,2021,26,20000000,11804800.0,8195200.0
WR,DeVante Parker,MIA,72.8,370,42.0,2021,DeVante Parker,2021,27,7625000,10738133.3,-3113133.3000000007
WR,Laquon Treadwell,JAX,71.9,310,45.0,2021,Laquon Treadwell,2021,26,990000,10188133.3,-9198133.3
WR,Cedrick Wilson,DAL,71.7,428,46.0,2021,Cedrick Wilson,2021,25,2183000,8788133.3,-6605133.300000001
WR,Courtland Sutton,DEN,71.2,574,47.0,2021,Courtland Sutton,2021,26,15200000,9563133.3,5636866.699999999
WR,Tim Patrick,DEN,71.2,527,47.0,2021,Tim Patrick,2021,27,11333333,8758133.3,2575199.6999999993
WR,Tyler Boyd,CIN,70.8,719,50.0,2021,Tyler Boyd,2021,26,10750000,8008133.3,2741866.7
WR,Zay Jones,LV,70.6,476,52.0,2021,Zay Jones,2021,25,2500000,7870633.3,-5370633.3
WR,Randall Cobb,GB,70.1,292,54.0,2021,Randall Cobb,2021,30,9000000,8496633.3,503366.69999999925
WR,T.Y. Hilton,IND,70.1,238,54.0,2021,T.Y. Hilton,2021,31,8000000,10078333.3,-2078333.3000000007
WR,Corey Davis,NYJ,68.8,301,57.0,2021,Corey Davis,2021,26,12500000,9158333.3,3341666.6999999993
WR,Marvin Jones Jr.,JAX,68.3,667,61.0,2021,Marvin Jones Jr.,2021,31,6250000,9813000.0,-3563000.0
WR,Cole Beasley,BUF,68.3,569,61.0,2021,Cole Beasley,2021,31,7250000,9338000.0,-2088000.0
WR,Kenny Golladay,NYG,68.3,449,61.0,2021,Kenny Golladay,2021,27,18000000,10598000.0,7402000.0
WR,A.J. Green,ARZ,67.8,593,66.0,2021,A.J. Green,2021,32,6000000,10198000.0,-4198000.0
WR,Allen Robinson II,CHI,66.9,386,68.0,2021,Allen Robinson II,2021,27,17880000,9573000.0,8307000.0
WR,Emmanuel Sanders,BUF,66.4,566,70.0,2021,Emmanuel Sanders,2021,33,6000000,8536300.0,-2536300.0
WR,Jarvis Landry,CLV,66.3,341,71.0,2021,Jarvis Landry,2021,28,15100000,8861300.0,6238700.0
WR,Sammy Watkins,BLT,66.3,287,71.0,2021,Sammy Watkins,2021,27,5000000,9236300.0,-4236300.0
WR,Josh Reynolds,DET,65.9,291,75.0,2021,Josh Reynolds,2021,26,1750000,8461300.0,-6711300.0
WR,Byron Pringle,KC,65.2,540,78.0,2021,Byron Pringle,2021,27,2133000,7953300.0,-5820300.0
WR,Jamison Crowder,NYJ,64.9,418,79.0,2021,Jamison Crowder,2021,27,9500000,6262300.0,3237700.0
WR,Nelson Agholor,NE,64.8,474,82.0,2021,Nelson Agholor,2021,27,11000000,5842300.0,5157700.0
WR,Sterling Shepard,NYG,64.6,236,84.0,2021,Sterling Shepard,2021,28,10250000,4446300.0,5803700.0
WR,Brandon Zylstra,CAR,63.8,192,86.0,2021,Brandon Zylstra,2021,27,920000,4067550.0,-3147550.0
WR,DeAndre Carter,WAS,63.7,281,87.0,2021,DeAndre Carter,2021,27,970000,3994050.0,-3024050.0
WR,Danny Amendola,HST,63.1,163,90.0,2021,Danny Amendola,2021,35,1800000,4330750.0,-2530750.0
WR,Mohamed Sanu,SF,63.0,185,91.0,2021,Mohamed Sanu,2021,31,1140000,4380750.0,-3240750.0
WR,Marquise Goodwin,CHI,62.5,257,95.0,2021,Marquise Goodwin,2021,30,1212500,3393500.0,-2181000.0
WR,Mike Thomas,CIN,62.3,83,97.0,2021,Mike Thomas,2021,26,1015000,2518500.0,-1503500.0
WR,Keelan Cole,NYJ,61.3,367,98.0,2021,Keelan Cole,2021,27,5500000,2534000.0,2966000.0
WR,Robby Anderson,CAR,60.6,652,99.0,2021,Robby Anderson,2021,27,10000000,2577278.4,7422721.6
WR,Kalif Raymond,DET,60.5,497,100.0,2021,Kalif Raymond,2021,26,1127500,2546116.0,-1418616.0
WR,Chris Conley,HST,60.5,364,100.0,2021,Chris Conley,2021,28,1500000,2544866.0,-1044866.0
WR,Tavon Austin,JAX,60.2,213,102.0,2021,Tavon Austin,2021,31,1075000,2542616.0,-1467616.0
WR,Van Jefferson,LA,58.5,730,104.0,2021,Van Jefferson,2021,25,1402784,2541116.0,-1138332.0
WR,D'Wayne Eskridge,SEA,58.3,112,105.0,2021,D'Wayne Eskridge,2021,24,1488376,2090116.0,-601740.0
WR,Mack Hollins,MIA,58.1,230,106.0,2021,Mack Hollins,2021,27,1127500,1175116.0,-47616.0
WR,Adam Humphries,WAS,58.1,468,106.0,2021,Adam Humphries,2021,27,1190000,1300116.0,-110116.0
WR,Ray-Ray McCloud III,PIT,58.0,378,108.0,2021,Ray-Ray McCloud III,2021,24,1000000,1249116.0,-249116.0
WR,Chester Rogers,TEN,57.0,341,111.0,2021,Chester Rogers,2021,26,990000,1254366.0,-264366.0
WR,Greg Ward,PHI,54.9,154,115.0,2021,Greg Ward,2021,25,850000,1226837.6,-376837.6000000001
WR,Rashard Higgins,CLV,54.7,313,116.0,2021,Rashard Higgins,2021,26,2377500,1416400.0,961100.0
WR,Tajae Sharpe,ATL,54.4,341,117.0,2021,Tajae Sharpe,2021,26,990000,1416400.0,-426400.0
WR,Damiere Byrd,CHI,53.8,412,119.0,2021,Damiere Byrd,2021,28,1127500,1410150.0,-282650.0
WR,Dede Westbrook,MIN,53.1,173,121.0,2021,Dede Westbrook,2021,27,1127500,2760150.0,-1632650.0
WR,Zach Pascal,IND,52.7,532,124.0,2021,Zach Pascal,2021,26,3384000,4101150.0,-717150.0
WR,Demarcus Robinson,KC,51.9,609,125.0,2021,Demarcus Robinson,2021,26,1127500,5416150.0,-4288650.0
WR,Ty Montgomery,NO,51.4,189,126.0,2021,Ty Montgomery,2021,28,1127500,6783400.0,-5655900.0
WR,Davante Adams,GB,92.0,578,1.0,2020,Davante Adams,2020,28,14500000,17240000.0,-2740000.0
WR,Stefon Diggs,BUF,90.2,794,4.0,2020,Stefon Diggs,2020,26,14400000,18033333.333333332,-3633333.333333332
WR,Allen Robinson II,CHI,88.3,656,5.0,2020,Allen Robinson II,2020,26,14000000,18317857.14285714,-4317857.142857142
WR,Adam Thielen,MIN,87.4,536,6.0,2020,Adam Thielen,2020,29,16050000,17915625.0,-1865625.0
WR,DeAndre Hopkins,ARZ,87.1,664,7.0,2020,DeAndre Hopkins,2020,28,27250000,17925000.0,9325000.0
WR,Julio Jones,ATL,86.3,314,8.0,2020,Julio Jones,2020,31,22000000,16299166.7,5700833.300000001
WR,Keenan Allen,LAC,84.9,555,11.0,2020,Keenan Allen,2020,28,20025000,15574166.7,4450833.300000001
WR,Jarvis Landry,CLV,84.7,505,13.0,2020,Jarvis Landry,2020,27,15100000,15709166.7,-609166.6999999993
WR,Tyreek Hill,KC,84.5,763,14.0,2020,Tyreek Hill,2020,26,18000000,15929166.7,2070833.3000000007
WR,Antonio Brown,TB,82.2,314,16.0,2020,Antonio Brown,2020,32,1666667,16249166.7,-14582499.7
WR,Cole Beasley,BUF,81.7,616,17.0,2020,Cole Beasley,2020,30,7250000,14549166.7,-7299166.699999999
WR,Cooper Kupp,LA,81.6,567,18.0,2020,Cooper Kupp,2020,27,15750000,13374166.7,2375833.3000000007
WR,Brandin Cooks,HST,81.1,584,19.0,2020,Brandin Cooks,2020,26,16200000,12134166.7,4065833.3000000007
WR,Michael Thomas,NO,79.6,278,22.0,2020,Michael Thomas,2020,26,19250000,12624166.7,6625833.300000001
WR,Sterling Shepard,NYG,79.6,395,22.0,2020,Sterling Shepard,2020,27,10250000,11899166.7,-1649166.6999999993
WR,Tyler Lockett,SEA,76.5,700,29.0,2020,Tyler Lockett,2020,27,10250000,12682500.0,-2432500.0
WR,DeVante Parker,MIA,76.4,484,30.0,2020,DeVante Parker,2020,26,7625000,12957500.0,-5332500.0
WR,Amari Cooper,DAL,75.9,638,33.0,2020,Amari Cooper,2020,25,20000000,11882500.0,8117500.0
WR,Tyler Boyd,CIN,75.8,537,36.0,2020,Tyler Boyd,2020,25,10750000,11912500.0,-1162500.0
WR,Jamison Crowder,NYJ,75.3,414,38.0,2020,Jamison Crowder,2020,26,9500000,10062500.0,-562500.0
WR,Robby Anderson,CAR,75.1,583,39.0,2020,Robby Anderson,2020,26,10000000,10237500.0,-237500.0
WR,Danny Amendola,DET,74.9,355,40.0,2020,Danny Amendola,2020,34,5000000,9317250.0,-4317250.0
WR,Mike Evans,TB,74.9,739,40.0,2020,Mike Evans,2020,26,16500000,9354750.0,7145250.0
WR,Tim Patrick,DEN,74.5,456,44.0,2020,Tim Patrick,2020,26,750000,7445750.0,-6695750.0
WR,Emmanuel Sanders,NO,74.4,440,45.0,2020,Emmanuel Sanders,2020,33,12000000,6438250.0,5561750.0
WR,Nelson Agholor,LV,73.8,466,46.0,2020,Nelson Agholor,2020,26,1047500,5814150.0,-4766650.0
WR,Marvin Jones Jr.,DET,73.6,667,47.0,2020,Marvin Jones Jr.,2020,29,8000000,5714150.0,2285850.0
WR,Rashard Higgins,CLV,73.4,377,48.0,2020,Rashard Higgins,2020,25,910000,6839150.0,-5929150.0
WR,Allen Lazard,GB,72.4,353,50.0,2020,Allen Lazard,2020,24,675000,5265400.0,-4590400.0
WR,Kendrick Bourne,SF,72.0,476,51.0,2020,Kendrick Bourne,2020,24,3259000,5682900.0,-2423900.0
WR,Randall Cobb,HST,71.6,278,52.0,2020,Randall Cobb,2020,29,9000000,4712650.0,4287350.0
WR,Robert Woods,LA,71.4,674,55.0,2020,Robert Woods,2020,28,16250000,5507900.0,10742100.0
WR,Travis Fulgham,PHI,71.2,387,57.0,2020,Travis Fulgham,2020,24,762500,4848178.4,-4085678.4000000004
WR,Jakeem Grant,MIA,70.9,247,58.0,2020,Jakeem Grant,2020,27,4925000,5532178.4,-607178.4000000004
WR,Chris Conley,JAX,70.1,315,60.0,2020,Chris Conley,2020,27,2297500,5518678.4,-3221178.4000000004
WR,Adam Humphries,TEN,69.9,168,62.0,2020,Adam Humphries,2020,26,9000000,7009878.4,1990121.5999999996
WR,Van Jefferson,LA,69.8,188,63.0,2020,Van Jefferson,2020,24,1402784,7047378.4,-5644594.4
WR,Julian Edelman,NE,68.8,176,67.0,2020,Julian Edelman,2020,33,7750000,5504878.4,2245121.5999999996
WR,C.J. Board,NYG,67.4,116,76.0,2020,C.J. Board,2020,26,540000,6328628.4,-5788628.4
WR,A.J. Green,CIN,66.3,538,79.0,2020,A.J. Green,2020,31,18171000,5941128.4,12229871.6
WR,Golden Tate,NYG,66.0,318,81.0,2020,Golden Tate,2020,31,9375000,6611378.4,2763621.5999999996
WR,David Moore,SEA,66.0,334,81.0,2020,David Moore,2020,24,825000,6037278.4,-5212278.4
WR,John Brown,BUF,65.7,442,83.0,2020,John Brown,2020,29,9000000,6547000.0,2453000.0
WR,Mohamed Sanu,DET,65.5,197,84.0,2020,Mohamed Sanu,2020,30,1050000,5864500.0,-4814500.0
WR,Sammy Watkins,KC,64.5,382,88.0,2020,Sammy Watkins,2020,26,9000000,5970500.0,3029500.0
WR,Keelan Cole,JAX,64.4,601,90.0,2020,Keelan Cole,2020,26,3259000,4383150.0,-1124150.0
WR,Breshad Perriman,NYJ,63.6,393,93.0,2020,Breshad Perriman,2020,26,6500000,4595650.0,1904350.0
WR,Marcus Johnson,IND,63.0,188,94.0,2020,Marcus Johnson,2020,25,925000,4589400.0,-3664400.0
WR,Damiere Byrd,NE,61.4,496,102.0,2020,Damiere Byrd,2020,27,1600000,3758400.0,-2158400.0
WR,Demarcus Robinson,KC,60.7,623,105.0,2020,Demarcus Robinson,2020,25,2297500,3738400.0,-1440900.0
WR,Larry Fitzgerald,ARZ,59.6,475,108.0,2020,Larry Fitzgerald,2020,36,11500000,2895400.0,8604600.0
WR,Cameron Batson,TEN,58.7,168,111.0,2020,Cameron Batson,2020,24,762500,2659376.3,-1896876.2999999998
WR,Marvin Hall,CLV,57.4,258,117.0,2020,Marvin Hall,2020,26,690000,4209376.3,-3519376.3
WR,Mike Thomas,CIN,55.2,142,122.0,2020,Mike Thomas,2020,25,850000,6041876.3,-5191876.3
WR,Brandon Zylstra,CAR,54.8,77,123.0,2020,Brandon Zylstra,2020,26,570000,7331876.3,-6761876.3
WR,John Hightower,PHI,50.5,250,128.0,2020,John Hightower,2020,24,898763,8722126.3,-7823363.300000001
WR,Julio Jones,ATL,90.6,610,2.0,2019,Julio Jones,2019,30,22000000,17690000.0,4310000.0
WR,Michael Thomas,NO,90.4,677,3.0,2019,Michael Thomas,2019,25,19250000,17741666.666666668,1508333.333333332
WR,Davante Adams,GB,88.0,532,4.0,2019,Davante Adams,2019,27,14500000,16178571.42857143,-1678571.428571429
WR,DeAndre Hopkins,HST,87.8,726,5.0,2019,DeAndre Hopkins,2019,27,16200000,15437500.0,762500.0
WR,Mike Evans,TB,85.7,539,6.0,2019,Mike Evans,2019,25,16500000,14972222.222222222,1527777.777777778
WR,Tyreek Hill,KC,84.5,519,8.0,2019,Tyreek Hill,2019,25,18000000,14875000.0,3125000.0
WR,Robert Woods,LA,82.2,656,11.0,2019,Robert Woods,2019,26,6800000,13437500.0,-6637500.0
WR,Tyler Lockett,SEA,81.9,697,13.0,2019,Tyler Lockett,2019,26,10250000,12952500.0,-2702500.0
WR,Keenan Allen,LAC,80.8,643,15.0,2019,Keenan Allen,2019,27,11250000,13012500.0,-1762500.0
WR,Allen Robinson II,CHI,80.8,671,15.0,2019,Allen Robinson II,2019,25,14000000,12417500.0,1582500.0
WR,DeVante Parker,MIA,79.2,675,18.0,2019,DeVante Parker,2019,25,7625000,12372500.0,-4747500.0
WR,Stefon Diggs,MIN,78.3,521,19.0,2019,Stefon Diggs,2019,25,14400000,11872500.0,2527500.0
WR,Jarvis Landry,CLV,78.2,627,20.0,2019,Jarvis Landry,2019,26,15100000,12492500.0,2607500.0
WR,Sterling Shepard,NYG,75.8,417,23.0,2019,Sterling Shepard,2019,26,10250000,12367500.0,-2117500.0
WR,Adam Thielen,MIN,75.4,309,25.0,2019,Adam Thielen,2019,28,16050000,12180000.0,3870000.0
WR,T.Y. Hilton,IND,75.1,298,28.0,2019,T.Y. Hilton,2019,29,13000000,11505000.0,1495000.0
WR,Alshon Jeffery,PHI,74.8,305,30.0,2019,Alshon Jeffery,2019,29,13000000,11692500.0,1307500.0
WR,John Brown,BUF,74.2,625,32.0,2019,John Brown,2019,28,9000000,11327500.0,-2327500.0
WR,Golden Tate,NYG,74.0,453,34.0,2019,Golden Tate,2019,30,9375000,10617500.0,-1242500.0
WR,Cole Beasley,BUF,73.8,540,36.0,2019,Cole Beasley,2019,29,7250000,9992500.0,-2742500.0
WR,Jamison Crowder,NYJ,73.0,567,40.0,2019,Jamison Crowder,2019,25,9500000,9987500.0,-487500.0
WR,Tyler Boyd,CIN,73.0,675,40.0,2019,Tyler Boyd,2019,24,10750000,9137500.0,1612500.0
WR,Marvin Jones Jr.,DET,72.9,546,42.0,2019,Marvin Jones Jr.,2019,28,8000000,8737500.0,-737500.0
WR,Breshad Perriman,TB,72.8,472,43.0,2019,Breshad Perriman,2019,25,4000000,8612500.0,-4612500.0
WR,Sammy Watkins,KC,71.6,646,46.0,2019,Sammy Watkins,2019,25,16000000,8475000.0,7525000.0
WR,Danny Amendola,DET,71.5,482,47.0,2019,Danny Amendola,2019,33,4500000,8850000.0,-4350000.0
WR,Adam Humphries,TEN,71.4,296,48.0,2019,Adam Humphries,2019,25,9000000,8400000.0,600000.0
WR,Julian Edelman,NE,71.4,697,48.0,2019,Julian Edelman,2019,32,7750000,7379000.0,371000.0
WR,Kenny Stills,HST,70.4,490,52.0,2019,Kenny Stills,2019,26,8000000,8379000.0,-379000.0
WR,Larry Fitzgerald,ARZ,70.3,619,54.0,2019,Larry Fitzgerald,2019,32,11000000,8288500.0,2711500.0
WR,Randall Cobb,DAL,69.9,499,56.0,2019,Randall Cobb,2019,28,5000000,6838500.0,-1838500.0
WR,Duke Williams,BUF,69.4,162,60.0,2019,Duke Williams,2019,25,540000,8008500.0,-7468500.0
WR,Odell Beckham Jr.,CLV,68.7,628,62.0,2019,Odell Beckham Jr.,2019,26,18000000,7173000.0,10827000.0
WR,Robby Anderson,NYJ,68.7,615,62.0,2019,Robby Anderson,2019,25,3095000,6632000.0,-3537000.0
WR,Cody Latimer,NYG,68.4,268,64.0,2019,Cody Latimer,2019,26,1500000,5889000.0,-4389000.0
WR,Brandin Cooks,LA,68.1,483,65.0,2019,Brandin Cooks,2019,25,16200000,4844633.3,11355366.7
WR,David Moore,SEA,67.4,246,69.0,2019,David Moore,2019,24,645000,5452133.3,-4807133.3
WR,Alex Erickson,CIN,67.1,412,70.0,2019,Alex Erickson,2019,26,2340000,5688733.3,-3348733.3
WR,Tim Patrick,DEN,66.7,203,71.0,2019,Tim Patrick,2019,25,570000,4148733.3,-3578733.3
WR,Keelan Cole,JAX,66.5,275,72.0,2019,Keelan Cole,2019,26,556333,3911233.3,-3354900.3
WR,Tyrell Williams,LV,66.5,429,72.0,2019,Tyrell Williams,2019,27,11075000,3963733.3,7111266.7
WR,Demaryius Thomas,NYJ,65.9,311,76.0,2019,Demaryius Thomas,2019,31,2906000,2543733.3,362266.7000000002
WR,Phillip Dorsett,NE,65.6,412,78.0,2019,Phillip Dorsett,2019,26,2600000,2708983.3,-108983.29999999981
WR,Damiere Byrd,ARZ,64.4,326,80.0,2019,Damiere Byrd,2019,26,720000,3274983.3,-2554983.3
WR,Josh Gordon,SEA,63.7,316,83.0,2019,Josh Gordon,2019,27,2025000,3867983.3,-1842983.2999999998
WR,Seth Roberts,BLT,63.5,323,85.0,2019,Seth Roberts,2019,28,2000000,3866350.0,-1866350.0
WR,Chris Conley,JAX,62.7,629,91.0,2019,Chris Conley,2019,26,2297500,2933850.0,-636350.0
WR,Albert Wilson,MIA,62.3,338,95.0,2019,Albert Wilson,2019,26,8000000,2707750.0,5292250.0
WR,Taylor Gabriel,CHI,62.0,314,96.0,2019,Taylor Gabriel,2019,28,6500000,3247750.0,3252250.0
WR,Fred Brown,DEN,60.1,48,97.0,2019,Fred Brown,2019,25,540000,3825750.0,-3285750.0
WR,Tavon Austin,DAL,59.9,165,98.0,2019,Tavon Austin,2019,28,1750000,4223250.0,-2473250.0
WR,Marcus Johnson,IND,59.8,249,99.0,2019,Marcus Johnson,2019,24,645000,4373250.0,-3728250.0
WR,Paul Richardson Jr.,WAS,59.7,280,100.0,2019,Paul Richardson Jr.,2019,26,8000000,4510166.7,3489833.3
WR,Mohamed Sanu,NE,58.5,565,103.0,2019,Mohamed Sanu,2019,29,6500000,3855166.7,2644833.3
WR,Willie Snead IV,BLT,58.4,388,104.0,2019,Willie Snead IV,2019,27,6000000,3485166.7,2514833.3
WR,Allen Hurns,MIA,57.0,407,105.0,2019,Allen Hurns,2019,28,3500000,3633666.7,-133666.7000000002
WR,Ted Ginn Jr.,NO,56.7,494,107.0,2019,Ted Ginn Jr.,2019,33,3666667,3768166.7,-101499.70000000019
WR,Chris Hogan,CAR,54.9,112,111.0,2019,Chris Hogan,2019,31,1450000,3953666.7,-2503666.7
WR,Geronimo Allison,GB,54.4,496,114.0,2019,Geronimo Allison,2019,25,2800000,3578666.7,-778666.7000000002
WR,Rashard Higgins,CLV,53.6,113,118.0,2019,Rashard Higgins,2019,24,2025000,2982666.7,-957666.7000000002
WR,Chester Rogers,IND,50.5,242,123.0,2019,Chester Rogers,2019,25,3095000,4002666.7,-907666.7000000002
WR,Jarius Wright,CAR,47.8,528,126.0,2019,Jarius Wright,2019,29,2500000,5077787.6,-2577787.5999999996
WR,Travis Benjamin,LAC,46.4,146,127.0,2019,Travis Benjamin,2019,29,4250000,6511120.9,-2261120.9000000004
WR,Andre Patton,LAC,45.7,334,128.0,2019,Andre Patton,2019,24,540000,6847270.9,-6307270.9
WR,DeAndre Hopkins,HST,92.0,732,1.0,2018,DeAndre Hopkins,2018,26,16200000,12902541.8,3297458.1999999993
WR,Julio Jones,ATL,90.9,605,3.0,2018,Julio Jones,2018,29,14251209,13168784.833333334,1082424.166666666
WR,Odell Beckham Jr.,NYG,90.0,489,4.0,2018,Odell Beckham Jr.,2018,25,18000000,13144672.714285715,4855327.285714285
WR,Adam Thielen,MIN,89.4,694,5.0,2018,Adam Thielen,2018,27,4811500,12351588.625,-7540088.625
WR,Keenan Allen,LAC,89.3,602,6.0,2018,Keenan Allen,2018,26,11250000,12645856.555555556,-1395856.555555556
WR,Davante Adams,GB,87.8,695,8.0,2018,Davante Adams,2018,26,14500000,13031270.9,1468729.0999999996
WR,T.Y. Hilton,IND,87.6,612,9.0,2018,T.Y. Hilton,2018,28,13000000,11961270.9,1038729.0999999996
WR,Robert Woods,LA,86.4,763,10.0,2018,Robert Woods,2018,25,6800000,11561150.0,-4761150.0
WR,A.J. Green,CIN,85.2,313,11.0,2018,A.J. Green,2018,30,15000000,11381150.0,3618850.0
WR,Mike Evans,TB,84.3,680,13.0,2018,Mike Evans,2018,24,16500000,12340000.0,4160000.0
WR,Julian Edelman,NE,82.4,595,14.0,2018,Julian Edelman,2018,32,5500000,12315000.0,-6815000.0
WR,Tyler Lockett,SEA,82.3,523,15.0,2018,Tyler Lockett,2018,25,10250000,12015000.0,-1765000.0
WR,Brandin Cooks,LA,81.2,737,17.0,2018,Brandin Cooks,2018,24,16200000,11831666.7,4368333.300000001
WR,Stefon Diggs,MIN,81.1,627,19.0,2018,Stefon Diggs,2018,24,14400000,12851666.7,1548333.3000000007
WR,Emmanuel Sanders,DEN,81.1,443,19.0,2018,Emmanuel Sanders,2018,31,11000000,12651666.7,-1651666.6999999993
WR,Doug Baldwin,SEA,80.6,409,22.0,2018,Doug Baldwin,2018,29,11500000,12401666.7,-901666.6999999993
WR,DeSean Jackson,TB,79.4,361,25.0,2018,DeSean Jackson,2018,31,11166667,12143066.7,-976399.6999999993
WR,Antonio Brown,PIT,79.3,716,26.0,2018,Antonio Brown,2018,29,17000000,12628066.7,4371933.300000001
WR,Alshon Jeffery,PHI,79.0,580,27.0,2018,Alshon Jeffery,2018,28,13000000,11348216.7,1651783.3000000007
WR,Allen Robinson II,CHI,77.7,526,28.0,2018,Allen Robinson II,2018,24,14000000,9987216.7,4012783.3000000007
WR,Adam Humphries,TB,75.2,604,32.0,2018,Adam Humphries,2018,24,2914000,9687216.7,-6773216.699999999
WR,Jarvis Landry,CLV,74.7,647,33.0,2018,Jarvis Landry,2018,25,15100000,9187216.7,5912783.300000001
WR,Cole Beasley,DAL,74.6,553,34.0,2018,Cole Beasley,2018,28,3401500,9470550.0,-6069050.0
WR,Josh Gordon,NE,73.5,403,35.0,2018,Josh Gordon,2018,26,790000,9370550.0,-8580550.0
WR,Marvin Jones Jr.,DET,71.9,365,38.0,2018,Marvin Jones Jr.,2018,27,8000000,8690550.0,-690550.0
WR,Mohamed Sanu,ATL,71.6,599,40.0,2018,Mohamed Sanu,2018,28,6500000,7361050.0,-861050.0
WR,Demaryius Thomas,HST,71.5,495,41.0,2018,Demaryius Thomas,2018,30,14000000,7779650.0,6220350.0
WR,Sammy Watkins,KC,71.2,394,44.0,2018,Sammy Watkins,2018,24,16000000,6519650.0,9480350.0
WR,Golden Tate,PHI,71.1,468,45.0,2018,Golden Tate,2018,29,6200000,6829500.0,-629500.0
WR,Breshad Perriman,CLV,70.9,145,46.0,2018,Breshad Perriman,2018,25,705000,6875500.0,-6170500.0
WR,Jordy Nelson,LV,70.7,557,47.0,2018,Jordy Nelson,2018,32,7100000,6366900.0,733100.0
WR,Cody Latimer,NYG,70.2,149,50.0,2018,Cody Latimer,2018,25,2500000,6066900.0,-3566900.0
WR,Taylor Gabriel,CHI,68.8,556,53.0,2018,Taylor Gabriel,2018,27,6500000,4766900.0,1733100.0
WR,Bruce Ellington,DET,68.3,189,57.0,2018,Bruce Ellington,2018,26,1250000,3766900.0,-2516900.0
WR,Quincy Enunwa,NYJ,68.0,337,60.0,2018,Quincy Enunwa,2018,25,2914000,3438300.0,-524300.0
WR,Willie Snead IV,BLT,67.5,509,63.0,2018,Willie Snead IV,2018,25,3500000,3734466.7,-234466.7000000002
WR,Jordan Matthews,PHI,66.9,244,67.0,2018,Jordan Matthews,2018,25,1000000,3624466.7,-2624466.7
WR,Danny Amendola,MIA,66.6,445,68.0,2018,Danny Amendola,2018,32,6000000,3649466.7,2350533.3
WR,Tyrell Williams,LAC,65.9,570,70.0,2018,Tyrell Williams,2018,26,2914000,3799466.7,-885466.7000000002
WR,Ted Ginn Jr.,NO,65.8,212,72.0,2018,Ted Ginn Jr.,2018,32,3666667,4174466.7,-507799.7000000002
WR,Allen Hurns,DAL,65.5,271,73.0,2018,Allen Hurns,2018,26,6000000,4683066.7,1316933.2999999998
WR,Jaron Brown,SEA,65.1,182,74.0,2018,Jaron Brown,2018,28,2750000,4523766.7,-1773766.7000000002
WR,Paul Richardson Jr.,WAS,64.7,254,75.0,2018,Paul Richardson Jr.,2018,25,8000000,4673766.7,3326233.3
WR,John Brown,BLT,64.5,544,77.0,2018,John Brown,2018,27,5000000,4773766.7,226233.2999999998
WR,Kenny Stills,MIA,64.4,467,79.0,2018,Kenny Stills,2018,25,8000000,4932366.7,3067633.3
WR,Martavis Bryant,LV,63.7,153,84.0,2018,Martavis Bryant,2018,26,1907000,5207366.7,-3300366.7
WR,Jarius Wright,CAR,63.7,409,84.0,2018,Jarius Wright,2018,28,2500000,5567366.7,-3067366.7
WR,Michael Crabtree,BLT,63.3,574,86.0,2018,Michael Crabtree,2018,30,7000000,5692366.7,1307633.2999999998
WR,Jermaine Kearse,NYJ,62.7,404,90.0,2018,Jermaine Kearse,2018,28,4500000,4971366.7,-471366.7000000002
WR,Marquise Goodwin,SF,62.7,264,90.0,2018,Marquise Goodwin,2018,27,6416667,5071366.7,1345300.2999999998
WR,Donte Moncrief,JAX,62.3,567,93.0,2018,Donte Moncrief,2018,24,9600000,5271366.7,4328633.3
WR,Seth Roberts,LV,62.1,401,96.0,2018,Seth Roberts,2018,27,4000000,5128666.7,-1128666.7000000002
WR,Aldrick Robinson,MIN,61.8,187,97.0,2018,Aldrick Robinson,2018,29,790000,4934300.0,-4144300.0
WR,Travis Benjamin,LAC,61.3,219,99.0,2018,Travis Benjamin,2018,28,6000000,4425000.0,1575000.0
WR,Randall Cobb,GB,60.2,360,103.0,2018,Randall Cobb,2018,27,10000000,4475000.0,5525000.0
WR,Tim Patrick,DEN,60.2,263,103.0,2018,Tim Patrick,2018,24,480000,4067333.3,-3587333.3
WR,Keelan Cole,JAX,59.4,491,107.0,2018,Keelan Cole,2018,25,556333,3207333.3,-2651000.3
WR,Josh Bellamy,CHI,59.3,185,108.0,2018,Josh Bellamy,2018,28,1907000,2907833.3,-1000833.2999999998
WR,Ryan Grant,IND,59.1,422,109.0,2018,Ryan Grant,2018,27,5000000,2879833.3,2120166.7
WR,Alex Erickson,CIN,59.1,241,109.0,2018,Alex Erickson,2018,25,2340000,2338333.3,1666.7000000001863
WR,Bennie Fowler,NYG,58.2,257,112.0,2018,Bennie Fowler,2018,26,1000000,1738333.3,-738333.3
WR,Andre Roberts,NYJ,58.1,121,113.0,2018,Andre Roberts,2018,30,1005000,1881033.3,-876033.3
WR,Marvin Hall,ATL,55.9,122,118.0,2018,Marvin Hall,2018,25,510000,3250520.9,-2740520.9
WR,Maurice Harris,WAS,55.9,299,118.0,2018,Maurice Harris,2018,25,585000,4759820.9,-4174820.9000000004
WR,Chris Hogan,NE,54.3,644,121.0,2018,Chris Hogan,2018,30,4000000,5879820.9,-1879820.9000000004
WR,T.J. Jones,DET,50.4,346,126.0,2018,T.J. Jones,2018,25,1907000,6770820.9,-4863820.9
WR,Julio Jones,ATL,91.8,562,1.0,2017,Julio Jones,2017,28,14251209,14040241.8,210967.19999999925
WR,Antonio Brown,PIT,91.3,627,3.0,2017,Antonio Brown,2017,28,17000000,12733534.833333334,4266465.166666666
WR,DeAndre Hopkins,HST,90.2,631,4.0,2017,DeAndre Hopkins,2017,25,16200000,11601815.57142857,4598184.428571429
WR,Keenan Allen,LAC,89.3,583,5.0,2017,Keenan Allen,2017,25,11250000,12026588.625,-776588.625
WR,Doug Baldwin,SEA,84.4,601,6.0,2017,Doug Baldwin,2017,28,11500000,11445856.555555556,54143.44444444403
WR,Golden Tate,DET,82.8,575,7.0,2017,Golden Tate,2017,28,6200000,11751270.9,-5551270.9
WR,Adam Thielen,MIN,82.4,694,9.0,2017,Adam Thielen,2017,26,4811500,11426150.0,-6614650.0
WR,A.J. Green,CIN,82.2,543,10.0,2017,A.J. Green,2017,29,15000000,10676150.0,4323850.0
WR,Robert Woods,LA,81.0,428,12.0,2017,Robert Woods,2017,24,6800000,9226150.0,-2426150.0
WR,Davante Adams,GB,80.5,538,13.0,2017,Davante Adams,2017,25,14500000,9401150.0,5098850.0
WR,Larry Fitzgerald,ARZ,80.0,702,14.0,2017,Larry Fitzgerald,2017,32,11000000,8901150.0,2098850.0
WR,Pierre Garcon,SF,77.5,293,19.0,2017,Pierre Garcon,2017,30,9500000,8581150.0,918850.0
WR,Danny Amendola,NE,77.4,553,20.0,2017,Danny Amendola,2017,31,1700000,9216666.7,-7516666.699999999
WR,Alshon Jeffery,PHI,77.3,691,21.0,2017,Alshon Jeffery,2017,27,13000000,8516666.7,4483333.300000001
WR,Mohamed Sanu,ATL,77.2,536,22.0,2017,Mohamed Sanu,2017,27,6500000,7905666.7,-1405666.7000000002
WR,Marquise Goodwin,SF,77.1,508,23.0,2017,Marquise Goodwin,2017,26,3000000,7855666.7,-4855666.7
WR,DeSean Jackson,TB,76.8,465,24.0,2017,DeSean Jackson,2017,30,11166667,6811300.0,4355367.0
WR,Marvin Jones Jr.,DET,76.3,674,25.0,2017,Marvin Jones Jr.,2017,26,8000000,6877550.0,1122450.0
WR,T.J. Jones,DET,74.4,287,29.0,2017,T.J. Jones,2017,24,690000,6887250.0,-6197250.0
WR,Demaryius Thomas,DEN,74.1,584,30.0,2017,Demaryius Thomas,2017,29,14000000,5787250.0,8212750.0
WR,Keelan Cole,JAX,74.0,534,31.0,2017,Keelan Cole,2017,24,556333,6537250.0,-5980917.0
WR,Allen Hurns,JAX,73.9,392,32.0,2017,Allen Hurns,2017,25,10162500,6607250.0,3555250.0
WR,Albert Wilson,KC,73.8,399,33.0,2017,Albert Wilson,2017,24,1797000,6340583.3,-4543583.3
WR,Kendall Wright,CHI,73.2,435,34.0,2017,Kendall Wright,2017,27,2000000,6040583.3,-4040583.3
WR,Dez Bryant,DAL,72.7,568,36.0,2017,Dez Bryant,2017,28,14000000,6338250.0,7661750.0
WR,Jarius Wright,MIN,72.3,234,38.0,2017,Jarius Wright,2017,27,3700000,5388250.0,-1688250.0
WR,Michael Crabtree,LV,72.0,413,40.0,2017,Michael Crabtree,2017,30,8500000,5732616.7,2767383.3
WR,Rishard Matthews,TEN,71.9,568,41.0,2017,Rishard Matthews,2017,27,5000000,5266366.7,-266366.7000000002
WR,Ted Ginn Jr.,NO,71.6,500,42.0,2017,Ted Ginn Jr.,2017,31,3666667,5661666.7,-1994999.7000000002
WR,Jermaine Kearse,NYJ,69.7,567,47.0,2017,Jermaine Kearse,2017,27,4500000,6761666.7,-2261666.7
WR,Eric Decker,TEN,69.4,519,49.0,2017,Eric Decker,2017,30,4000000,6337916.7,-2337916.7
WR,Jeremy Maclin,BLT,69.1,324,52.0,2017,Jeremy Maclin,2017,29,5500000,7067916.7,-1567916.7000000002
WR,Mike Wallace,BLT,69.0,476,53.0,2017,Mike Wallace,2017,30,5750000,6817916.7,-1067916.7000000002
WR,T.Y. Hilton,IND,68.9,585,55.0,2017,T.Y. Hilton,2017,27,13000000,6597916.7,6402083.3
WR,Jordy Nelson,GB,68.6,539,57.0,2017,Jordy Nelson,2017,32,9762500,6505850.0,3256650.0
WR,Emmanuel Sanders,DEN,68.1,436,59.0,2017,Emmanuel Sanders,2017,30,11000000,6165850.0,4834150.0
WR,Travis Benjamin,LAC,66.8,401,64.0,2017,Travis Benjamin,2017,27,6000000,6190850.0,-190850.0
WR,Jeremy Kerley,NYJ,66.4,191,65.0,2017,Jeremy Kerley,2017,28,2800000,6640850.0,-3840850.0
WR,Dontrelle Inman,CHI,66.0,286,66.0,2017,Dontrelle Inman,2017,28,2746000,6143350.0,-3397350.0
WR,Brice Butler,DAL,65.9,160,67.0,2017,Brice Butler,2017,27,1100000,5117950.0,-4017950.0
WR,Terrance Williams,DAL,65.3,461,69.0,2017,Terrance Williams,2017,27,4250000,4227200.0,22800.0
WR,Randall Cobb,GB,64.4,521,70.0,2017,Randall Cobb,2017,26,10000000,3188700.0,6811300.0
WR,Josh Bellamy,CHI,63.8,283,71.0,2017,Josh Bellamy,2017,27,775000,2653200.0,-1878200.0
WR,Taylor Gabriel,ATL,63.7,381,72.0,2017,Taylor Gabriel,2017,26,2746000,2923200.0,-177200.0
WR,Deonte Thompson,BUF,63.6,462,73.0,2017,Deonte Thompson,2017,28,855000,3048600.0,-2193600.0
WR,Tre McBride,CHI,63.5,130,75.0,2017,Tre McBride,2017,24,615000,3000100.0,-2385100.0
WR,Tavarres King,NYG,62.3,262,81.0,2017,Tavarres King,2017,26,645000,3375100.0,-2730100.0
WR,Brandon Marshall,NYG,62.2,183,82.0,2017,Brandon Marshall,2017,32,5500000,2715250.0,2784750.0
WR,Chris Hogan,NE,61.3,532,86.0,2017,Chris Hogan,2017,29,4000000,2707722.5,1292277.5
WR,Willie Snead IV,NO,60.2,179,89.0,2017,Willie Snead IV,2017,24,615000,2883122.5,-2268122.5
WR,Kenny Stills,MIA,59.9,649,90.0,2017,Kenny Stills,2017,24,8000000,2859122.5,5140877.5
WR,Cole Beasley,DAL,59.9,413,90.0,2017,Cole Beasley,2017,27,3401500,3297622.5,103877.5
WR,John Brown,ARZ,58.0,340,99.0,2017,John Brown,2017,27,699725,4045622.5,-3345897.5
WR,Brandon LaFell,CIN,57.8,554,101.0,2017,Brandon LaFell,2017,30,4500000,3557122.5,942877.5
WR,Bruce Ellington,HST,57.0,364,102.0,2017,Bruce Ellington,2017,25,615000,3357122.5,-2742122.5
WR,Torrey Smith,PHI,56.7,542,104.0,2017,Torrey Smith,2017,28,5000000,3349622.5,1650377.5
WR,Kenny Britt,NE,56.2,278,105.0,2017,Kenny Britt,2017,28,8125000,2949622.5,5175377.5
WR,Bennie Fowler,DEN,56.0,379,106.0,2017,Bennie Fowler,2017,25,615000,3401872.5,-2786872.5
WR,Aldrick Robinson,SF,55.9,278,107.0,2017,Aldrick Robinson,2017,28,2000000,3591900.0,-1591900.0
WR,Kaelin Clay,CAR,55.1,189,111.0,2017,Kaelin Clay,2017,25,540000,3475233.3,-2935233.3
WR,Seth Roberts,LV,54.0,514,116.0,2017,Seth Roberts,2017,26,4000000,4838854.2,-838854.2000000002
WR,Mike Williams,LAC,52.6,145,121.0,2017,Mike Williams,2017,30,7924000,5838854.2,2085145.7999999998
WR,Kamar Aiken,IND,47.0,373,126.0,2017,Kamar Aiken,2017,27,2600000,5865554.2,-3265554.2
WR,Russell Shepard,CAR,46.0,312,127.0,2017,Russell Shepard,2017,26,3333333,7104054.2,-3770721.2
WR,Julio Jones,ATL,93.5,572,1.0,2016,Julio Jones,2016,27,14251209,12428641.8,1822567.1999999993
WR,A.J. Green,CIN,90.0,361,3.0,2016,A.J. Green,2016,28,15000000,10924118.166666666,4075881.833333334
WR,Antonio Brown,PIT,88.4,713,4.0,2016,Antonio Brown,2016,28,8392000,10577815.57142857,-2185815.571428571
WR,T.Y. Hilton,IND,86.7,661,5.0,2016,T.Y. Hilton,2016,26,13000000,11005588.625,1994411.375
WR,Doug Baldwin,SEA,86.1,697,7.0,2016,Doug Baldwin,2016,27,11500000,11004967.666666666,495032.33333333395
WR,Cole Beasley,DAL,85.9,462,8.0,2016,Cole Beasley,2016,26,3401500,10880720.9,-7479220.9
WR,Pierre Garcon,WAS,85.5,561,10.0,2016,Pierre Garcon,2016,29,8500000,10555600.0,-2055600.0
WR,Dez Bryant,DAL,83.5,480,13.0,2016,Dez Bryant,2016,27,14000000,9555600.0,4444400.0
WR,Larry Fitzgerald,ARZ,83.3,703,14.0,2016,Larry Fitzgerald,2016,32,11000000,10116400.0,883600.0
WR,Jordy Nelson,GB,82.2,773,15.0,2016,Jordy Nelson,2016,31,9762500,9241400.0,521100.0
WR,Emmanuel Sanders,DEN,81.5,575,16.0,2016,Emmanuel Sanders,2016,29,11000000,8741400.0,2258600.0
WR,Rishard Matthews,TEN,81.4,475,17.0,2016,Rishard Matthews,2016,26,5000000,8461250.0,-3461250.0
WR,Demaryius Thomas,DEN,80.4,590,18.0,2016,Demaryius Thomas,2016,28,14000000,8461250.0,5538750.0
WR,Julian Edelman,NE,80.3,759,19.0,2016,Julian Edelman,2016,29,4250000,7228350.0,-2978350.0
WR,Mohamed Sanu,ATL,80.0,581,20.0,2016,Mohamed Sanu,2016,26,6500000,6328350.0,171650.0
WR,Adam Thielen,MIN,79.9,526,21.0,2016,Adam Thielen,2016,25,600000,6812000.0,-6212000.0
WR,Michael Crabtree,LV,78.6,609,25.0,2016,Michael Crabtree,2016,29,8500000,6062000.0,2438000.0
WR,Russell Shepard,TB,78.4,241,26.0,2016,Russell Shepard,2016,25,1671000,6562000.0,-4891000.0
WR,Andre Holmes,LV,74.6,160,35.0,2016,Andre Holmes,2016,27,2000000,5619500.0,-3619500.0
WR,Alshon Jeffery,CHI,74.5,462,36.0,2016,Alshon Jeffery,2016,25,14599000,5794500.0,8804500.0
WR,Steve Smith,BLT,74.5,493,36.0,2016,Steve Smith,2016,36,3500000,5944500.0,-2444500.0
WR,Randall Cobb,GB,74.4,628,38.0,2016,Randall Cobb,2016,25,10000000,5944500.0,4055500.0
WR,Kenny Britt,LA,74.0,529,39.0,2016,Kenny Britt,2016,27,4575000,5164472.5,-589472.5
WR,DeSean Jackson,WAS,73.0,520,43.0,2016,DeSean Jackson,2016,29,6000000,5617372.5,382627.5
WR,Marvin Jones Jr.,DET,72.5,657,47.0,2016,Marvin Jones Jr.,2016,25,8000000,5501372.5,2498627.5
WR,Dontrelle Inman,LAC,72.3,612,48.0,2016,Dontrelle Inman,2016,27,600000,4616472.5,-4016472.5
WR,John Brown,ARZ,71.4,426,51.0,2016,John Brown,2016,26,699725,4516472.5,-3816747.5
WR,Golden Tate,DET,70.6,679,53.0,2016,Golden Tate,2016,27,6200000,4383139.2,1816860.7999999998
WR,Deonte Thompson,CHI,70.5,194,54.0,2016,Deonte Thompson,2016,27,840000,4135639.2,-3295639.2
WR,Mike Wallace,BLT,70.2,618,55.0,2016,Mike Wallace,2016,29,5750000,3620639.2,2129360.8
WR,Brandon LaFell,CIN,69.5,637,58.0,2016,Brandon LaFell,2016,29,2500000,3420639.2,-920639.2000000002
WR,Brandon Marshall,NYJ,69.2,580,61.0,2016,Brandon Marshall,2016,32,8666667,3735639.2,4931027.8
WR,Ted Ginn Jr.,CAR,69.2,461,61.0,2016,Ted Ginn Jr.,2016,30,2100000,3856666.7,-1756666.7000000002
WR,Jeremy Kerley,SF,68.9,520,63.0,2016,Jeremy Kerley,2016,27,850000,3636666.7,-2786666.7
WR,Travis Benjamin,LAC,67.2,414,67.0,2016,Travis Benjamin,2016,26,6000000,3633666.7,2366333.3
WR,Harry Douglas,TEN,66.3,167,70.0,2016,Harry Douglas,2016,30,3750000,3558666.7,191333.2999999998
WR,Jaron Brown,ARZ,66.1,119,72.0,2016,Jaron Brown,2016,25,1910000,3583666.7,-1673666.7000000002
WR,Chris Hogan,NE,65.8,641,74.0,2016,Chris Hogan,2016,28,4000000,2762000.0,1238000.0
WR,Rod Streater,SF,65.3,166,78.0,2016,Rod Streater,2016,28,810000,2628000.0,-1818000.0
WR,Eddie Royal,CHI,65.1,240,79.0,2016,Eddie Royal,2016,29,5000000,3643000.0,1357000.0
WR,Anquan Boldin,DET,64.9,626,81.0,2016,Anquan Boldin,2016,35,2750000,4093000.0,-1343000.0
WR,Cobi Hamilton,PIT,63.0,300,85.0,2016,Cobi Hamilton,2016,25,450000,4578000.0,-4128000.0
WR,Bryan Walters,JAX,62.9,232,86.0,2016,Bryan Walters,2016,28,760000,5498111.1,-4738111.1
WR,Jeremy Maclin,KC,61.8,440,91.0,2016,Jeremy Maclin,2016,27,11000000,5353411.1,5646588.9
WR,Tavon Austin,LA,61.3,506,95.0,2016,Tavon Austin,2016,26,10500000,5447411.1,5052588.9
WR,Victor Cruz,NYG,61.0,523,97.0,2016,Victor Cruz,2016,29,8600000,5002956.6,3597043.4000000004
WR,Vincent Jackson,TB,60.8,221,98.0,2016,Vincent Jackson,2016,33,11111111,4803956.6,6307154.4
WR,Kamar Aiken,BLT,60.5,425,101.0,2016,Kamar Aiken,2016,26,2553000,5098956.6,-2545956.5999999996
WR,Brian Quick,LA,60.5,470,101.0,2016,Brian Quick,2016,26,1750000,6039206.6,-4289206.6
WR,Charles Johnson,MIN,60.4,271,103.0,2016,Charles Johnson,2016,27,555455,4996206.6,-4440751.6
WR,Andre Roberts,DET,60.3,186,104.0,2016,Andre Roberts,2016,28,760000,4396206.6,-3636206.5999999996
WR,Andrew Hawkins,CLV,58.1,476,109.0,2016,Andrew Hawkins,2016,30,3400000,4336206.6,-936206.5999999996
WR,Allen Hurns,JAX,57.1,455,114.0,2016,Allen Hurns,2016,24,10162500,3313095.5,6849404.5
WR,Seth Roberts,LV,56.1,590,116.0,2016,Seth Roberts,2016,24,570000,3117795.5,-2547795.5
WR,Jermaine Kearse,SEA,55.5,635,117.0,2016,Jermaine Kearse,2016,26,4500000,3781995.5,718004.5
WR,Torrey Smith,SF,53.9,380,120.0,2016,Torrey Smith,2016,27,8000000,5151570.9,2848429.0999999996
WR,Jordan Norwood,DEN,51.5,342,125.0,2016,Jordan Norwood,2016,29,880000,6575570.9,-5695570.9
WR,Isaiah Burse,LAC,49.6,32,127.0,2016,Isaiah Burse,2016,24,600000,7335570.9,-6735570.9
WR,Antonio Brown,PIT,92.5,733,1.0,2015,Antonio Brown,2015,27,8392000,12970070.4,-4578070.4
WR,Julio Jones,ATL,92.5,658,1.0,2015,Julio Jones,2015,26,14251209,11530614.166666666,2720594.833333334
WR,A.J. Green,CIN,90.4,627,5.0,2015,A.J. Green,2015,27,15000000,11121478.857142856,3878521.1428571437
WR,Larry Fitzgerald,ARZ,89.4,696,7.0,2015,Larry Fitzgerald,2015,31,11000000,10356294.0,643706.0
WR,Calvin Johnson,DET,88.6,688,8.0,2015,Calvin Johnson,2015,29,16207143,9677816.888888888,6529326.111111112
WR,Doug Baldwin,SEA,88.1,624,9.0,2015,Doug Baldwin,2015,26,4333333,9821146.3,-5487813.300000001
WR,Brandon Marshall,NYJ,85.4,665,12.0,2015,Brandon Marshall,2015,31,8666667,10281946.3,-1615279.3000000007
WR,Emmanuel Sanders,DEN,84.4,665,13.0,2015,Emmanuel Sanders,2015,27,5000000,8926797.9,-3926797.9000000004
WR,Julian Edelman,NE,83.7,478,15.0,2015,Julian Edelman,2015,28,4250000,7485297.9,-3235297.9000000004
WR,Vincent Jackson,TB,79.8,313,18.0,2015,Vincent Jackson,2015,32,11111111,7485297.9,3625813.0999999996
WR,T.Y. Hilton,IND,78.9,654,20.0,2015,T.Y. Hilton,2015,25,13000000,6589583.6,6410416.4
WR,John Brown,ARZ,78.7,632,22.0,2015,John Brown,2015,25,699725,6776250.3,-6076525.3
WR,Kamar Aiken,BLT,78.5,621,23.0,2015,Kamar Aiken,2015,25,585000,6759583.6,-6174583.6
WR,Jeremy Maclin,KC,78.3,581,25.0,2015,Jeremy Maclin,2015,26,11000000,7659583.6,3340416.4000000004
WR,Eric Decker,NYJ,78.0,588,26.0,2015,Eric Decker,2015,27,7250000,7394883.6,-144883.59999999963
WR,Golden Tate,DET,77.4,679,27.0,2015,Golden Tate,2015,26,6200000,6356022.5,-156022.5
WR,Michael Crabtree,LV,77.2,595,28.0,2015,Michael Crabtree,2015,28,8500000,5481022.5,3018977.5
WR,Demaryius Thomas,DEN,76.4,715,29.0,2015,Demaryius Thomas,2015,27,14000000,6261050.0,7738950.0
WR,Jerricho Cotchery,CAR,76.1,310,30.0,2015,Jerricho Cotchery,2015,32,1603000,6802550.0,-5199550.0
WR,Bryan Walters,JAX,75.2,258,32.0,2015,Bryan Walters,2015,27,722500,6160050.0,-5437550.0
WR,Danny Amendola,NE,75.2,518,32.0,2015,Danny Amendola,2015,29,4250000,5645050.0,-1395050.0
WR,Pierre Garcon,WAS,75.1,584,34.0,2015,Pierre Garcon,2015,28,8500000,5625050.0,2874950.0
WR,DeSean Jackson,WAS,74.8,302,35.0,2015,DeSean Jackson,2015,28,6000000,5010650.0,989350.0
WR,Kenny Britt,LA,72.6,387,42.0,2015,Kenny Britt,2015,26,4575000,3705650.0,869350.0
WR,Ted Ginn Jr.,CAR,72.1,495,44.0,2015,Ted Ginn Jr.,2015,29,2100000,4945350.0,-2845350.0
WR,Anquan Boldin,SF,72.0,521,45.0,2015,Anquan Boldin,2015,34,6000000,5873100.0,126900.0
WR,Jermaine Kearse,SEA,71.1,592,49.0,2015,Jermaine Kearse,2015,25,2356000,5818100.0,-3462100.0
WR,James Jones,GB,69.7,800,53.0,2015,James Jones,2015,31,950000,5268100.0,-4318100.0
WR,Dez Bryant,DAL,68.7,311,57.0,2015,Dez Bryant,2015,26,14000000,4729600.0,9270400.0
WR,Randall Cobb,GB,68.5,765,58.0,2015,Randall Cobb,2015,24,10000000,4972100.0,5027900.0
WR,Jarius Wright,MIN,68.3,329,60.0,2015,Jarius Wright,2015,25,3700000,4826600.0,-1126600.0
WR,Brian Hartline,CLV,68.2,387,61.0,2015,Brian Hartline,2015,28,3000000,4326600.0,-1326600.0
WR,Marc Mariani,CHI,67.5,338,63.0,2015,Marc Mariani,2015,28,615000,4431150.0,-3816150.0
WR,Andre Johnson,IND,66.2,490,66.0,2015,Andre Johnson,2015,33,7000000,5136150.0,1863850.0
WR,Nick Williams,ATL,65.0,125,70.0,2015,Nick Williams,2015,24,645000,4462150.0,-3817150.0
WR,Nate Washington,HST,64.4,525,72.0,2015,Nate Washington,2015,31,1000000,4062150.0,-3062150.0
WR,Cole Beasley,DAL,64.3,441,73.0,2015,Cole Beasley,2015,25,3401500,4042150.0,-640650.0
WR,Torrey Smith,SF,62.8,533,82.0,2015,Torrey Smith,2015,26,8000000,3824650.0,4175350.0
WR,Marques Colston,NO,62.8,416,82.0,2015,Marques Colston,2015,31,7260000,4063150.0,3196850.0
WR,Roddy White,ATL,62.6,630,85.0,2015,Roddy White,2015,33,6000000,3421650.0,2578350.0
WR,Dwayne Harris,NYG,61.0,435,91.0,2015,Dwayne Harris,2015,27,3500000,3732150.0,-232150.0
WR,Darrius Heyward-Bey,PIT,60.7,308,93.0,2015,Darrius Heyward-Bey,2015,28,825000,3972150.0,-3147150.0
WR,Cecil Shorts,HST,60.4,412,95.0,2015,Cecil Shorts,2015,27,3000000,3727000.0,-727000.0
WR,Chris Hogan,BUF,60.3,394,96.0,2015,Chris Hogan,2015,27,585000,3427000.0,-2842000.0
WR,Harry Douglas,TEN,60.1,470,97.0,2015,Harry Douglas,2015,29,3750000,3901000.0,-151000.0
WR,Andrew Hawkins,CLV,59.7,287,101.0,2015,Andrew Hawkins,2015,29,3400000,3751000.0,-351000.0
WR,Jason Avant,KC,59.6,293,102.0,2015,Jason Avant,2015,31,950000,3555200.0,-2605200.0
WR,Eddie Royal,CHI,59.4,284,105.0,2015,Eddie Royal,2015,28,5000000,3572700.0,1427300.0
WR,Mike Wallace,MIN,58.7,518,109.0,2015,Mike Wallace,2015,28,12000000,3319950.0,8680050.0
WR,Riley Cooper,PHI,58.2,359,110.0,2015,Riley Cooper,2015,27,4500000,3366450.0,1133550.0
WR,Andre Holmes,LV,57.8,208,111.0,2015,Andre Holmes,2015,26,1542000,3291450.0,-1749450.0
WR,Leonard Hankerson,BUF,57.5,252,112.0,2015,Leonard Hankerson,2015,26,1000000,3020950.0,-2020950.0
WR,Dontrelle Inman,LAC,57.4,474,113.0,2015,Dontrelle Inman,2015,25,472500,3065950.0,-2593450.0
WR,Lance Moore,DET,56.8,463,115.0,2015,Lance Moore,2015,31,1050000,3405150.0,-2355150.0
WR,Brandon LaFell,NE,56.4,503,118.0,2015,Brandon LaFell,2015,28,3000000,3825864.3,-825864.2999999998
WR,Jordan Norwood,DEN,55.6,332,119.0,2015,Jordan Norwood,2015,28,695000,4352114.3,-3657114.3
WR,Hakeem Nicks,NYG,51.8,115,125.0,2015,Hakeem Nicks,2015,27,1400000,4697914.3,-3297914.3
WR,Antonio Brown,PIT,91.1,729,1.0,2014,Antonio Brown,2014,26,8392000,8552328.6,-160328.59999999963
WR,Calvin Johnson,DET,89.5,537,5.0,2014,Calvin Johnson,2014,28,16207143,8001940.5,8205202.5
WR,Jordy Nelson,GB,86.9,686,7.0,2014,Jordy Nelson,2014,29,9762500,7744520.428571428,2017979.5714285718
WR,Emmanuel Sanders,DEN,86.4,663,8.0,2014,Emmanuel Sanders,2014,26,5000000,7526455.375,-2526455.375
WR,Andrew Hawkins,CLV,83.5,429,13.0,2014,Andrew Hawkins,2014,28,3400000,7079071.444444444,-3679071.444444444
WR,Jeremy Maclin,PHI,80.6,657,16.0,2014,Jeremy Maclin,2014,25,5250000,6804497.6,-1554497.5999999996
WR,Golden Tate,DET,80.0,709,17.0,2014,Golden Tate,2014,25,6200000,6690297.6,-490297.5999999996
WR,Anquan Boldin,SF,79.3,592,18.0,2014,Anquan Boldin,2014,33,6000000,5494583.3,505416.7000000002
WR,Steve Smith,BLT,79.0,601,19.0,2014,Steve Smith,2014,34,3500000,6132619.0,-2632619.0
WR,Doug Baldwin,SEA,78.4,611,20.0,2014,Doug Baldwin,2014,25,4333333,6703369.0,-2370036.0
WR,Eric Decker,NYJ,78.3,476,22.0,2014,Eric Decker,2014,26,7250000,7474480.1,-224480.09999999963
WR,Julian Edelman,NE,78.0,696,23.0,2014,Julian Edelman,2014,27,4250000,7149480.1,-2899480.0999999996
WR,Larry Fitzgerald,ARZ,77.2,583,25.0,2014,Larry Fitzgerald,2014,30,16142857,7498051.5,8644805.5
WR,Percy Harvin,NYJ,75.9,317,29.0,2014,Percy Harvin,2014,25,10707500,7498051.5,3209448.5
WR,Vincent Jackson,TB,75.7,621,30.0,2014,Vincent Jackson,2014,31,11111111,8148051.5,2963059.5
WR,Miles Austin,CLV,75.3,330,31.0,2014,Miles Austin,2014,29,2000000,8099718.2,-6099718.2
WR,Andre Johnson,HST,75.3,517,31.0,2014,Andre Johnson,2014,33,9685714,7514718.2,2170995.8
WR,DeSean Jackson,WAS,74.9,512,35.0,2014,DeSean Jackson,2014,27,6000000,7389718.2,-1389718.2000000002
WR,Brandon Marshall,CHI,74.8,515,36.0,2014,Brandon Marshall,2014,30,10000000,6975432.5,3024567.5
WR,Malcom Floyd,LAC,74.6,639,37.0,2014,Malcom Floyd,2014,33,3850000,6254682.5,-2404682.5
WR,Kenny Britt,LA,74.6,500,37.0,2014,Kenny Britt,2014,25,1400000,6043571.4,-4643571.4
WR,Brandon LaFell,NE,73.1,715,42.0,2014,Brandon LaFell,2014,27,3000000,6963571.4,-3963571.4000000004
WR,Mike Wallace,MIA,72.5,534,44.0,2014,Mike Wallace,2014,27,12000000,6845000.0,5155000.0
WR,Eddie Royal,LAC,72.4,547,45.0,2014,Eddie Royal,2014,27,3500000,6557500.0,-3057500.0
WR,Greg Jennings,MIN,71.8,595,47.0,2014,Greg Jennings,2014,30,9000000,5607000.0,3393000.0
WR,Dwayne Bowe,KC,71.7,509,48.0,2014,Dwayne Bowe,2014,29,11200000,5274500.0,5925500.0
WR,Pierre Garcon,WAS,70.4,583,55.0,2014,Pierre Garcon,2014,27,8500000,5204472.5,3295527.5
WR,Harry Douglas,ATL,70.1,418,56.0,2014,Harry Douglas,2014,28,3125000,5504472.5,-2379472.5
WR,Kamar Aiken,BLT,69.8,187,59.0,2014,Kamar Aiken,2014,24,495000,4360018.0,-3865018.0
WR,Ricardo Lockette,SEA,69.8,133,59.0,2014,Ricardo Lockette,2014,27,525000,4343351.3,-3818351.3
WR,John Brown,ARZ,69.3,527,64.0,2014,John Brown,2014,24,699725,4169351.3,-3469626.3
WR,Roddy White,ATL,68.5,620,70.0,2014,Roddy White,2014,32,6000000,3496018.0,2503982.0
WR,Charles Johnson,MIN,67.6,288,73.0,2014,Charles Johnson,2014,25,555455,2806318.0,-2250863.0
WR,James Jones,LV,65.7,547,79.0,2014,James Jones,2014,29,3333333,2543318.0,790015.0
WR,Marques Colston,NO,65.3,613,80.0,2014,Marques Colston,2014,30,7260000,2793818.0,4466182.0
WR,Nate Washington,TEN,64.8,540,81.0,2014,Nate Washington,2014,30,4466667,2801318.0,1665349.0
WR,Jerricho Cotchery,CAR,64.6,579,82.0,2014,Jerricho Cotchery,2014,31,1603000,2831845.5,-1228845.5
WR,Chris Hogan,BUF,64.5,362,83.0,2014,Chris Hogan,2014,26,495000,2847345.5,-2352345.5
WR,Devin Hester,ATL,64.3,318,85.0,2014,Devin Hester,2014,31,3000000,2896800.0,103200.0
WR,Andre Holmes,LV,63.9,497,86.0,2014,Andre Holmes,2014,25,600000,2963466.7,-2363466.7
WR,Brandon Lloyd,SF,63.3,250,87.0,2014,Brandon Lloyd,2014,32,1005000,2339866.7,-1334866.7000000002
WR,Brian Hartline,MIA,63.0,515,89.0,2014,Brian Hartline,2014,27,6155000,2753200.0,3401800.0
WR,Jason Avant,KC,62.8,386,91.0,2014,Jason Avant,2014,30,1050000,2654400.0,-1604400.0
WR,Hakeem Nicks,IND,62.2,491,93.0,2014,Hakeem Nicks,2014,26,4000000,3188233.3,811766.7000000002
WR,Brandon Tate,CIN,62.0,329,94.0,2014,Brandon Tate,2014,26,1024000,3288233.3,-2264233.3
WR,Victor Cruz,NYG,61.8,211,96.0,2014,Victor Cruz,2014,27,8600000,3828233.3,4771766.7
WR,Preston Parker,NYG,61.8,425,96.0,2014,Preston Parker,2014,26,615000,3807233.3,-3192233.3
WR,Reggie Wayne,IND,61.7,686,98.0,2014,Reggie Wayne,2014,35,5833333,3241316.6,2592016.4
WR,Andre Roberts,WAS,61.2,497,101.0,2014,Andre Roberts,2014,26,4000000,3586316.6,413683.3999999999
WR,Wes Welker,DEN,60.9,546,102.0,2014,Wes Welker,2014,32,6000000,3271816.6,2728183.4
WR,Louis Murphy Jr.,TB,60.5,353,103.0,2014,Louis Murphy Jr.,2014,26,795000,3739416.6,-2944416.6
WR,Kenbrell Thompkins,LV,60.3,272,104.0,2014,Kenbrell Thompkins,2014,25,495833,2936416.6,-2440583.6
WR,Riley Cooper,PHI,59.1,590,107.0,2014,Riley Cooper,2014,26,4500000,2924416.6,1575583.4
WR,Derek Hagan,TEN,58.9,214,108.0,2014,Derek Hagan,2014,29,855000,2491083.3,-1636083.2999999998
WR,Danny Amendola,NE,58.9,410,108.0,2014,Danny Amendola,2014,28,5700000,2417083.3,3282916.7
WR,Jeremy Ross,DET,58.8,519,110.0,2014,Jeremy Ross,2014,25,570000,2609483.3,-2039483.2999999998
WR,Brian Tyms,NE,58.0,92,112.0,2014,Brian Tyms,2014,25,495000,2602983.3,-2107983.3
WR,Lance Moore,PIT,57.2,210,113.0,2014,Lance Moore,2014,30,1500000,2673400.0,-1173400.0
WR,Brandon Gibson,MIA,56.6,332,114.0,2014,Brandon Gibson,2014,26,3260000,2358400.0,901600.0
WR,Mike Williams,BUF,55.2,128,116.0,2014,Mike Williams,2014,27,7924000,2352400.0,5571600.0
WR,Josh Morgan,CHI,52.5,271,121.0,2014,Josh Morgan,2014,28,730000,1842400.0,-1112400.0
WR,Dane Sanzenbacher,CIN,50.2,129,123.0,2014,Dane Sanzenbacher,2014,25,1200000,2680980.0,-1480980.0
WR,Andre Caldwell,DEN,48.9,107,124.0,2014,Andre Caldwell,2014,28,1350000,4252194.3,-2902194.3
WR,Seyi Ajirotutu,LAC,48.8,107,125.0,2014,Seyi Ajirotutu,2014,26,795000,5070765.7,-4275765.7
WR,David Nelson,NYJ,47.0,172,126.0,2014,David Nelson,2014,27,600000,5583965.7,-4983965.7
WR,Brandon Marshall,CHI,91.6,641,1.0,2013,Brandon Marshall,2013,28,8955800,9521464.8,-565664.8000000007
WR,Calvin Johnson,DET,89.9,565,3.0,2013,Calvin Johnson,2013,27,16207143,9144554.0,7062589.0
WR,Andre Johnson,HST,89.4,635,4.0,2013,Andre Johnson,2013,32,9685714,9181046.285714285,504667.71428571455
WR,Antonio Brown,PIT,89.1,630,5.0,2013,Antonio Brown,2013,25,8392000,8130915.5,261084.5
WR,Jordy Nelson,GB,86.0,715,10.0,2013,Jordy Nelson,2013,28,4366667,8171924.888888889,-3805257.888888889
WR,Marques Colston,NO,85.3,634,11.0,2013,Marques Colston,2013,29,7260000,7431232.4,-171232.40000000037
WR,DeSean Jackson,PHI,84.4,612,12.0,2013,DeSean Jackson,2013,26,9400000,7118985.7,2281014.3
WR,Steve Smith,CAR,82.3,501,17.0,2013,Steve Smith,2013,27,780000,7112557.1,-6332557.1
WR,Pierre Garcon,WAS,82.2,632,18.0,2013,Pierre Garcon,2013,26,8500000,6528985.7,1971014.2999999998
WR,Julian Edelman,NE,81.2,703,23.0,2013,Julian Edelman,2013,26,765000,6015785.7,-5250785.7
WR,Reggie Wayne,IND,80.9,274,24.0,2013,Reggie Wayne,2013,34,5833333,6690230.1,-856897.0999999996
WR,Larry Fitzgerald,ARZ,80.3,632,25.0,2013,Larry Fitzgerald,2013,29,16142857,6579730.1,9563126.9
WR,Malcom Floyd,LAC,79.3,57,28.0,2013,Malcom Floyd,2013,32,3850000,6086396.8,-2236396.8
WR,Brandon Gibson,MIA,79.2,201,29.0,2013,Brandon Gibson,2013,25,3260000,6868396.8,-3608396.8
WR,Vincent Jackson,TB,79.1,591,30.0,2013,Vincent Jackson,2013,30,11111111,6128396.8,4982714.2
WR,Brian Hartline,MIA,77.9,636,32.0,2013,Brian Hartline,2013,26,6155000,6201896.8,-46896.799999999814
WR,Nate Washington,TEN,77.9,584,32.0,2013,Nate Washington,2013,29,4466667,6738563.5,-2271896.5
WR,Victor Cruz,NYG,76.9,527,36.0,2013,Victor Cruz,2013,26,8600000,5574277.8,3025722.2
WR,Ted Ginn Jr.,CAR,75.1,391,37.0,2013,Ted Ginn Jr.,2013,27,1100000,5249277.8,-4149277.8
WR,Jerricho Cotchery,PIT,74.9,457,38.0,2013,Jerricho Cotchery,2013,30,1500000,4971611.1,-3471611.0999999996
WR,Dwayne Bowe,KC,74.8,628,39.0,2013,Dwayne Bowe,2013,28,11200000,4460500.0,6739500.0
WR,Eddie Royal,LAC,74.5,509,40.0,2013,Eddie Royal,2013,26,4500000,3916500.0,583500.0
WR,Andre Holmes,LV,74.5,261,40.0,2013,Andre Holmes,2013,24,600000,4369833.3,-3769833.3
WR,Rod Streater,LV,74.3,518,42.0,2013,Rod Streater,2013,25,483333,3719833.3,-3236500.3
WR,Wes Welker,DEN,74.2,639,43.0,2013,Wes Welker,2013,31,6000000,4179833.3,1820166.7000000002
WR,Robert Meachem,NO,73.8,204,45.0,2013,Robert Meachem,2013,28,715000,4089833.3,-3374833.3
WR,Greg Jennings,MIN,73.8,508,45.0,2013,Greg Jennings,2013,29,9000000,3219833.3,5780166.7
WR,Jerome Simpson,MIN,73.5,463,48.0,2013,Jerome Simpson,2013,27,2100000,3969833.3,-1869833.2999999998
WR,Danny Amendola,NE,72.7,458,53.0,2013,Danny Amendola,2013,27,5700000,4222333.3,1477666.7000000002
WR,David Nelson,NYJ,71.4,305,57.0,2013,David Nelson,2013,26,600000,4574000.0,-3974000.0
WR,Emmanuel Sanders,PIT,71.3,556,58.0,2013,Emmanuel Sanders,2013,25,2500000,4299000.0,-1799000.0
WR,Mike Wallace,MIA,69.9,658,63.0,2013,Mike Wallace,2013,26,12000000,4317500.0,7682500.0
WR,Harry Douglas,ATL,69.8,681,64.0,2013,Harry Douglas,2013,27,3125000,4237500.0,-1112500.0
WR,Lance Moore,NO,69.4,403,65.0,2013,Lance Moore,2013,29,4000000,4350833.3,-350833.2999999998
WR,Jacoby Jones,BLT,69.3,377,66.0,2013,Jacoby Jones,2013,28,3250000,3836333.3,-586333.2999999998
WR,Andre Caldwell,DEN,69.0,176,68.0,2013,Andre Caldwell,2013,27,900000,4618000.0,-3718000.0
WR,Sidney Rice,SEA,68.0,213,74.0,2013,Sidney Rice,2013,26,8200000,4434500.0,3765500.0
WR,James Jones,GB,67.9,588,75.0,2013,James Jones,2013,28,3233333,3946500.0,-713167.0
WR,Andrew Hawkins,CIN,67.9,129,75.0,2013,Andrew Hawkins,2013,26,555000,4134000.0,-3579000.0
WR,Santonio Holmes,NYJ,67.6,304,78.0,2013,Santonio Holmes,2013,28,8416667,3783583.3,4633083.7
WR,Tiquan Underwood,TB,65.8,378,86.0,2013,Tiquan Underwood,2013,25,665000,3588583.3,-2923583.3
WR,Roddy White,ATL,65.6,559,88.0,2013,Roddy White,2013,31,7120000,3614833.3,3505166.7
WR,Nate Burleson,DET,65.0,305,89.0,2013,Nate Burleson,2013,31,5000000,3169833.3,1830166.7000000002
WR,Kenbrell Thompkins,NE,64.4,387,91.0,2013,Kenbrell Thompkins,2013,24,495833,3638900.0,-3143067.0
WR,Kevin Ogletree,DET,63.4,232,95.0,2013,Kevin Ogletree,2013,25,1300000,3952150.0,-2652150.0
WR,Domenik Hixon,CAR,63.1,84,96.0,2013,Domenik Hixon,2013,28,1162500,3405483.3,-2242983.3
WR,Earl Bennett,CHI,62.8,387,98.0,2013,Earl Bennett,2013,26,3750000,3623983.3,126016.70000000019
WR,Mike Williams,TB,62.2,240,101.0,2013,Mike Williams,2013,26,7924000,3684840.4,4239159.6
WR,Mario Manningham,SF,61.3,108,104.0,2013,Mario Manningham,2013,26,3687500,3684840.4,2659.600000000093
WR,Jason Avant,PHI,61.2,521,105.0,2013,Jason Avant,2013,29,2950000,3690757.1,-740757.1000000001
WR,Donnie Avery,KC,58.6,525,110.0,2013,Donnie Avery,2013,28,2850000,3810757.1,-960757.1000000001
WR,Miles Austin,DAL,58.5,345,111.0,2013,Miles Austin,2013,28,7728571,3988440.4,3740130.6
WR,Santana Moss,WAS,58.1,468,112.0,2013,Santana Moss,2013,34,5000000,4582011.8,417988.2000000002
WR,Kris Durham,DET,55.4,586,118.0,2013,Kris Durham,2013,24,555000,4685191.8,-4130191.8
WR,Darrius Heyward-Bey,IND,54.0,410,122.0,2013,Darrius Heyward-Bey,2013,26,2500000,5937156.1,-3437156.0999999996
WR,Davone Bess,CLV,54.0,447,122.0,2013,Davone Bess,2013,27,2939333,6753267.2,-3813934.2
WR,Andre Johnson,HST,91.6,649,1.0,2012,Andre Johnson,2012,31,9685714,10615953.6,-930239.5999999996
WR,Brandon Marshall,CHI,90.4,579,4.0,2012,Brandon Marshall,2012,27,8955800,9818850.166666666,-863050.166666666
WR,Calvin Johnson,DET,89.9,796,5.0,2012,Calvin Johnson,2012,26,16207143,8697871.57142857,7509271.428571429
WR,Vincent Jackson,TB,89.6,615,6.0,2012,Vincent Jackson,2012,29,11111111,8673137.625,2437973.375
WR,Roddy White,ATL,89.3,760,7.0,2012,Roddy White,2012,30,7120000,8635381.555555556,-1515381.555555556
WR,Reggie Wayne,IND,88.6,795,9.0,2012,Reggie Wayne,2012,33,5833333,8171843.4,-2338510.4000000004
WR,Danny Amendola,LA,86.5,342,10.0,2012,Danny Amendola,2012,26,1972000,8154772.0,-6182772.0
WR,Pierre Garcon,WAS,84.4,239,13.0,2012,Pierre Garcon,2012,25,8500000,7320692.0,1179308.0
WR,Anquan Boldin,BLT,84.2,705,14.0,2012,Anquan Boldin,2012,31,8333333,6519977.7,1813355.2999999998
WR,Lance Moore,NO,83.2,503,15.0,2012,Lance Moore,2012,28,4000000,6360366.6,-2360366.5999999996
WR,Wes Welker,NE,82.4,754,17.0,2012,Wes Welker,2012,30,9515000,6398366.6,3116633.4000000004
WR,Domenik Hixon,NYG,81.6,279,18.0,2012,Domenik Hixon,2012,27,615000,6654233.3,-6039233.3
WR,Sidney Rice,SEA,81.6,519,18.0,2012,Sidney Rice,2012,25,8200000,6842033.3,1357966.7000000002
WR,Dwayne Bowe,KC,81.1,421,20.0,2012,Dwayne Bowe,2012,27,9515000,6287033.3,3227966.7
WR,Steve Smith,CAR,80.9,559,21.0,2012,Steve Smith,2012,32,7500000,5822450.0,1677550.0
WR,Antonio Brown,PIT,79.6,453,23.0,2012,Antonio Brown,2012,24,8392000,5822450.0,2569550.0
WR,Malcom Floyd,LAC,79.0,549,25.0,2012,Malcom Floyd,2012,31,3850000,5810950.0,-1960950.0
WR,Jason Avant,PHI,78.6,459,28.0,2012,Jason Avant,2012,28,2950000,5841950.0,-2891950.0
WR,Mario Manningham,SF,78.3,261,29.0,2012,Mario Manningham,2012,25,3687500,5794807.1,-2107307.0999999996
WR,Brandon Lloyd,NE,77.0,732,33.0,2012,Brandon Lloyd,2012,30,4000000,5569307.1,-1569307.0999999996
WR,DeSean Jackson,PHI,76.2,471,37.0,2012,DeSean Jackson,2012,25,9400000,5255973.8,4144026.2
WR,Brandon Stokley,DEN,76.2,447,37.0,2012,Brandon Stokley,2012,35,925000,4666773.8,-3741773.8
WR,Miles Austin,DAL,76.1,601,39.0,2012,Miles Austin,2012,27,7728571,4507523.8,3221047.2
WR,Marques Colston,NO,76.0,649,41.0,2012,Marques Colston,2012,28,7260000,4535857.1,2724142.9000000004
WR,Jordy Nelson,GB,75.5,484,44.0,2012,Jordy Nelson,2012,27,4366667,4839232.1,-472565.0999999996
WR,Randy Moss,SF,75.2,293,46.0,2012,Randy Moss,2012,34,2500000,4764232.1,-2264232.0999999996
WR,Davone Bess,MIA,74.4,459,48.0,2012,Davone Bess,2012,26,2257500,5438517.8,-3181017.8
WR,James Jones,GB,73.2,744,49.0,2012,James Jones,2012,27,3233333,5846017.8,-2612684.8
WR,Greg Jennings,GB,72.8,377,50.0,2012,Greg Jennings,2012,28,6721250,5149660.7,1571589.2999999998
WR,Jacoby Jones,BLT,72.5,375,52.0,2012,Jacoby Jones,2012,27,3250000,4998660.7,-1748660.7000000002
WR,Larry Fitzgerald,ARZ,69.4,705,57.0,2012,Larry Fitzgerald,2012,28,16142857,4608494.0,11534363.0
WR,Santana Moss,WAS,68.6,352,61.0,2012,Santana Moss,2012,33,5000000,4406827.3,593172.7000000002
WR,Derek Hagan,LV,68.5,180,63.0,2012,Derek Hagan,2012,27,765000,4270077.3,-3505077.3
WR,Josh Morgan,WAS,68.2,423,64.0,2012,Josh Morgan,2012,26,5750000,4321744.0,1428256.0
WR,Andrew Hawkins,CIN,67.6,434,66.0,2012,Andrew Hawkins,2012,25,465000,3923819.0,-3458819.0
WR,Rod Streater,LV,67.4,405,68.0,2012,Rod Streater,2012,24,483333,3890485.7,-3407152.7
WR,Braylon Edwards,NYJ,67.4,191,68.0,2012,Braylon Edwards,2012,28,890000,2726200.0,-1836200.0
WR,Earl Bennett,CHI,67.3,295,70.0,2012,Earl Bennett,2012,25,3750000,2352200.0,1397800.0
WR,Mike Wallace,PIT,67.1,571,71.0,2012,Mike Wallace,2012,26,2742000,2425700.0,316300.0
WR,Michael Jenkins,MIN,65.9,490,73.0,2012,Michael Jenkins,2012,29,2916667,2219450.0,697217.0
WR,Eddie Royal,LAC,65.7,204,76.0,2012,Eddie Royal,2012,25,4500000,2619616.7,1880383.2999999998
WR,Matt Willis,DEN,65.5,111,78.0,2012,Matt Willis,2012,28,1260000,2635283.4,-1375283.4
WR,Jerricho Cotchery,PIT,65.0,157,82.0,2012,Jerricho Cotchery,2012,29,1500000,2616283.4,-1116283.4
WR,Brad Smith,BUF,64.9,189,83.0,2012,Brad Smith,2012,28,3687500,2741283.4,946216.6000000001
WR,Nate Washington,TEN,64.4,564,84.0,2012,Nate Washington,2012,28,4466667,2897083.4,1569583.6
WR,Kevin Ogletree,DAL,64.1,361,85.0,2012,Kevin Ogletree,2012,24,640000,2681916.7,-2041916.7000000002
WR,Devin Aromashodu,MIN,64.0,234,86.0,2012,Devin Aromashodu,2012,27,700000,2278416.7,-1578416.7000000002
WR,Nate Burleson,DET,63.4,251,89.0,2012,Nate Burleson,2012,30,5000000,2218916.7,2781083.3
WR,Kevin Walter,HST,63.1,556,90.0,2012,Kevin Walter,2012,30,4300000,2268916.7,2031083.2999999998
WR,Chaz Schilens,NYJ,63.1,253,90.0,2012,Chaz Schilens,2012,26,765000,1966666.7,-1201666.7
WR,Jordan Shipley,JAX,63.1,199,90.0,2012,Jordan Shipley,2012,26,465000,1750000.0,-1285000.0
WR,Tiquan Underwood,TB,62.8,343,94.0,2012,Tiquan Underwood,2012,24,665000,1998500.0,-1333500.0
WR,Jerome Simpson,MIN,62.3,299,97.0,2012,Jerome Simpson,2012,26,2000000,2578500.0,-578500.0
WR,Donnie Avery,IND,60.1,750,107.0,2012,Donnie Avery,2012,27,665000,2726000.0,-2061000.0
WR,Ben Obomanu,SEA,59.5,65,109.0,2012,Ben Obomanu,2012,28,2300000,2844900.6,-544900.6000000001
WR,Harry Douglas,ATL,58.6,507,110.0,2012,Harry Douglas,2012,26,3125000,2900900.6,224099.3999999999
WR,Laurent Robinson,JAX,57.6,199,112.0,2012,Laurent Robinson,2012,26,6500000,3305400.6,3194599.4
WR,Robert Meachem,LAC,55.7,261,117.0,2012,Robert Meachem,2012,27,6475000,3538900.6,2936099.4
WR,Devin Hester,CHI,55.1,263,120.0,2012,Devin Hester,2012,27,5489006,3594150.6,1894855.4
WR,Deion Branch,NE,53.5,353,122.0,2012,Deion Branch,2012,32,1325000,3727650.6,-2402650.6
WR,Steve Breaston,KC,51.3,159,125.0,2012,Steve Breaston,2012,28,4510000,3886278.4444444445,623721.5555555555
WR,Devery Henderson,NO,50.5,475,126.0,2012,Devery Henderson,2012,29,3000000,3981438.25,-981438.25
WR,Mike Thomas,DET,47.4,311,127.0,2012,Mike Thomas,2012,24,2552500,3621643.714285714,-1069143.714285714
WR,Early Doucet,ARZ,47.1,326,128.0,2012,Early Doucet,2012,26,2000000,3146084.3333333335,-1146084.3333333335
