player,player_id,position,team_name,player_game_count,assists,avg_depth_of_tackle,declined_penalties,forced_fumbles,franchise_id,grades_coverage_defense,grades_defense,grades_defense_penalty,grades_pass_rush_defense,grades_run_defense,grades_tackle,missed_tackle_rate,missed_tackles,penalties,run_stop_opp,snap_counts_run,stop_percent,stops,tackles
Julius Peppers,1010,ED,GB,19,4,1.8,0,0,12,56.3,73.8,70.8,73.8,64.2,58.9,10.5,2,2,195,204,5.6,11,13
Dwight Freeney,1019,ED,ATL,17,2,0.7,1,0,2,60.0,68.9,69.1,69.4,53.9,47.6,16.7,1,3,83,86,3.6,3,3
James Harrison,1251,ED,PIT,18,11,1.8,0,0,25,73.9,89.6,75.8,85.4,80.5,81.9,6.5,3,1,241,244,9.5,23,32
Terence Newman,1321,CB,MIN,15,0,2.6,0,0,18,83.0,83.0,86.5,53.9,74.8,71.3,12.5,1,4,288,295,1.7,5,7
Terrell Suggs,1326,ED,BLT,15,5,0.5,1,0,3,61.2,69.7,33.1,67.9,71.9,61.8,9.1,2,5,221,231,5.9,13,15
Robert Mathis,1447,ED,IND,14,2,2.3,0,0,14,51.1,54.3,89.2,61.0,41.7,42.1,23.5,4,0,155,161,5.2,8,11
Cullen Jenkins,1637,DI,WAS,15,1,1.0,0,0,32,57.2,59.9,64.8,63.1,56.8,60.9,6.7,1,1,111,116,9.9,11,13
DeAngelo Hall,1729,S,WAS,3,0,5.8,0,0,32,53.2,55.4,79.3,54.9,64.9,57.1,16.7,1,0,73,73,2.7,2,5
Vince Wilfork,1742,DI,HST,17,5,1.3,0,0,13,59.3,59.0,64.5,56.5,60.7,77.0,7.7,2,2,272,282,5.9,16,19
Karlos Dansby,1754,LB,CIN,16,12,3.8,2,0,7,62.2,65.0,63.6,61.7,67.0,70.4,6.9,4,3,284,292,9.5,27,42
Daryl Smith,1760,LB,TB,16,5,2.8,0,0,30,60.6,57.5,85.2,51.3,56.4,66.4,9.5,2,0,237,242,4.6,11,14
Antonio Smith,1856,DI,HST,15,1,0.3,0,0,13,60.0,49.4,39.6,59.3,43.8,71.8,0.0,0,2,53,57,5.7,3,4
Mike Adams,1972,S,IND,15,5,10.7,0,2,14,70.1,75.9,89.3,59.5,86.2,77.7,10.8,4,0,368,380,1.4,5,28
Adam Jones,2223,CB,CIN,16,1,6.1,1,0,7,72.0,71.4,30.3,54.0,73.1,55.3,13.3,2,8,375,384,1.1,4,12
DeMarcus Ware,2228,ED,DEN,9,5,4.0,2,0,10,53.6,64.5,13.0,68.4,66.1,60.3,16.7,2,4,94,95,2.1,2,5
Thomas Davis Sr.,2231,LB,CAR,16,9,3.7,0,1,5,60.5,66.4,49.9,89.9,60.8,71.6,7.0,3,2,319,327,6.0,19,31
Derrick Johnson,2232,LB,KC,13,15,3.4,0,0,16,82.8,70.5,88.7,50.5,51.4,47.5,18.4,14,0,310,317,10.0,31,47
Jonathan Babineaux,2276,DI,ATL,19,3,1.9,0,0,2,53.0,53.3,73.6,53.9,57.5,27.4,20.0,5,1,164,172,8.5,14,17
Darren Sproles,2347,HB,PHI,2,0,30.0,0,0,24,,63.6,62.9,,61.7,71.4,0.0,0,1,2,2,0.0,0,1
Trent Cole,2363,ED,IND,7,3,3.2,0,0,14,43.2,62.5,85.0,61.3,62.2,32.9,18.8,3,0,88,90,9.1,8,10
Lorenzo Alexander,2476,ED,BUF,16,7,3.0,0,0,4,58.3,76.0,52.4,77.5,70.0,67.5,7.1,3,4,310,322,8.7,27,32
Ahmad Brooks,2945,ED,SF,16,12,2.5,3,1,28,63.2,59.6,23.6,56.1,68.2,47.9,13.0,6,8,415,425,5.1,21,28
Mario Williams,2946,ED,MIA,14,1,0.1,0,0,17,64.2,65.4,90.0,55.4,68.1,44.4,14.3,2,0,184,187,5.4,10,11
Donte Whitner,2953,S,WAS,10,8,8.3,0,1,32,52.8,57.2,49.2,50.1,70.5,86.1,5.9,2,1,203,208,3.4,7,24
Haloti Ngata,2957,DI,DET,14,3,1.9,0,0,11,53.5,58.7,63.5,52.8,69.1,45.2,6.7,1,2,193,204,5.7,11,11
Chad Greenway,2962,LB,MIN,16,8,1.5,0,0,18,41.9,54.8,82.1,56.4,67.0,48.9,14.8,4,0,216,223,6.0,13,15
Antonio Cromartie,2964,CB,IND,4,0,,1,0,14,52.0,52.7,82.7,,55.6,68.0,100.0,1,5,63,66,0.0,0,0
Tamba Hali,2965,ED,KC,17,6,3.9,2,0,16,78.0,77.8,50.2,72.7,72.8,85.2,0.0,0,3,175,180,5.7,10,17
Johnathan Joseph,2969,CB,HST,15,1,6.2,0,0,13,64.2,67.2,59.5,59.1,82.5,73.9,6.7,1,5,248,257,1.6,4,13
D'Qwell Jackson,2979,LB,IND,12,11,4.3,1,0,14,49.0,49.4,59.2,46.9,57.7,52.8,11.1,6,2,268,275,6.7,18,37
Roman Harper,2988,S,NO,11,1,5.0,0,0,20,55.4,50.2,0.0,43.6,58.1,52.1,13.3,2,3,97,98,5.2,5,12
Devin Hester,3002,WR,SEA,1,0,,0,0,29,,60.0,60.0,,60.0,,,0,0,1,1,0.0,0,0
Darryl Tapp,3008,ED,NO,15,2,2.1,0,0,20,61.8,74.8,87.7,67.1,70.8,78.5,0.0,0,0,135,135,10.4,14,15
Frostee Rucker,3036,DI,ARZ,13,3,1.1,0,1,1,62.8,56.3,64.8,57.3,55.0,45.7,15.4,2,0,134,136,4.5,6,8
Will Blackmon,3060,S,WAS,13,5,13.5,0,0,32,76.5,76.9,86.6,58.9,68.4,64.2,11.8,2,0,196,204,0.5,1,10
Stephen Tulloch,3061,LB,PHI,11,0,1.0,0,0,24,54.9,60.5,77.2,57.8,67.0,41.0,0.0,0,0,34,34,2.9,1,1
Domata Peko Sr.,3068,DI,CIN,16,9,1.8,0,0,7,60.9,54.6,65.9,55.1,55.3,42.4,9.1,3,2,282,287,5.7,16,21
Elvis Dumervil,3071,ED,BLT,8,0,3.7,0,0,3,52.7,76.5,85.4,72.2,68.6,55.0,0.0,0,0,59,61,6.8,4,6
Kyle Williams,3079,DI,BUF,15,11,2.8,0,0,4,44.4,73.3,69.8,60.3,82.3,28.8,14.5,8,2,314,328,8.3,26,36
Rob Ninkovich,3080,ED,NE,15,10,3.5,0,0,19,58.8,61.3,89.6,55.9,63.9,28.9,21.4,6,0,196,201,4.1,8,12
Kedric Golston,3141,DI,WAS,1,1,4.0,0,0,32,60.0,61.0,77.9,56.2,63.0,69.7,0.0,0,0,21,21,4.8,1,2
Antoine Bethea,3152,S,SF,16,10,7.1,0,1,28,54.1,59.4,67.4,50.5,69.7,81.9,4.8,3,1,504,516,4.0,20,49
Tom Johnson,3378,DI,MIN,14,6,2.2,0,0,18,80.9,64.2,43.1,66.0,57.5,36.5,11.1,2,2,113,115,6.2,7,10
Tony McDaniel,3423,DI,SEA,17,10,1.5,1,0,29,73.4,65.4,61.1,53.6,70.2,71.2,0.0,0,2,223,234,9.9,22,26
Tramon Williams,3558,CB,CLV,12,3,6.8,1,0,8,63.7,65.8,53.8,48.2,75.7,50.4,0.0,0,3,238,244,1.7,4,6
Brent Grimes,3589,CB,TB,16,0,7.9,2,0,30,87.4,88.6,87.2,60.0,83.4,86.7,5.9,1,4,378,389,1.3,5,16
Darrelle Revis,3630,CB,NYJ,15,3,3.0,1,0,22,62.3,63.8,65.5,,69.0,46.7,27.3,3,4,369,377,1.1,4,5
Lawrence Timmons,3631,LB,PIT,19,23,2.9,0,1,25,64.8,59.2,19.3,61.6,54.5,65.4,8.9,7,4,378,388,8.2,31,49
Leon Hall,3634,CB,NYG,12,1,11.6,0,1,21,65.4,65.6,84.7,63.1,58.6,59.4,25.0,2,0,111,113,0.9,1,5
Michael Griffin,3635,S,CAR,10,2,5.7,0,0,5,52.0,51.2,80.3,54.9,54.4,49.6,12.5,3,0,133,135,8.3,11,19
Reggie Nelson,3637,S,OAK,17,4,11.3,0,0,23,69.3,71.7,89.4,64.6,73.8,69.9,9.4,3,0,441,450,1.1,5,25
Alan Branch,3649,DI,NE,19,14,1.6,0,1,19,55.9,78.7,70.7,60.5,85.4,57.9,6.6,4,2,315,328,11.7,37,43
Paul Posluszny,3650,LB,JAX,16,16,2.8,0,0,15,82.6,82.0,88.2,69.9,70.6,68.9,11.3,8,0,404,413,8.4,34,47
Eric Weddle,3653,S,BLT,16,14,5.2,0,0,3,88.7,90.0,71.8,72.8,89.7,90.8,1.9,1,2,361,375,6.6,24,38
David Harris,3663,LB,NYJ,15,13,3.4,0,0,22,69.3,65.0,86.6,45.2,64.4,84.2,7.4,4,0,361,368,6.1,22,37
Justin Durant,3664,LB,DAL,12,8,6.2,0,0,9,55.5,54.6,0.0,77.1,59.7,80.0,7.1,1,4,73,74,4.1,3,5
Charles Johnson,3699,ED,CAR,13,4,1.4,0,1,5,64.7,78.0,56.3,70.3,78.7,66.0,16.7,3,3,177,181,5.6,10,11
Brandon Mebane,3701,DI,SD,10,0,1.9,0,0,27,69.1,86.2,86.8,74.7,77.9,63.9,11.1,2,0,165,169,6.7,11,16
Brian Robison,3718,ED,MIN,16,4,1.9,0,0,18,57.0,58.8,85.3,66.5,45.2,29.2,25.0,6,1,299,307,3.7,11,14
Paul Soliai,3724,DI,CAR,10,0,0.7,0,0,5,,51.7,45.7,65.7,46.4,71.6,0.0,0,1,65,66,9.2,6,6
Dashon Goldson,3742,S,ATL,2,0,,0,0,2,47.2,43.5,69.7,,60.0,22.9,,0,0,2,2,0.0,0,0
Corey Graham,3784,S,BUF,16,7,7.4,0,0,4,67.9,69.8,90.2,59.4,69.9,56.4,17.6,9,0,435,454,3.4,15,35
William Gay,3786,CB,PIT,19,6,5.3,1,0,25,79.2,80.0,67.5,74.8,72.3,57.1,22.7,5,3,273,280,1.8,5,11
Eric Weems,4097,WR,ATL,1,0,,0,0,2,,44.0,60.0,,45.2,24.8,100.0,1,0,1,1,0.0,0,0
James Ihedigbo,4147,S,BUF,4,0,11.3,0,0,4,58.7,52.9,80.9,51.3,51.0,45.1,18.2,2,0,88,91,3.4,3,9
Chris Long,4316,ED,NE,17,6,1.4,0,0,19,45.2,63.7,67.8,63.0,68.1,46.1,8.7,2,2,200,209,4.5,9,15
Glenn Dorsey,4319,DI,SF,12,7,3.1,1,0,28,50.1,44.4,53.7,49.4,48.9,33.0,13.8,4,2,224,231,4.9,11,18
Leodis McKelvin,4325,CB,PHI,13,3,7.3,0,0,24,61.6,62.2,85.5,,60.3,41.8,14.3,2,1,209,213,1.0,2,9
Dominique Rodgers-Cromartie,4330,CB,NYG,16,0,3.7,1,0,21,90.6,90.2,86.7,56.1,70.2,62.3,10.0,1,2,198,202,3.0,6,9
Aqib Talib,4334,CB,DEN,13,6,4.3,2,0,10,89.8,88.9,39.7,60.0,80.1,74.2,7.7,1,6,343,355,1.2,4,6
Brandon Flowers,4349,CB,SD,6,0,3.8,1,0,27,65.6,71.3,82.5,91.2,79.9,80.8,0.0,0,1,102,106,2.9,3,5
Tracy Porter,4354,CB,CHI,16,0,17.1,0,1,6,46.0,49.4,87.9,57.3,64.1,29.7,42.9,6,5,355,368,0.3,1,8
Calais Campbell,4364,DI,ARZ,16,9,1.7,0,0,1,60.2,91.2,70.3,89.2,89.7,68.6,2.4,1,2,301,312,8.0,24,31
Jason Jones,4368,ED,MIA,14,3,3.1,1,0,17,66.7,50.8,30.0,56.6,48.6,83.1,4.2,1,4,184,187,8.7,16,20
Kendall Langford,4380,DI,IND,7,1,1.4,0,0,14,58.6,44.1,85.7,51.6,40.5,42.3,10.0,1,0,95,98,8.4,8,8
Pat Sims,4391,DI,CIN,16,12,1.7,0,0,7,56.9,56.2,37.7,64.6,55.8,77.5,5.7,2,3,201,204,8.0,16,21
Cliff Avril,4406,ED,SEA,18,6,1.1,0,1,29,44.7,66.3,56.3,75.3,54.5,30.0,20.7,6,6,336,350,4.8,16,17
Philip Wheeler,4407,LB,ATL,19,4,2.5,0,0,2,59.8,59.3,43.6,50.4,67.3,40.1,5.3,1,2,166,170,5.4,9,14
Tyvon Branch,4414,CB,ARZ,6,1,11.0,1,0,1,69.1,69.5,83.2,54.6,69.0,71.1,10.0,1,1,86,90,1.2,1,8
William Hayes,4417,ED,LA,14,6,1.7,0,0,26,67.1,79.6,78.0,67.7,79.6,70.8,5.9,2,1,184,188,10.3,19,26
Dwight Lowery,4427,S,SD,16,3,11.3,0,1,27,73.1,67.9,68.2,50.5,54.3,64.8,20.8,5,2,355,363,1.4,5,16
Quintin Demps,4431,S,HST,14,4,7.8,0,1,13,83.1,86.1,89.8,64.2,82.9,73.5,6.3,2,1,255,265,3.5,9,26
Brandon Carr,4454,CB,DAL,17,2,5.0,1,0,9,63.7,64.0,90.3,55.7,58.2,56.3,23.1,3,3,320,326,0.6,2,8
Orlando Scandrick,4457,CB,DAL,13,0,3.8,1,1,9,69.9,67.9,14.0,55.5,70.8,63.9,0.0,0,5,205,207,1.5,3,6
Letroy Guion,4466,DI,GB,18,9,1.7,1,0,12,55.7,61.1,22.5,50.2,74.9,68.8,3.3,1,6,232,238,6.9,16,20
Matthew Slater,4467,WR,NE,1,0,,0,0,19,,60.0,60.5,,60.0,,,0,0,1,1,0.0,0,0
Erik Walden,4481,ED,IND,16,2,4.8,0,0,14,48.6,51.9,67.4,59.6,48.7,47.4,15.4,4,3,281,291,4.3,12,20
Ahtyba Rubin,4504,DI,SEA,18,6,2.6,0,3,29,60.3,61.2,88.3,55.7,61.2,70.2,3.1,1,0,321,336,5.3,17,25
Wesley Woodyard,4583,LB,TEN,16,6,3.0,0,0,31,63.4,74.2,54.3,71.6,78.6,58.7,4.9,2,3,242,255,8.3,20,33
Leger Douzable,4654,DI,BUF,16,6,2.3,0,0,4,65.0,60.6,73.7,54.9,60.9,68.6,5.1,2,1,222,232,9.5,21,31
Erin Henderson,4656,LB,NYJ,5,2,4.1,0,0,22,48.4,42.3,82.2,50.2,46.8,67.6,16.7,2,0,72,74,5.6,4,8
Wallace Gilberry,4763,ED,CIN,9,2,4.1,0,0,7,60.9,53.8,86.3,56.7,46.4,64.1,0.0,0,0,61,63,8.2,5,7
Jerrell Freeman,4888,LB,CHI,12,14,3.9,1,0,6,90.8,90.9,87.1,61.5,81.6,90.7,3.9,3,3,306,317,11.8,36,59
Cameron Wake,4907,ED,MIA,17,5,3.8,0,1,17,67.1,87.0,51.0,90.1,56.5,61.8,10.0,2,4,178,182,5.1,9,13
Tyson Jackson,4926,DI,ATL,19,2,3.8,0,0,2,60.0,58.9,52.6,56.8,62.1,43.5,13.3,2,2,179,187,3.4,6,11
Darrius Heyward-Bey,4930,WR,PIT,1,0,,0,0,25,,60.0,60.0,,60.0,,,0,1,1,1,0.0,0,0
Brian Orakpo,4936,ED,TEN,16,7,3.3,0,1,31,71.5,72.6,81.4,72.8,57.0,74.8,4.2,1,1,261,274,4.2,11,16
Malcolm Jenkins,4937,S,PHI,16,3,5.3,1,0,24,74.7,74.5,68.6,55.4,73.1,54.6,13.9,5,5,368,375,4.6,17,28
Brian Cushing,4938,LB,HST,15,12,2.9,0,0,13,73.7,65.3,61.4,47.7,59.8,84.1,5.4,3,1,291,301,11.0,32,41
Robert Ayers,4941,ED,TB,12,4,0.8,1,0,30,58.2,72.9,79.1,75.4,59.3,56.9,12.0,3,1,194,199,8.2,16,18
Vontae Davis,4948,CB,IND,14,0,1.3,1,0,14,52.8,52.7,38.5,75.5,55.6,54.7,57.1,4,9,286,296,1.0,3,3
Clay Matthews,4949,ED,GB,15,4,2.2,1,0,12,49.6,58.7,60.3,66.3,49.1,47.4,20.0,4,3,198,205,3.5,7,12
Ziggy Hood,4955,DI,WAS,16,7,2.5,0,1,32,70.8,51.2,67.4,52.2,50.3,58.8,5.7,2,2,265,272,7.2,19,26
Patrick Chung,4957,S,NE,19,7,6.2,3,0,19,48.3,54.4,87.8,52.2,65.5,72.6,9.1,4,3,390,403,3.3,13,33
James Laurinaitis,4958,LB,NO,3,2,5.5,0,0,20,46.4,33.9,80.8,57.0,30.3,60.0,0.0,0,0,84,86,1.2,1,6
Rey Maualuga,4961,LB,CIN,14,7,3.2,0,0,7,53.5,37.3,83.6,60.7,31.4,36.1,23.1,6,0,175,179,4.6,8,13
Darius Butler,4964,CB,IND,12,1,8.8,0,0,14,85.9,81.4,43.2,63.1,47.0,42.1,54.5,6,2,128,134,0.8,1,4
Jairus Byrd,4965,S,NO,16,9,7.5,0,0,20,70.5,70.2,88.4,53.4,68.3,85.4,8.3,2,0,310,317,1.6,5,13
Connor Barwin,4969,ED,PHI,16,5,2.4,0,0,24,71.1,60.2,92.0,55.3,58.4,75.0,5.3,1,0,246,249,4.5,11,13
Mike Mitchell,4970,S,PIT,19,10,11.6,0,0,25,71.2,69.0,28.7,51.2,74.0,89.9,5.3,2,5,389,400,1.3,5,26
Paul Kruger,4980,ED,NO,15,6,1.9,1,0,20,73.8,62.4,67.4,58.7,61.7,56.5,4.2,1,2,228,233,5.3,12,17
Sean Smith,4984,CB,OAK,16,4,4.3,1,0,23,74.3,74.0,88.9,,64.9,60.9,20.0,3,4,389,397,1.3,5,8
Sen'Derrick Marks,4985,DI,JAX,16,0,0.3,0,0,15,66.6,57.4,32.7,54.6,62.5,58.5,8.3,1,4,178,182,5.6,10,11
Michael Johnson,4993,ED,CIN,16,5,2.9,0,0,7,59.4,54.8,71.5,49.8,62.4,48.9,15.8,6,4,291,296,7.2,21,27
DeAndre Levy,4999,LB,DET,6,1,3.1,1,0,11,63.5,66.5,18.8,57.1,71.0,87.1,0.0,0,2,105,107,8.6,9,14
Roy Miller,5004,DI,JAX,6,1,1.8,0,0,15,60.1,59.7,83.2,53.3,61.4,74.2,0.0,0,0,79,81,11.4,9,10
Brandon Tate,5006,WR,BUF,1,0,,0,0,4,,60.0,60.0,,60.0,,,0,1,1,1,0.0,0,0
Lardarius Webb,5011,S,BLT,16,4,10.8,0,0,3,82.0,81.7,84.5,62.4,79.0,72.7,16.7,4,1,336,349,1.2,4,16
Jerraud Powers,5015,CB,BLT,13,2,1.7,0,0,3,60.6,60.8,84.8,63.4,55.6,61.5,16.7,1,1,148,155,1.4,2,3
Rashad Johnson,5018,S,TEN,14,1,7.4,1,1,31,60.6,63.0,85.6,50.0,67.9,40.1,16.7,3,1,172,180,2.9,5,14
Glover Quin,5035,S,DET,17,6,7.2,0,1,11,79.3,77.5,69.0,71.6,71.8,79.8,7.9,3,2,407,423,2.2,9,29
David Bruton,5037,S,WAS,4,0,9.0,0,0,32,60.7,55.2,79.2,56.7,45.8,29.2,26.7,4,0,96,97,3.1,3,11
Greg Toler,5055,CB,WAS,9,1,16.0,1,0,32,51.8,49.5,19.9,,47.6,39.9,28.6,2,2,93,95,1.1,1,4
Don Carey,5101,CB,DET,6,1,1.5,1,0,11,29.1,33.3,78.7,56.7,71.0,50.3,0.0,0,2,33,33,3.0,1,2
Cedric Peerman,5109,HB,CIN,1,0,,0,0,7,,60.0,60.0,,60.0,,,0,0,1,1,0.0,0,0
Brice McCain,5112,CB,TEN,16,2,5.8,3,0,31,65.8,64.1,63.5,49.9,56.3,51.9,25.0,2,8,198,208,1.0,2,4
Jason McCourty,5127,CB,TEN,14,2,13.6,0,0,31,63.5,65.6,88.7,,71.7,87.0,0.0,0,4,241,257,0.8,2,5
Captain Munnerlyn,5140,CB,MIN,15,5,13.1,2,0,18,66.3,66.5,85.7,58.0,62.7,80.3,7.1,1,4,173,175,1.2,2,8
Julian Edelman,5156,WR,NE,1,0,,1,0,19,,60.0,60.0,,60.0,,,0,4,1,1,0.0,0,0
Ricky Jean Francois,5168,DI,WAS,16,7,1.8,0,0,32,65.0,69.8,86.8,55.0,73.0,60.8,7.7,2,0,207,212,7.2,15,17
Clinton McDonald,5173,DI,TB,12,5,2.1,0,0,30,62.3,53.8,72.8,61.2,47.8,36.1,12.0,3,1,209,212,5.3,11,17
Chris Baker,5188,DI,WAS,16,12,2.1,0,0,32,56.9,76.9,89.1,66.1,77.2,59.4,6.7,3,0,286,292,7.0,20,30
Steve McLendon,5232,DI,NYJ,11,2,2.3,0,1,22,,61.7,68.6,54.5,65.8,67.9,3.8,1,1,167,171,12.0,20,23
Michael Bennett,5273,ED,SEA,13,3,0.4,3,0,29,82.6,81.8,9.5,66.5,91.1,52.0,8.6,3,10,255,267,9.8,25,29
Ramon Humber,5310,LB,BUF,10,0,2.0,0,0,4,75.6,77.6,74.6,66.3,68.4,79.3,0.0,0,0,31,31,9.7,3,3
Dan Skuta,5349,ED,JAX,13,2,2.3,0,0,15,59.5,65.2,86.7,56.6,67.5,82.3,0.0,0,0,153,157,7.2,11,15
Jonathan Casillas,5422,LB,NYG,17,8,3.2,1,1,21,55.6,59.7,63.8,51.5,67.9,62.7,4.3,2,1,331,338,7.3,24,37
Dannell Ellerbe,5442,LB,NO,9,4,3.4,0,0,20,60.5,58.6,55.4,64.7,52.8,65.2,8.0,2,2,135,138,7.4,10,19
Ndamukong Suh,5527,DI,MIA,17,11,2.6,1,0,17,78.3,80.2,14.5,73.2,83.2,77.7,0.0,0,9,387,395,9.0,35,45
Gerald McCoy,5528,DI,TB,15,5,1.9,1,0,30,50.5,77.0,50.8,81.4,65.7,50.8,3.4,1,5,268,277,6.7,18,23
Eric Berry,5530,S,KC,17,9,5.8,0,0,16,90.3,89.9,71.7,51.4,83.6,80.6,10.2,5,3,432,441,3.2,14,35
Joe Haden,5532,CB,CLV,13,3,7.3,0,0,8,60.0,61.3,87.7,56.9,62.5,45.3,12.5,2,5,360,372,1.7,6,11
C.J. Spiller,5534,HB,NYJ,1,0,,0,0,22,,60.0,60.0,,60.0,,,0,0,1,1,0.0,0,0
Tyson Alualu,5535,DI,JAX,14,8,3.3,0,1,15,60.1,61.3,63.7,53.9,65.9,58.3,9.7,3,3,277,281,5.1,14,20
Brandon Graham,5538,ED,PHI,16,7,1.0,0,0,24,56.0,91.4,60.3,91.4,80.5,57.4,12.3,7,4,267,273,12.4,33,43
Earl Thomas III,5539,S,SEA,11,7,6.9,0,0,29,80.3,79.6,55.1,,72.0,51.0,21.1,4,2,264,277,0.8,2,8
Jason Pierre-Paul,5540,ED,NYG,12,8,3.0,0,0,21,58.7,75.6,75.6,73.0,69.0,64.4,5.3,2,2,267,276,7.1,19,28
Derrick Morgan,5541,ED,TEN,15,10,0.7,0,0,31,59.8,73.3,83.1,69.9,68.5,52.4,4.5,1,1,237,245,4.2,10,11
Sean Weatherspoon,5544,LB,ATL,4,1,5.5,0,0,2,64.4,56.7,78.3,51.2,46.5,49.4,21.4,3,0,63,67,3.2,2,10
Kareem Jackson,5545,CB,HST,16,2,6.5,0,0,13,71.7,69.6,61.7,53.4,58.8,68.0,26.1,6,6,272,281,1.8,5,15
Dan Williams,5551,DI,OAK,17,5,2.9,0,0,23,51.9,71.5,69.5,72.8,67.0,65.5,0.0,0,1,187,192,5.3,10,13
Devin McCourty,5552,S,NE,19,6,7.7,0,0,19,92.1,91.1,89.1,55.8,83.4,90.6,4.5,2,0,392,405,2.3,9,36
Jared Odrick,5553,DI,JAX,6,3,3.2,0,1,15,60.0,50.2,3.4,51.8,62.9,76.9,0.0,0,5,115,118,7.8,9,11
Jerry Hughes,5556,ED,BUF,16,9,3.5,1,0,4,63.9,55.5,13.8,67.4,49.3,36.2,21.6,8,9,326,343,3.7,12,20
Patrick Robinson,5557,CB,IND,7,2,6.8,0,0,14,54.6,56.2,84.1,56.2,62.4,55.2,14.3,1,3,139,143,0.7,1,4
Nate Allen,5562,S,OAK,6,5,3.9,0,0,23,63.6,66.4,80.8,59.7,67.1,74.4,5.9,1,0,93,94,7.5,7,11
T.J. Ward,5563,S,DEN,14,11,6.3,0,2,10,65.2,66.7,66.7,62.2,67.1,57.6,16.3,8,6,390,402,3.6,14,30
Arrelious Benn,5564,WR,JAX,1,0,,0,0,15,,60.0,60.0,,60.0,,,0,0,1,1,0.0,0,0
Koa Misi,5565,LB,MIA,3,3,4.1,0,0,17,52.5,60.3,78.4,58.2,66.6,74.3,5.3,1,0,62,63,9.7,6,15
Lamarr Houston,5569,ED,CHI,1,1,,0,0,6,64.4,61.4,76.5,60.2,57.2,70.5,0.0,0,0,12,12,0.0,0,0
Linval Joseph,5571,DI,MIN,16,23,3.1,2,1,18,48.1,80.1,71.1,73.8,77.0,48.9,8.0,6,2,334,342,9.3,31,46
Carlos Dunlap,5579,ED,CIN,16,7,4.0,0,0,7,59.5,75.3,61.2,77.4,63.8,57.1,12.5,4,4,272,278,4.4,12,21
Sean Lee,5580,LB,DAL,16,16,3.1,0,0,9,79.8,78.5,85.2,54.0,74.9,79.2,5.5,4,0,308,314,11.4,35,53
Brandon Spikes,5587,ED,BUF,10,3,6.3,0,0,4,27.9,33.5,80.9,49.6,51.2,53.8,12.5,1,0,55,57,1.8,1,4
Morgan Burnett,5596,S,GB,18,6,6.0,0,0,12,71.3,75.6,84.8,74.4,77.2,83.8,8.0,4,3,375,387,4.8,18,40
Donald Butler,5603,LB,MIA,15,9,1.3,0,0,17,67.4,50.0,80.4,47.5,41.0,69.3,11.1,3,0,221,225,5.0,11,15
Earl Mitchell,5605,DI,MIA,10,6,0.6,0,0,17,61.3,57.5,64.9,74.4,43.7,53.8,11.1,2,1,146,147,6.2,9,10
Corey Peters,5607,DI,ARZ,15,3,1.7,1,0,1,29.2,67.3,46.1,59.0,75.4,58.4,4.5,1,3,227,234,5.7,13,18
NaVorro Bowman,5615,LB,SF,4,6,2.0,0,0,28,71.1,71.8,14.7,49.2,73.2,55.5,13.3,4,1,99,104,14.1,14,20
Everson Griffen,5624,ED,MIN,16,2,3.1,1,1,18,68.4,66.9,34.2,65.0,63.1,29.8,21.1,8,8,308,316,6.2,19,28
Perry Riley,5627,LB,OAK,12,7,3.8,0,1,23,65.2,75.6,86.5,59.7,81.2,81.5,2.6,1,0,283,286,6.7,19,30
Alterraun Verner,5628,CB,TB,8,0,6.3,0,0,30,66.0,66.0,83.8,60.0,60.4,68.5,25.0,1,1,74,76,1.4,1,3
Darrell Stuckey,5634,S,SD,6,0,3.0,0,0,27,47.0,50.1,77.5,60.0,68.6,82.4,0.0,0,0,11,11,9.1,1,1
Geno Atkins,5643,DI,CIN,16,5,1.8,1,0,7,59.9,87.0,79.0,86.0,71.2,48.6,17.2,5,1,254,261,6.3,16,19
Al Woods,5646,DI,TEN,12,3,1.4,0,0,31,60.0,57.1,59.3,51.4,61.4,61.3,0.0,0,1,127,131,7.9,10,12
O'Brien Schofield,5653,ED,ATL,2,0,,0,0,2,,54.2,76.6,52.1,60.3,,,0,0,3,4,0.0,0,0
Kam Chancellor,5656,S,SEA,14,9,3.8,0,0,29,78.5,81.6,25.6,90.7,82.5,90.4,4.1,2,5,331,347,6.9,23,38
Kendrick Lewis,5659,S,BLT,3,0,,0,0,3,66.6,67.0,72.7,59.8,60.0,73.3,,0,0,7,7,0.0,0,0
Perrish Cox,5660,CB,TEN,11,1,3.0,2,0,31,42.0,42.9,3.7,60.0,65.4,34.1,40.0,2,6,183,195,1.1,2,2
Sherrick McManis,5667,CB,CHI,1,0,,0,0,6,40.7,34.5,72.2,,39.1,81.2,,0,0,8,9,0.0,0,0
Nolan Carroll,5668,CB,PHI,16,1,13.0,1,0,24,61.5,61.4,66.8,,59.3,61.4,0.0,0,9,324,330,0.6,2,8
Cam Thomas,5669,DI,LA,16,7,2.7,1,0,26,56.0,62.0,34.0,58.9,68.1,64.8,5.6,1,3,186,191,4.3,8,10
Arthur Jones,5680,DI,IND,8,9,3.1,0,0,14,56.7,53.1,64.5,50.6,59.0,59.1,3.4,1,1,163,167,7.4,12,19
Reshad Jones,5686,S,MIA,6,4,6.2,0,0,17,86.4,85.3,82.8,59.9,71.2,71.3,7.1,2,0,184,188,6.0,11,22
Crezdon Butler,5687,CB,DET,2,0,,0,0,11,47.5,48.2,73.5,59.8,60.0,76.7,,0,0,3,3,0.0,0,0
Arthur Moats,5701,ED,PIT,15,1,4.5,0,0,25,56.9,51.3,87.6,54.0,46.6,80.9,0.0,0,0,136,140,3.7,5,6
Eugene Sims,5712,ED,LA,16,0,1.6,0,0,26,67.4,62.0,79.9,52.7,66.0,53.8,10.0,2,1,211,218,7.1,15,18
Antonio Brown,5718,WR,PIT,1,0,,3,0,25,,60.0,60.0,,60.0,,,0,9,1,1,0.0,0,0
Willie Young,5736,ED,CHI,16,14,1.5,2,0,6,64.7,60.6,8.5,62.0,67.9,49.1,12.1,4,10,272,284,4.4,12,15
Dekoda Watson,5740,ED,DEN,6,0,3.7,0,0,10,62.2,68.1,77.0,63.8,63.8,76.6,0.0,0,0,13,14,15.4,2,3
C.J. Wilson,5753,DI,CHI,6,3,1.0,0,0,6,60.0,76.8,81.6,66.8,73.5,73.6,0.0,0,0,73,74,9.6,7,7
Ricardo Mathews,5761,DI,PIT,17,3,1.9,0,0,25,58.0,57.1,85.1,49.6,65.3,76.1,0.0,0,0,117,119,6.8,8,9
Kurt Coleman,5767,S,CAR,15,12,6.0,0,0,5,72.5,73.3,87.6,72.8,69.1,79.2,8.2,4,0,327,335,5.2,17,33
Robert McClain,5771,CB,SD,12,1,3.3,1,0,27,47.5,46.0,32.5,57.2,48.0,30.5,21.4,3,3,101,103,5.9,6,10
Rafael Bush,5779,S,DET,17,4,7.2,0,0,11,60.3,63.8,85.5,82.9,64.8,75.8,10.0,2,0,139,145,4.3,6,14
Sergio Brown,5803,S,BUF,2,0,,0,0,4,,30.2,68.8,,45.4,21.5,100.0,1,0,4,4,0.0,0,0
Kyle Love,5806,DI,CAR,10,4,3.0,0,0,5,81.1,49.9,56.3,58.9,41.4,28.5,21.4,3,1,83,84,4.8,4,7
Vincent Rey,5811,LB,CIN,16,10,3.1,0,0,7,80.0,78.5,83.8,50.5,72.6,71.9,2.4,1,1,224,227,9.4,21,31
Darian Stewart,5820,S,DEN,16,9,7.3,1,0,10,72.8,71.1,48.6,54.0,69.6,62.9,17.0,8,2,433,447,2.5,11,30
Ben Garland,5839,DI,ATL,9,0,0.5,0,0,2,60.0,55.7,78.8,55.8,56.0,72.6,0.0,0,0,23,23,17.4,4,4
Tramaine Brock Sr.,5903,CB,SF,16,3,7.5,2,1,28,67.7,69.5,69.2,43.0,74.3,68.1,17.9,5,7,499,511,1.6,8,20
Chris Maragos,5906,S,PHI,2,0,,0,0,24,,43.2,69.5,,60.0,,,0,0,2,2,0.0,0,0
Barry Church,5924,S,DAL,13,12,6.6,0,0,9,81.4,86.1,87.5,67.4,89.2,81.7,4.9,2,1,226,231,3.1,7,27
Sam Shields,5943,CB,GB,1,0,3.0,0,0,12,39.9,47.8,78.1,,72.9,77.5,0.0,0,0,26,27,3.8,1,2
Frank Zombo,5945,ED,KC,17,3,3.1,0,0,16,29.5,54.4,71.5,53.9,71.1,67.5,10.7,3,1,239,245,5.4,13,22
Anthony Levine,6013,S,BLT,9,1,3.0,0,0,3,76.7,70.0,80.9,62.9,47.0,79.7,0.0,0,0,38,39,2.6,1,2
Albert McClellan,6022,ED,BLT,16,2,4.2,2,0,3,49.7,51.8,52.6,39.1,70.7,81.8,4.0,1,4,230,237,5.2,12,22
Mitch Unrein,6031,DI,CHI,13,7,2.4,0,0,6,60.2,67.6,84.9,53.9,71.6,69.1,0.0,0,0,214,223,7.9,17,18
Teddy Williams,6073,CB,CAR,2,0,6.0,0,0,5,60.7,61.8,76.5,,64.6,79.5,0.0,0,0,10,10,10.0,1,1
Andrew Sendejo,6118,S,MIN,14,10,6.9,0,1,18,60.4,64.1,64.2,58.6,73.5,52.0,11.1,3,2,292,299,1.7,5,14
Von Miller,6154,ED,DEN,16,4,2.5,0,1,10,64.4,90.5,37.6,89.6,90.3,79.0,3.9,2,7,362,373,9.9,36,45
Marcell Dareus,6155,DI,BUF,8,12,2.2,0,0,4,60.2,77.9,70.2,62.4,79.7,78.8,0.0,0,0,205,213,9.8,20,25
Patrick Peterson,6157,CB,ARZ,16,4,6.1,1,0,1,80.1,79.8,67.9,60.0,72.6,67.4,7.1,1,8,375,387,1.6,6,9
J.J. Watt,6163,DI,HST,3,0,2.0,0,0,13,,56.6,83.3,59.8,51.6,72.1,0.0,0,0,61,62,1.6,1,1
Nick Fairley,6165,DI,NO,16,6,2.6,0,0,20,57.9,60.7,46.1,67.0,55.5,59.4,0.0,0,4,228,234,7.9,18,25
Robert Quinn,6166,ED,LA,8,1,2.3,4,0,26,59.8,57.4,17.2,71.7,40.6,63.6,0.0,0,5,102,103,2.9,3,4
Ryan Kerrigan,6168,ED,WAS,16,3,0.6,0,0,32,40.0,76.9,74.8,78.3,67.4,64.5,0.0,0,1,281,290,5.3,15,16
Corey Liuget,6170,DI,SD,16,5,1.2,0,0,27,75.4,65.0,61.1,52.8,71.4,57.1,9.1,3,3,308,315,7.1,22,25
Prince Amukamara,6171,CB,JAX,14,3,7.5,1,0,15,63.8,66.3,89.9,54.3,70.1,81.3,0.0,0,4,321,327,0.9,3,11
Adrian Clayborn,6172,ED,ATL,14,1,1.8,1,0,2,64.3,60.3,67.0,59.9,55.9,49.4,20.0,3,2,134,141,6.7,9,11
Cameron Jordan,6176,ED,NO,16,8,0.9,2,0,20,67.5,90.0,63.9,86.5,78.7,66.4,8.9,4,4,337,344,7.7,26,33
Jimmy Smith,6179,CB,BLT,11,2,7.5,0,0,3,65.6,67.2,54.1,,75.9,76.0,0.0,0,5,194,203,1.0,2,2
Muhammad Wilkerson,6182,ED,NYJ,15,5,1.8,0,0,22,66.6,59.7,71.8,57.3,58.0,54.0,14.0,6,2,365,373,7.4,27,32
Cameron Heyward,6183,DI,PIT,7,3,2.0,0,0,25,63.3,66.5,46.1,70.8,58.4,75.3,0.0,0,2,115,122,6.1,7,9
Aaron Williams,6186,S,BUF,7,3,8.5,0,0,4,55.7,56.5,31.5,50.4,66.7,55.7,12.5,1,1,129,136,0.8,1,4
Jabaal Sheard,6189,ED,NE,18,5,2.8,0,0,19,78.9,77.2,89.8,65.2,73.0,60.3,12.0,3,0,201,211,6.5,13,17
Akeem Ayers,6191,ED,IND,16,0,2.7,0,0,14,84.3,73.3,62.9,62.5,63.8,56.2,14.3,2,1,125,129,7.2,9,12
Bruce Carter,6192,LB,NYJ,5,4,-0.7,0,0,22,68.2,72.9,79.2,64.0,69.0,82.8,0.0,0,0,52,56,5.8,3,3
Jarvis Jenkins,6193,DI,KC,17,1,3.0,1,0,16,60.2,61.8,37.5,55.5,68.6,61.8,6.3,1,2,119,121,7.6,9,14
Brooks Reed,6194,ED,ATL,18,4,1.4,0,0,2,71.3,70.5,90.9,68.7,58.9,34.3,17.4,4,0,197,205,5.6,11,15
Marcus Gilchrist,6202,S,NYJ,13,2,15.5,0,1,22,60.2,62.7,59.6,52.4,71.3,83.3,11.1,3,1,303,309,1.0,3,22
Stephen Paea,6205,DI,CLV,13,3,2.6,0,0,8,60.0,69.1,64.8,65.2,67.4,28.5,21.4,3,1,172,179,3.5,6,8
Terrell McClain,6217,DI,DAL,16,13,1.2,0,1,9,70.6,60.3,74.6,58.5,57.0,50.2,11.1,4,1,179,183,10.1,18,19
Kelvin Sheppard,6220,LB,NYG,17,9,3.6,0,0,21,51.8,39.1,84.3,44.0,38.5,69.3,10.3,3,0,248,256,3.2,8,17
Justin Houston,6222,ED,KC,6,3,2.4,0,0,16,57.5,75.8,86.9,70.4,74.4,72.0,9.5,2,0,146,147,6.8,10,16
Jurrell Casey,6229,DI,TEN,15,5,2.3,0,0,31,71.9,78.4,77.7,77.6,62.0,57.3,13.9,5,1,231,242,8.2,19,26
Mason Foster,6236,LB,WAS,16,20,5.5,0,0,32,80.4,79.6,32.9,69.0,72.5,89.3,4.2,3,2,347,355,7.8,27,49
Allen Bailey,6238,DI,KC,5,2,1.8,0,0,16,54.7,57.5,83.1,49.7,66.5,55.3,0.0,0,0,85,89,4.7,4,5
Shareece Wright,6241,CB,BLT,12,2,4.4,0,0,3,59.8,63.4,87.2,66.3,72.3,30.2,21.4,3,1,239,247,2.1,5,9
Akeem Dent,6243,LB,HST,11,1,3.0,0,0,13,59.2,59.8,81.6,50.3,62.3,75.3,0.0,0,0,78,79,2.6,2,2
Chris Conte,6245,S,TB,14,6,11.3,0,0,30,48.3,46.0,0.0,52.5,52.8,60.3,22.2,8,7,269,276,0.7,2,22
K.J. Wright,6251,LB,SEA,18,17,3.1,1,1,29,65.9,75.6,54.7,70.2,82.9,91.2,4.0,3,3,457,478,7.2,33,55
Da'Norris Searcy,6252,S,TEN,14,1,5.1,0,0,31,66.9,68.2,85.6,56.1,67.4,61.4,15.8,3,1,161,171,4.3,7,15
Sam Acho,6255,ED,CHI,16,5,2.2,0,0,6,75.1,60.4,86.9,52.2,57.3,50.9,18.2,4,0,206,212,3.9,8,13
Chimdi Chekwa,6265,CB,MIA,1,0,,0,0,17,45.5,46.3,73.7,,60.0,75.4,,0,0,1,1,0.0,0,0
Chris Prosinski,6273,S,CHI,11,2,8.4,0,0,6,62.0,66.6,82.0,59.2,73.4,90.1,0.0,0,0,58,60,1.7,1,5
Taiwan Jones,6277,HB,OAK,1,0,,1,0,23,,60.5,88.1,,60.0,,,0,1,1,1,0.0,0,0
Davon House,6283,CB,JAX,13,0,4.8,2,0,15,43.2,48.9,83.4,60.0,71.0,61.2,0.0,0,5,106,109,2.8,3,6
Buster Skrine,6289,CB,NYJ,14,0,6.1,2,0,22,56.0,59.2,38.5,90.9,67.6,53.9,27.3,3,9,311,317,1.3,4,8
Karl Klug,6294,DI,TEN,14,4,2.8,0,0,31,60.4,77.3,86.8,71.5,70.3,46.8,10.5,2,0,116,125,6.9,8,13
Jeremy Kerley,6305,WR,SF,1,0,,0,0,28,,60.0,60.0,,60.0,,,0,0,1,1,0.0,0,0
Richard Sherman,6306,CB,SEA,18,2,4.0,1,0,29,76.9,79.3,89.7,58.8,81.0,73.4,16.0,4,8,448,469,2.2,10,19
Chris Carter,6314,ED,IND,1,0,,0,0,14,62.9,61.9,69.2,56.9,60.0,69.9,,0,0,1,1,0.0,0,0
Pernell McPhee,6317,ED,CHI,9,6,1.3,0,0,6,67.6,67.7,60.7,69.0,59.7,45.3,21.1,4,1,109,112,7.3,8,9
Byron Maxwell,6325,CB,MIA,13,3,4.8,2,1,17,74.5,71.5,39.5,60.0,57.5,73.7,26.7,4,10,301,307,2.0,6,8
Aldrick Robinson,6330,WR,ATL,1,0,,0,0,2,,60.0,60.0,,60.0,,,0,0,1,1,0.0,0,0
Colin Jones,6342,S,CAR,1,0,,0,0,5,65.3,49.5,70.0,,39.6,29.8,100.0,1,0,4,4,0.0,0,0
Cliff Matthews,6382,DI,ATL,3,0,,0,0,2,,47.4,78.3,51.2,50.9,,,0,0,9,10,0.0,0,0
Lawrence Guy,6385,DI,BLT,16,4,1.6,0,1,3,60.0,73.4,58.1,57.0,84.8,78.1,0.0,0,2,182,189,8.8,16,18
Andrew Gachkar,6386,LB,DAL,5,1,2.7,0,0,9,40.6,44.5,76.0,57.9,58.6,81.6,0.0,0,0,26,27,11.5,3,3
Malcolm Smith,6394,LB,OAK,16,12,5.5,3,1,23,48.7,55.5,10.0,62.2,69.0,68.5,7.5,5,10,373,381,7.5,28,50
Spencer Paysinger,6419,LB,MIA,12,3,6.1,0,0,17,69.8,65.1,83.5,55.2,55.6,50.3,23.8,5,1,104,105,5.8,6,13
Chris Harris Jr.,6457,CB,DEN,16,3,10.0,3,0,10,90.6,90.2,68.8,56.2,71.4,89.6,10.0,2,7,420,432,1.0,4,15
Sealver Siliga,6483,DI,TB,10,2,2.8,0,0,30,60.0,59.2,83.6,52.6,60.7,73.0,0.0,0,0,88,90,3.4,3,5
Andre Holmes,6489,WR,OAK,1,0,,1,0,23,,60.1,64.0,,60.0,,,0,1,1,1,0.0,0,0
Josh Bynes,6503,LB,DET,10,8,3.3,0,0,11,56.8,57.1,82.4,46.1,60.7,52.5,21.2,7,0,179,188,5.0,9,18
Nick Bellore,6515,LB,SF,12,9,2.5,0,0,28,61.0,59.3,85.6,62.8,55.6,49.2,14.5,8,1,324,330,9.6,31,38
Mario Addison,6558,ED,CAR,14,1,-0.6,0,0,5,71.3,81.9,48.6,76.0,72.0,57.7,10.0,1,3,95,99,7.4,7,8
DuJuan Harris,6595,HB,SF,1,0,,0,0,28,,60.0,60.0,,60.0,,,0,1,1,1,0.0,0,0
Cedric Thornton,6607,DI,DAL,14,3,1.0,0,0,9,60.3,52.5,42.8,61.1,49.6,54.4,7.1,1,2,104,106,7.7,8,10
Jeron Johnson,6621,S,SEA,1,0,9.0,0,0,29,64.3,67.1,72.3,,63.2,55.2,0.0,0,0,6,6,0.0,0,1
Michael Morgan,6623,LB,SEA,11,0,-1.6,1,0,29,58.6,64.6,38.4,73.0,67.6,79.3,0.0,0,2,101,105,5.0,5,5
Ron Parker,6625,S,KC,17,10,7.6,2,1,16,74.5,72.8,86.0,51.9,67.1,72.2,11.4,4,3,435,445,1.6,7,21
Jonathan Freeny,6633,LB,NE,4,1,3.3,0,1,19,48.6,55.0,79.0,49.5,68.9,62.2,0.0,0,1,37,38,2.7,1,3
Justin Trattou,6669,ED,MIN,3,0,,0,0,18,,34.2,82.8,51.9,51.1,,,0,0,3,3,0.0,0,0
Bryan Braman,6699,ED,PHI,3,0,4.0,0,0,24,,76.0,97.9,66.7,61.4,70.5,0.0,0,0,3,3,33.3,1,1
Isa Abdul-Quddus,6722,S,MIA,15,9,8.1,1,0,17,70.2,67.3,11.7,67.5,65.1,63.5,14.0,6,4,355,360,3.7,13,28
Mark Herzlich,6767,LB,NYG,5,0,,0,0,21,62.9,66.4,73.3,60.0,63.8,,,0,0,11,11,0.0,0,0
Corbin Bryant,6825,DI,BUF,8,2,2.3,0,0,4,58.2,56.1,56.9,52.1,60.7,42.0,18.2,2,1,119,126,4.2,5,7
Sterling Moore,6871,CB,NO,13,5,15.8,1,0,20,63.7,62.3,87.7,66.2,46.3,59.4,26.7,4,6,280,283,0.4,1,6
Chase Reynolds,6892,HB,LA,1,0,,0,0,26,,60.0,60.4,,60.0,,,0,0,1,1,0.0,0,0
Michael Wilhoite,6989,LB,SF,14,4,4.8,0,1,28,65.8,44.8,84.5,65.0,28.7,69.2,3.6,1,0,243,247,3.7,9,23
Craig Robertson,7003,LB,NO,15,13,2.8,0,0,20,48.2,59.9,88.7,53.3,75.6,59.5,4.1,3,1,336,343,11.0,37,57
Morris Claiborne,7012,CB,DAL,8,0,9.0,0,0,9,77.7,74.3,7.5,60.0,60.9,65.3,28.6,2,6,127,131,1.6,2,5
Mark Barron,7013,LB,LA,16,13,3.6,1,0,26,72.3,65.0,55.8,46.0,61.6,69.3,7.4,5,4,394,404,8.4,33,50
Luke Kuechly,7015,LB,CAR,10,15,3.0,0,0,5,85.5,91.0,87.4,82.7,86.2,90.5,1.9,1,1,220,225,10.5,23,36
Stephon Gilmore,7016,CB,BUF,15,1,6.0,1,0,4,61.5,63.6,73.9,77.8,66.9,48.8,20.0,3,8,389,408,1.0,4,11
Dontari Poe,7017,DI,KC,17,7,3.1,0,0,16,68.2,62.4,89.2,59.7,58.6,48.2,10.3,3,0,325,333,4.0,13,19
Fletcher Cox,7018,DI,PHI,16,8,1.3,0,0,24,64.4,84.7,41.6,78.9,80.2,53.7,5.9,2,5,273,279,7.0,19,24
Michael Brockers,7020,DI,LA,14,10,1.7,0,0,26,64.5,79.3,52.5,64.2,81.6,76.9,0.0,0,2,186,190,5.9,11,12
Bruce Irvin,7021,ED,OAK,17,3,1.9,4,2,23,85.3,75.4,24.7,67.6,75.3,70.9,7.3,3,8,377,386,6.6,25,35
Dre Kirkpatrick,7023,CB,CIN,15,3,7.9,0,0,7,71.0,68.9,45.2,58.6,59.6,29.8,29.4,5,9,338,346,0.9,3,9
Melvin Ingram III,7024,ED,SD,16,6,2.9,1,2,27,74.4,83.9,12.6,82.5,79.5,48.0,19.0,8,8,355,361,5.4,19,28
Shea McClellin,7025,ED,NE,17,7,3.4,0,0,19,67.9,65.6,66.0,58.4,64.6,55.2,16.7,3,1,155,160,3.2,5,8
Chandler Jones,7027,ED,ARZ,16,5,2.3,0,0,1,88.3,87.1,74.4,84.8,66.4,67.4,9.4,3,2,326,336,5.5,18,24
Dont'a Hightower,7030,LB,NE,16,8,2.5,2,1,19,72.6,78.2,54.5,86.3,64.8,64.6,14.3,6,4,291,303,6.9,20,28
Whitney Mercilus,7031,ED,HST,17,7,2.3,1,0,13,57.5,81.5,54.7,83.9,71.6,58.8,12.2,6,4,358,370,7.0,25,36
Nick Perry,7033,ED,GB,17,10,2.4,0,0,12,72.9,75.9,56.2,65.0,82.8,73.6,8.7,4,3,220,225,12.7,28,32
Courtney Upshaw,7039,ED,ATL,16,3,1.3,0,1,2,53.3,60.0,69.3,58.8,63.1,37.3,6.3,1,1,96,99,12.5,12,12
Derek Wolfe,7040,DI,DEN,14,14,3.2,0,0,10,61.2,70.2,66.0,58.9,75.5,71.0,4.1,2,2,249,258,9.6,24,33
Andre Branch,7042,ED,MIA,17,8,1.4,0,1,17,59.1,62.3,61.2,62.1,61.7,57.5,9.7,3,4,296,303,5.4,16,20
Jackrabbit Jenkins,7043,CB,NYG,16,0,8.3,2,0,21,83.2,82.5,47.8,67.5,76.1,61.8,30.0,3,8,360,370,0.6,2,7
Mychal Kendricks,7049,LB,PHI,15,0,3.6,0,0,24,47.3,64.0,77.4,78.7,74.0,38.7,18.2,4,0,156,158,6.4,10,18
Bobby Wagner,7050,LB,SEA,18,22,3.9,0,0,29,65.2,86.4,69.4,86.9,91.3,90.3,5.7,6,2,466,487,9.0,42,78
Tavon Wilson,7051,S,DET,16,9,4.8,2,0,11,73.4,77.3,17.6,68.9,83.7,82.5,4.4,2,5,327,341,5.8,19,34
Kendall Reyes,7052,DI,KC,12,1,6.0,0,0,16,60.4,55.1,84.1,61.4,50.1,76.1,0.0,0,0,122,124,6.6,8,18
Jerel Worthy,7054,DI,BUF,13,4,0.9,0,0,4,,63.1,44.8,56.8,66.9,74.5,0.0,0,1,78,82,10.3,8,9
Zach Brown,7055,LB,BUF,16,18,4.0,0,1,4,75.6,75.7,68.5,65.6,70.4,65.9,8.0,7,2,428,448,8.9,38,62
Devon Still,7056,DI,HST,3,0,2.0,0,0,13,,52.5,75.7,52.6,55.5,69.2,0.0,0,0,17,17,5.9,1,2
Lavonte David,7060,LB,TB,16,10,2.0,0,0,30,74.0,63.7,70.8,55.5,51.4,56.7,13.0,6,1,399,409,4.8,19,30
Vinny Curry,7061,ED,PHI,16,4,1.4,0,0,24,65.3,71.4,61.0,69.2,65.4,56.3,14.3,3,1,130,135,6.2,8,14
Casey Hayward Jr.,7064,CB,SD,16,1,3.9,2,0,27,83.6,82.8,68.1,57.3,72.1,67.9,14.3,2,6,347,355,2.3,8,11
Trumaine Johnson,7067,CB,LA,14,1,8.7,1,0,26,73.9,70.0,66.9,51.7,49.9,44.7,46.7,7,4,341,349,0.6,2,7
Olivier Vernon,7074,ED,NYG,17,17,2.0,1,0,21,70.5,74.9,60.7,65.4,79.1,34.9,12.5,7,6,380,391,7.1,27,32
Demario Davis,7079,LB,CLV,16,18,4.1,0,1,8,62.7,61.5,84.9,64.9,57.2,64.7,9.1,7,0,380,391,7.4,28,52
Tyrone Crawford,7083,ED,DAL,15,4,0.5,0,0,9,63.8,60.5,81.7,64.3,48.0,43.9,13.6,3,1,197,202,6.6,13,15
Sean Spence,7087,LB,TEN,15,7,3.0,1,0,31,63.7,64.2,85.0,68.6,56.9,89.9,0.0,0,1,135,143,6.7,9,14
John Hughes,7088,DI,TB,6,1,3.5,0,0,30,60.0,55.3,22.6,54.2,61.2,71.7,0.0,0,1,42,46,9.5,4,4
Akiem Hicks,7090,DI,CHI,16,12,2.5,0,1,6,67.8,76.6,32.2,67.8,80.6,70.9,4.0,2,7,359,373,7.8,28,36
Nigel Bradham,7105,LB,PHI,16,14,2.5,0,0,24,78.2,75.9,31.5,68.1,71.8,62.7,6.0,3,3,364,371,6.3,23,33
Kyle Wilber,7113,LB,DAL,8,0,1.0,0,0,9,59.4,59.5,81.0,55.2,62.3,33.0,0.0,0,0,22,22,4.5,1,1
Jaye Howard Jr.,7114,DI,KC,8,5,2.4,0,0,16,63.2,65.8,85.8,56.5,66.8,67.1,4.3,1,0,136,142,9.6,13,17
Coty Sensabaugh,7115,CB,NYG,9,0,3.6,0,0,21,50.1,56.7,83.3,66.9,76.6,84.3,0.0,0,1,91,91,6.6,6,10
Keenan Robinson,7119,LB,NYG,17,8,3.7,0,0,21,63.9,49.8,64.1,39.3,37.6,67.3,9.7,3,1,229,235,5.7,13,20
Ron Brooks,7124,CB,PHI,6,0,6.0,0,0,24,50.5,48.2,15.7,52.4,50.6,39.2,25.0,2,1,60,63,3.3,2,6
Jared Crick,7126,DI,DEN,16,15,2.6,0,0,10,67.4,57.9,80.3,54.6,56.5,71.4,1.9,1,1,396,406,7.1,28,37
Mike Daniels,7132,DI,GB,19,9,1.4,0,0,12,58.0,78.2,31.7,74.6,77.7,31.8,11.6,5,6,300,309,9.3,28,29
Tahir Whitehead,7135,LB,DET,16,14,5.2,1,0,11,48.3,48.8,68.7,42.6,57.2,68.7,12.7,10,3,387,401,7.0,27,55
Robert Blanton,7136,S,BUF,9,1,7.0,1,0,4,52.7,52.6,18.5,,63.6,79.4,12.5,1,3,74,78,4.1,3,6
Najee Goode,7137,LB,PHI,3,0,,0,0,24,60.0,62.3,66.4,,60.1,,,0,0,3,3,0.0,0,0
Tank Carder,7141,ED,CLV,6,0,5.0,0,0,8,70.6,70.1,78.2,54.1,66.4,75.6,0.0,0,0,18,20,0.0,0,1
Korey Toomer,7147,LB,SD,12,5,2.9,0,1,27,68.5,73.0,83.9,61.6,72.4,66.8,4.8,2,0,177,180,14.1,25,35
Jack Crawford,7151,ED,DAL,17,4,3.8,0,0,9,57.5,46.6,67.6,50.0,49.2,29.8,17.4,4,2,190,196,4.2,8,15
George Iloka,7159,S,CIN,16,7,10.3,0,0,7,69.4,68.0,68.6,51.2,66.0,77.6,16.7,6,2,376,385,1.1,4,23
Asa Jackson,7161,CB,DET,4,0,,0,0,11,42.8,44.5,79.5,56.5,55.9,61.6,,0,1,32,33,0.0,0,0
Jeremy Lane,7164,CB,SEA,18,2,3.8,2,0,29,54.6,55.2,42.2,48.7,64.1,37.8,11.8,2,5,294,310,3.4,10,13
Keith Tandy,7166,S,TB,13,5,8.2,0,0,30,90.5,91.4,85.3,57.0,83.7,71.3,6.5,2,0,157,162,5.7,9,24
Winston Guy,7171,S,IND,2,1,7.0,0,0,14,46.2,51.3,76.1,59.9,72.5,46.0,0.0,0,1,30,30,0.0,0,1
Danny Trevathan,7177,LB,CHI,9,3,3.7,0,0,6,57.4,65.0,50.1,62.6,73.5,74.5,4.7,2,1,215,221,11.6,25,38
Billy Winn,7190,DI,DEN,16,3,2.1,0,0,10,,55.7,85.8,49.3,59.7,76.0,0.0,0,0,163,168,6.7,11,12
Nate Ebner,7193,S,NE,5,0,,0,0,19,63.6,65.0,86.7,56.7,63.0,,,0,0,11,12,0.0,0,0
Audie Cole,7195,LB,MIN,4,1,9.0,0,0,18,66.0,63.0,75.9,,58.9,55.5,20.0,1,0,27,27,7.4,2,3
Nate Stupar,7214,LB,NO,15,1,4.4,1,1,20,44.7,52.2,47.4,53.2,66.0,39.3,18.5,5,1,163,167,8.6,14,21
Cam Johnson,7221,ED,CLV,12,6,2.7,0,0,8,69.9,67.5,45.0,79.3,58.3,72.9,3.4,1,2,211,218,7.6,16,22
Antonio Allen,7224,S,NYJ,1,0,,0,0,22,63.7,61.9,73.5,55.8,60.0,71.4,,0,0,1,1,0.0,0,0
Trevin Wade,7227,CB,NYG,13,0,2.0,0,0,21,50.5,50.9,84.1,43.7,58.3,78.7,0.0,0,4,99,103,2.0,2,2
Peyton Thompson,7235,S,JAX,3,1,,0,0,15,62.5,65.5,78.7,62.6,72.0,82.2,0.0,0,0,21,21,0.0,0,0
Rodney McLeod,7271,S,PHI,16,3,11.9,0,0,24,70.1,71.6,47.2,90.4,69.3,69.3,18.2,8,2,364,371,3.0,11,33
Michael Thomas,7279,S,MIA,17,2,10.6,0,0,17,52.9,56.7,85.5,84.2,57.3,61.7,18.5,5,2,250,258,2.4,6,20
Vontaze Burfict,7280,LB,CIN,11,7,3.7,0,0,7,76.5,83.3,57.6,79.1,79.7,64.6,10.7,6,2,256,262,10.2,26,43
Tashaun Gipson Sr.,7288,S,JAX,16,3,11.4,0,0,15,47.4,53.1,86.9,52.6,66.0,86.9,5.6,1,1,397,405,0.5,2,14
L.J. Fort,7292,LB,PIT,2,1,0.0,0,0,25,47.0,52.3,92.7,63.4,58.9,41.0,0.0,0,0,17,18,5.9,1,1
Duke Ihenacho,7297,S,WAS,13,6,6.2,0,0,32,67.4,61.9,57.4,69.5,47.8,34.9,21.7,10,1,234,242,5.6,13,30
Robert Golden,7303,S,PIT,13,1,6.3,0,0,25,50.4,51.9,83.4,51.3,59.4,70.7,13.3,2,0,141,147,4.3,6,12
Damon Harrison Sr.,7355,DI,NYG,17,10,2.3,0,1,21,62.6,89.9,90.2,59.2,91.6,60.5,7.5,6,0,332,341,15.7,52,64
Valentino Blake,7362,CB,TEN,9,1,0.3,1,0,31,53.8,55.9,36.6,,77.6,78.4,16.7,1,2,82,85,3.7,3,4
Ryan Davis Sr.,7365,ED,DAL,8,1,1.0,0,0,9,60.0,62.4,53.2,61.2,64.2,73.6,0.0,0,1,41,41,2.4,1,2
Julian Stanford,7372,LB,NYJ,5,4,4.7,1,0,22,30.2,29.5,20.3,56.1,40.1,28.0,8.3,1,3,78,79,3.8,3,7
Johnson Bademosi,7374,CB,DET,8,0,8.0,1,0,11,66.1,65.7,83.6,,58.8,31.1,33.3,2,3,102,104,0.0,0,4
Leonard Johnson,7385,CB,CAR,10,2,5.0,1,0,5,47.2,46.3,44.6,62.8,44.6,31.7,50.0,5,2,85,88,1.2,1,3
Kelcie McCray,7396,S,SEA,9,7,6.6,0,0,29,45.2,52.7,81.4,54.0,68.4,57.3,10.5,2,0,132,137,4.5,6,10
Derrick Shelby,7400,DI,ATL,6,2,-0.6,0,0,2,58.9,51.9,59.6,55.7,52.1,41.5,12.5,1,1,63,65,7.9,5,5
Tony Jerod-Eddie,7432,DI,SF,7,0,4.3,0,0,28,,57.5,80.3,49.8,62.9,71.4,0.0,0,0,41,42,7.3,3,4
DeShawn Shead,7450,CB,SEA,17,6,5.1,1,0,29,63.5,65.7,48.8,41.3,76.7,83.0,3.7,1,3,373,391,3.5,13,20
Tyrunn Walker,7459,DI,DET,16,4,1.7,0,0,11,67.3,58.1,85.6,64.8,48.9,67.8,4.3,1,0,168,172,6.0,10,18
Brandon Bolden,7469,HB,NE,1,0,,0,0,19,,60.0,60.0,,60.0,,,0,0,1,1,0.0,0,0
Emmanuel Lamur,7561,LB,MIN,5,0,1.0,0,0,18,43.4,41.0,76.6,55.4,59.5,57.0,0.0,0,0,7,7,14.3,1,1
Jamize Olawale,7572,FB,OAK,1,0,,0,0,23,,60.1,64.0,,60.0,,,0,0,1,1,0.0,0,0
Eddie Pleasant,7593,S,HST,11,2,9.8,1,0,13,83.5,74.1,0.0,64.9,43.5,38.6,14.3,1,2,42,43,0.0,0,4
Chris Lewis-Harris,7624,CB,BLT,6,0,,0,0,3,56.3,57.5,77.2,,62.6,81.4,,0,0,10,11,0.0,0,0
Ty Nsekhe,7636,T,WAS,1,0,,1,0,32,,60.0,64.4,60.0,60.0,,,0,3,0,1,,0,0
Harrison Smith,7641,S,MIN,14,5,4.8,0,0,18,68.5,75.1,87.4,56.7,85.5,72.9,11.1,6,0,321,330,6.5,21,43
Malik Jackson,7647,DI,JAX,16,4,0.9,1,0,15,60.1,74.9,43.8,76.8,67.7,71.2,7.1,2,5,246,252,7.3,18,22
Brandon Marshall,7648,LB,DEN,11,13,4.2,0,0,10,73.3,77.3,84.9,56.1,76.1,79.0,2.4,1,1,258,267,6.2,16,28
Josh Norman,7649,CB,WAS,16,3,4.2,4,1,32,76.6,71.7,0.0,74.3,79.4,67.4,7.1,1,16,398,409,1.5,6,10
Corey White,7652,CB,BUF,10,3,4.4,0,0,4,62.1,54.3,84.2,54.5,29.9,38.3,33.3,4,1,141,148,1.4,2,5
Justin Bethel,7654,CB,ARZ,6,1,1.6,1,0,1,62.2,61.2,83.1,,53.8,69.2,25.0,2,1,92,95,3.3,3,5
Dezman Moses,7696,ED,KC,2,1,,0,0,16,60.0,57.2,74.5,54.2,58.9,69.9,0.0,0,0,9,9,0.0,0,0
Neiko Thorpe,7716,CB,SEA,5,0,4.7,0,0,29,56.5,63.6,80.6,,84.5,65.7,14.3,1,0,45,46,6.7,3,6
Will Tukuafu,7764,FB,SEA,1,0,,0,0,29,,46.5,68.5,,52.9,,,0,0,3,3,0.0,0,0
Barkevious Mingo,7787,ED,NE,6,0,1.3,0,0,19,47.4,59.8,90.3,52.8,79.8,54.1,0.0,0,0,15,15,20.0,3,3
Tavon Austin,7789,WR,LA,1,0,,0,0,26,,60.0,60.0,,60.0,,,0,2,1,1,0.0,0,0
D.J. Hayden,7793,CB,OAK,11,0,18.8,0,0,23,52.5,53.1,84.5,62.0,53.5,87.5,0.0,0,10,132,135,0.8,1,5
Sheldon Richardson,7794,ED,NYJ,15,11,1.9,0,1,22,80.1,76.3,30.7,58.0,88.0,68.0,5.3,3,6,314,319,10.5,33,43
Star Lotulelei,7795,DI,CAR,16,6,1.5,0,0,5,66.9,62.9,78.8,58.2,62.3,75.7,0.0,0,1,230,236,1.7,4,6
Kenny Vaccaro,7796,S,NO,11,5,2.8,1,1,20,61.8,65.2,47.3,61.8,73.7,72.1,8.3,2,3,250,255,5.6,14,17
Jarvis Jones,7798,ED,PIT,16,10,3.8,0,1,25,80.8,74.1,87.0,60.7,69.4,80.0,0.0,0,0,163,171,8.0,13,21
Eric Reid,7799,S,SF,10,4,7.3,0,1,28,55.8,58.1,60.0,50.7,66.5,71.7,9.7,3,4,324,334,2.2,7,24
Desmond Trufant,7803,CB,ATL,9,0,5.6,1,1,2,65.0,70.2,53.6,93.2,85.1,89.5,0.0,0,3,177,185,1.1,2,5
Sharrif Floyd,7804,DI,MIN,1,0,,0,0,18,60.0,54.8,75.5,60.7,61.0,22.9,,0,0,12,12,0.0,0,0
Xavier Rhodes,7806,CB,MIN,14,2,8.8,3,1,18,73.0,73.8,0.0,,90.8,64.5,6.7,1,11,301,307,2.0,6,12
Datone Jones,7807,ED,GB,18,4,1.2,0,0,12,51.0,56.4,15.0,62.7,61.2,74.7,0.0,0,6,223,231,7.6,17,21
Sylvester Williams,7809,DI,DEN,16,9,2.8,0,0,10,53.1,60.7,55.8,62.5,60.7,38.9,9.7,3,3,326,337,3.4,11,19
Alec Ogletree,7811,LB,LA,16,14,4.3,0,0,26,70.5,63.3,0.0,55.5,62.2,48.0,18.1,17,7,395,405,10.4,41,63
Matt Elam,7813,S,BLT,5,0,,0,0,3,51.6,42.8,76.5,56.7,40.7,26.2,100.0,1,0,17,17,0.0,0,0
Johnathan Cyprien,7814,S,JAX,16,10,4.6,0,1,15,59.1,73.3,85.0,67.6,90.6,72.6,6.2,4,6,412,421,6.6,27,51
Darius Slay,7817,CB,DET,14,0,14.4,0,1,11,80.2,80.4,87.6,83.8,66.9,68.1,10.0,1,6,277,291,1.1,3,9
Manti Te'o,7819,LB,SD,3,2,3.0,1,0,27,50.0,48.9,80.5,47.1,57.1,30.1,12.5,1,1,30,31,13.3,4,5
Tank Carradine,7821,ED,SF,12,3,3.0,0,0,28,67.6,65.5,84.8,65.0,58.1,70.8,0.0,0,0,120,123,4.2,5,7
Johnthan Banks,7824,CB,CHI,4,0,6.0,0,0,6,60.3,56.7,80.4,57.7,43.3,29.6,50.0,1,0,57,59,0.0,0,1
Kawann Short,7825,DI,CAR,16,8,0.4,1,0,5,66.8,86.7,61.2,73.2,87.2,47.6,13.0,6,3,244,251,11.9,29,32
Kevin Minter,7826,LB,ARZ,16,14,3.4,0,0,1,72.3,67.6,46.3,64.6,59.9,37.8,18.9,10,2,391,403,4.6,18,29
Kiko Alonso,7827,LB,MIA,16,10,4.6,0,0,17,62.5,61.3,48.9,56.6,61.4,61.2,9.6,7,2,429,437,6.5,28,56
Johnathan Hankins,7830,DI,NYG,17,8,2.1,0,0,21,48.8,63.6,64.4,58.9,68.7,54.9,2.6,1,3,345,355,7.2,25,29
David Amerson,7832,CB,OAK,16,0,8.5,2,0,23,65.1,64.9,67.1,,61.8,45.2,22.2,4,9,403,410,1.2,5,14
Jamie Collins Sr.,7833,LB,CLV,15,13,3.8,0,0,8,63.4,68.8,90.4,71.0,65.9,58.2,13.4,9,0,364,377,7.7,28,45
Margus Hunt,7834,ED,CIN,15,2,0.5,0,0,7,57.4,64.8,69.4,56.5,73.1,63.1,9.1,1,1,118,123,6.8,8,8
Jamar Taylor,7835,CB,CLV,15,1,8.0,1,0,8,77.7,73.2,43.3,61.3,57.4,64.1,28.6,4,5,377,388,1.3,5,9
Arthur Brown,7837,LB,NYJ,3,0,,0,0,22,62.7,65.5,89.5,,60.0,,,0,0,3,3,0.0,0,0
D.J. Swearinger Sr.,7838,S,ARZ,16,5,4.9,0,0,1,82.8,83.0,63.4,87.5,72.9,64.2,15.8,6,2,298,306,5.0,15,27
Robert Alford,7841,CB,ATL,19,4,9.8,3,0,2,67.2,65.5,25.8,53.5,63.8,63.3,11.1,2,16,378,394,0.3,1,12
Dwayne Gratz,7845,CB,PHI,2,0,23.0,0,0,24,74.0,72.1,78.5,54.3,60.0,60.8,0.0,0,0,26,26,0.0,0,1
Sio Moore,7847,LB,ARZ,8,5,3.4,0,1,1,53.2,64.3,82.9,60.4,75.6,53.1,16.3,7,1,147,151,13.6,20,31
Bennie Logan,7848,DI,PHI,13,4,0.2,0,1,24,66.1,60.5,54.6,52.0,66.8,50.4,15.4,4,2,178,181,9.0,16,18
Leon McFadden,7849,CB,DAL,2,1,7.0,0,0,9,62.3,64.4,77.4,,68.2,78.7,0.0,0,0,15,15,0.0,0,1
Tyrann Mathieu,7850,S,ARZ,10,1,7.5,0,1,1,60.4,62.3,49.9,80.3,66.7,71.2,16.7,1,3,192,199,0.5,1,4
Blidi Wreh-Wilson,7851,CB,ATL,1,0,,0,0,2,,60.0,66.8,,60.0,,,0,0,2,2,0.0,0,0
T.J. McDonald,7852,S,LA,16,6,7.8,0,0,26,68.8,65.8,89.5,55.3,58.8,56.1,14.3,5,0,391,401,3.3,13,24
J.J. Wilcox,7861,S,DAL,14,3,11.4,0,0,9,82.5,82.1,88.5,51.5,74.3,69.1,9.5,2,0,140,142,2.9,4,16
Damontre Moore,7862,ED,SEA,4,1,2.3,0,0,29,52.1,58.7,32.4,57.1,71.5,73.8,0.0,0,0,33,34,9.1,3,4
John Jenkins,7863,DI,SEA,10,1,4.4,0,0,29,56.8,54.0,56.2,57.4,55.7,55.4,10.0,1,1,103,104,3.9,4,8
Logan Ryan,7864,CB,NE,19,6,4.6,1,0,19,76.2,75.0,31.2,83.6,60.1,90.1,14.3,4,6,332,341,3.0,10,18
Shawn Williams,7865,S,CIN,15,6,7.3,0,0,7,67.0,71.0,42.3,73.1,77.7,73.1,18.9,10,2,332,341,4.2,14,37
Jordan Hill,7868,DI,JAX,4,0,,0,0,15,,40.6,78.8,57.1,37.7,,,0,0,19,19,0.0,0,0
Corey Lemonier,7869,ED,NYJ,8,0,3.5,0,0,22,55.1,70.1,83.5,68.4,65.3,76.1,0.0,0,0,35,36,8.6,3,4
Kayvon Webster,7871,CB,DEN,9,0,-1.0,0,0,10,53.8,55.8,77.7,,62.8,53.1,50.0,1,1,24,24,4.2,1,1
Duron Harmon,7872,S,NE,19,1,10.5,0,1,19,71.3,70.0,87.8,59.7,58.5,56.9,36.4,4,0,167,170,0.0,0,6
Will Davis,7874,CB,BLT,2,0,,0,0,3,70.0,70.1,77.0,,63.4,22.5,,0,1,14,14,0.0,0,0
Brandon Williams,7875,DI,BLT,16,14,2.5,0,0,3,,71.7,77.6,58.2,74.1,69.9,2.0,1,1,304,315,9.9,30,35
Zaviar Gooden,7879,LB,ARZ,6,2,14.0,0,0,1,51.5,49.8,75.3,53.2,56.1,76.3,0.0,0,0,22,23,0.0,0,1
Akeem Spence,7882,DI,TB,16,5,1.1,0,0,30,56.7,36.6,68.0,57.0,32.4,61.9,0.0,0,1,177,179,6.8,12,12
Alex Okafor,7885,ED,ARZ,13,1,4.7,0,0,1,32.3,68.2,87.3,75.2,53.7,78.2,0.0,0,0,36,37,2.8,1,3
Jelani Jenkins,7886,LB,MIA,10,6,2.2,0,0,17,28.9,29.9,41.2,61.5,48.7,26.1,17.4,4,2,126,128,8.7,11,13
Duke Williams,7887,S,IND,7,0,6.0,0,0,14,39.9,37.1,76.3,62.2,48.2,47.9,50.0,1,0,30,31,0.0,0,1
Shamarko Thomas,7893,S,PIT,1,0,,0,0,25,61.6,62.4,70.5,,60.0,,,0,0,1,1,0.0,0,0
B.W. Webb,7896,CB,NO,13,1,10.7,0,0,20,54.5,56.8,86.8,60.0,67.7,79.3,0.0,0,1,165,169,0.0,0,3
Gerald Hodges,7902,LB,SF,14,11,4.4,0,0,28,67.2,78.4,82.4,79.6,76.5,71.4,7.5,5,0,311,319,9.3,29,51
William Gholston,7908,ED,TB,14,10,1.8,0,1,30,60.4,58.0,69.4,53.0,62.4,74.4,7.0,3,2,261,269,9.6,25,30
Malliciah Goodman,7909,DI,ATL,3,0,7.0,0,0,2,,50.6,80.4,53.5,52.0,69.6,0.0,0,0,18,18,0.0,0,1
John Simon,7911,ED,HST,11,6,3.9,0,0,13,63.7,72.9,90.3,70.7,67.2,74.8,11.5,3,0,202,209,6.4,13,17
Kyle Juszczyk,7912,FB,BLT,1,0,,0,0,3,,60.4,60.1,,60.0,,,0,0,1,1,0.0,0,0
Devin Taylor,7914,ED,DET,17,4,2.7,1,0,11,59.6,49.6,65.0,50.7,52.5,69.7,12.5,3,3,230,241,3.5,8,17
Denard Robinson,7917,HB,JAX,1,0,,0,0,15,,60.0,60.0,,60.0,,,0,0,1,1,0.0,0,0
Tharold Simon,7920,CB,ARZ,5,0,7.0,0,0,1,74.6,71.4,78.2,53.1,54.1,63.4,0.0,0,0,17,17,0.0,0,1
Montori Hughes,7921,DI,NYG,2,0,,0,0,21,,49.8,76.1,54.8,52.6,,,0,0,10,10,0.0,0,0
Lavar Edwards,7924,ED,IND,10,2,2.3,0,0,14,63.7,46.9,56.6,54.7,42.4,77.4,0.0,0,1,76,77,7.9,6,6
Jonathan Meeks,7925,S,BUF,13,0,9.0,0,0,4,29.9,30.4,76.9,54.2,62.1,28.8,0.0,0,0,37,38,0.0,0,2
Steve Williams,7927,CB,LA,5,0,7.3,0,0,26,58.3,58.5,82.9,56.2,58.1,74.6,0.0,0,0,47,50,0.0,0,3
Steven Means,7929,ED,PHI,5,0,2.0,0,0,24,60.0,68.5,78.8,66.8,60.5,73.0,0.0,0,0,14,14,7.1,1,1
A.J. Klein,7930,LB,CAR,12,4,2.4,1,0,5,45.9,46.9,0.0,64.1,56.9,51.0,14.3,2,3,154,156,3.2,5,8
Quinton Dial,7939,DI,SF,14,12,2.3,0,0,28,60.0,62.3,86.7,60.6,59.6,51.2,7.3,3,0,284,290,6.3,18,26
Micah Hyde,7941,CB,GB,19,5,4.5,0,0,12,60.3,64.3,85.9,67.3,69.3,72.9,16.7,3,1,309,320,2.3,7,10
Mike Gillislee,7946,HB,BUF,1,0,,0,0,4,,60.0,60.0,,60.0,,,0,0,1,1,0.0,0,0
Tourek Williams,7960,ED,SD,12,2,0.0,0,0,27,58.0,43.5,43.9,53.0,39.9,24.0,20.0,1,0,48,49,4.2,2,2
Kenjon Barner,7963,HB,PHI,2,0,,0,0,24,,60.1,63.4,,60.0,,,0,1,2,2,0.0,0,0
Cornelius Washington,7969,DI,CHI,15,5,4.6,0,0,6,61.0,54.9,30.4,65.7,47.2,76.2,0.0,0,3,114,117,4.4,5,8
Rex Burkhead,7971,HB,CIN,1,0,,0,0,7,,60.4,60.1,,60.0,,,0,0,1,1,0.0,0,0
Bacarri Rambo,7972,S,MIA,10,2,8.7,0,0,17,48.6,50.6,86.3,56.8,57.9,55.3,19.2,5,0,177,180,4.0,7,19
Nate Palmer,7974,LB,TEN,3,1,,0,0,31,66.0,58.2,76.5,48.9,65.7,72.8,0.0,0,0,6,6,0.0,0,0
Chris Jones,7979,DI,SF,13,4,1.7,0,0,28,,52.3,84.8,54.2,51.8,54.5,8.7,2,0,172,176,8.1,14,17
Stacy McGee,7987,DI,OAK,10,3,1.8,0,1,23,,81.6,58.0,80.2,73.2,76.3,0.0,0,1,123,128,8.9,11,14
Vince Williams,7988,LB,PIT,10,5,4.8,0,0,25,51.6,62.7,81.6,63.9,72.5,67.9,4.8,1,0,104,107,10.6,11,15
Mike Catapano,7989,ED,NYJ,10,1,2.0,0,0,22,42.3,50.2,85.9,52.5,56.7,76.9,0.0,0,0,70,72,2.9,2,3
Michael Mauti,7995,ED,NO,6,0,4.7,0,0,20,39.7,59.0,81.0,78.1,62.2,77.9,0.0,0,0,29,30,6.9,2,3
Charles Johnson,7998,WR,MIN,1,0,,0,0,18,,60.7,89.4,,60.0,,,0,1,1,1,0.0,0,0
Armonty Bryant,7999,ED,DET,5,0,1.0,1,0,11,60.0,54.9,32.0,60.9,51.0,72.6,0.0,0,2,18,18,5.6,1,1
Jordan Poyer,8000,S,CLV,6,5,11.5,1,0,8,53.9,59.7,29.6,53.0,78.4,87.3,0.0,0,2,138,147,2.2,3,10
Nick Williams,8006,DI,MIA,11,1,6.6,0,0,17,60.0,50.7,80.9,52.5,52.9,50.9,11.1,1,0,57,57,3.5,2,7
David Bass,8016,ED,TEN,12,1,2.0,0,0,31,47.2,61.6,56.0,60.8,68.5,78.4,0.0,0,1,71,78,7.0,5,6
David King,8022,DI,KC,1,0,,0,0,16,,60.6,71.6,55.6,62.4,,,0,0,4,4,0.0,0,0
Kemal Ishmael,8026,S,ATL,9,9,4.1,0,0,2,55.8,62.4,79.8,68.8,71.0,67.7,4.8,1,0,104,108,5.8,6,11
Daimion Stafford,8031,S,TEN,15,1,4.1,0,0,31,58.9,61.9,24.0,57.0,73.7,65.2,4.5,1,2,204,211,5.9,12,20
Marcus Cooper,8035,CB,ARZ,14,3,11.8,0,0,1,55.6,59.0,88.1,49.4,72.2,65.0,0.0,0,2,293,302,0.7,2,13
Damion Square,8042,DI,SD,11,3,0.2,0,0,27,75.2,64.2,51.0,53.4,70.0,32.6,30.8,4,2,173,174,2.9,5,6
Josh McNary,8073,LB,IND,9,2,5.4,0,1,14,33.4,33.5,0.0,61.7,48.3,59.9,7.7,1,1,74,76,5.4,4,10
Daren Bates,8077,LB,OAK,7,1,2.5,0,0,23,43.2,52.1,92.3,59.0,67.6,80.6,0.0,0,0,15,16,6.7,1,2
Ezekiel Ansah,8094,ED,DET,14,10,3.7,0,0,11,66.8,67.5,79.9,64.2,61.9,55.1,3.0,1,1,174,180,8.0,14,22
Rontez Miles,8102,S,NYJ,14,13,7.3,0,0,22,66.4,75.7,82.9,48.6,86.7,91.0,2.7,1,0,181,184,6.6,12,23
A.J. Bouye,8110,CB,HST,17,2,6.4,0,1,13,89.9,87.4,41.3,74.8,68.8,74.2,14.3,2,10,275,283,1.1,3,10
Jahleel Addae,8117,S,SD,8,4,6.3,0,0,27,80.3,79.5,47.6,48.1,73.7,72.9,11.1,3,1,189,191,6.3,12,20
Charles James II,8120,CB,IND,8,1,3.3,0,0,14,35.2,42.5,80.7,60.0,78.7,76.4,0.0,0,1,55,57,3.6,2,3
Josh Martin,8138,ED,NYJ,2,0,,0,0,22,60.6,68.6,80.4,67.6,59.0,28.1,100.0,1,0,2,2,0.0,0,0
Paul Worrilow,8141,LB,ATL,10,4,3.0,0,0,2,64.5,59.6,7.7,59.4,56.7,73.0,18.8,3,2,66,68,9.1,6,9
Marcus Burley,8142,CB,CLV,4,0,12.0,0,0,8,59.2,56.1,73.4,,50.9,78.8,0.0,0,0,15,15,0.0,0,1
Lerentee McCray,8159,ED,BUF,9,2,4.3,0,1,4,64.3,65.4,83.5,54.8,71.7,58.2,14.3,1,0,58,61,5.2,3,4
Abry Jones,8177,DI,JAX,15,8,1.3,0,0,15,65.8,80.9,88.1,66.8,77.6,70.6,3.0,1,0,253,260,8.7,22,24
T.J. Barnes,8184,DI,KC,5,0,3.0,0,0,16,57.6,45.2,78.9,50.7,55.0,65.9,0.0,0,0,34,34,0.0,0,1
Benson Mayowa,8196,ED,DAL,14,2,0.2,2,0,9,61.0,60.9,24.5,59.1,70.4,71.8,0.0,0,5,133,134,8.3,11,14
Bradley McDougald,8220,S,TB,16,6,6.0,0,0,30,62.9,67.4,86.0,62.7,73.1,51.3,12.3,7,2,380,390,5.0,19,44
Joe Vellano,8264,DI,ATL,2,1,1.0,0,0,2,,65.7,77.5,62.9,62.9,68.7,0.0,0,0,16,16,6.3,1,1
Ray-Ray Armstrong,8271,LB,SF,2,1,1.0,0,0,28,70.6,69.7,76.2,49.0,69.5,80.7,0.0,0,0,14,14,21.4,3,3
Adam Thielen,8288,WR,MIN,1,0,,0,0,18,,60.0,60.0,,60.0,,,0,2,1,1,0.0,0,0
Will Compton,8308,LB,WAS,15,14,3.3,0,2,32,57.8,53.7,86.3,49.9,51.7,61.5,13.8,8,2,351,362,6.3,22,36
Rashaan Melvin,8334,CB,IND,14,2,6.5,1,0,14,63.6,65.5,87.1,60.0,68.8,54.1,15.0,3,4,227,236,1.8,4,15
Demontre Hurst,8359,S,CHI,8,0,15.0,0,0,6,58.1,60.7,81.0,67.1,66.0,71.4,25.0,1,0,73,76,1.4,1,3
Tony Jefferson,8361,S,ARZ,14,10,3.3,0,2,1,59.5,73.9,72.1,67.8,90.9,83.6,5.3,3,2,348,358,7.8,27,44
Brandon Copeland,8378,LB,DET,14,2,3.8,1,1,11,76.7,64.8,30.5,50.6,65.5,50.3,22.2,2,1,77,80,1.3,1,5
Josh Johnson,8386,CB,JAX,4,0,,0,0,15,70.5,70.7,80.6,61.3,64.7,58.8,,0,0,17,19,0.0,0,0
Stefan Charles,8387,DI,DET,12,4,2.1,0,0,11,61.9,54.8,32.0,52.1,60.8,36.0,13.3,2,2,104,110,5.8,6,9
Jeff Heath,8396,S,DAL,10,0,7.5,0,0,9,78.5,79.3,84.8,66.5,56.4,80.9,33.3,1,0,37,37,0.0,0,2
Chris Banjo,8419,S,NO,1,0,,0,0,20,60.0,60.3,67.5,,60.0,,,0,0,1,1,0.0,0,0
Zach Line,8420,FB,MIN,1,0,9.0,0,0,18,,60.0,60.0,,60.0,70.6,0.0,0,0,1,1,0.0,0,1
Steven Terrell,8450,S,SEA,9,4,16.8,0,0,29,51.5,56.1,85.9,,70.0,38.1,7.1,1,0,199,207,0.5,1,9
Darryl Morris,8456,CB,IND,9,0,8.3,0,0,14,63.7,66.7,83.5,73.3,72.5,67.1,0.0,0,1,101,102,2.0,2,8
Cody Davis,8458,S,LA,9,1,6.0,0,0,26,64.8,60.7,21.9,49.8,53.7,44.5,50.0,3,1,86,91,0.0,0,2
Jordan Dangerfield,8468,S,PIT,6,2,,0,0,25,69.6,65.5,79.3,58.3,55.0,48.8,50.0,2,0,47,47,0.0,0,0
Brynden Trawick,8471,S,OAK,3,2,2.3,0,0,23,69.3,76.7,82.1,66.6,72.3,87.0,0.0,0,0,55,56,7.3,4,7
Sheldon Price,8479,CB,BLT,1,0,,0,0,3,64.8,65.5,66.9,,60.0,,,0,0,1,1,0.0,0,0
Nickell Robey-Coleman,8483,CB,BUF,16,0,12.4,1,0,4,74.0,70.7,21.6,57.3,61.8,57.8,28.6,2,4,176,185,1.1,2,5
Wes Horton,8484,ED,CAR,11,3,2.7,0,0,5,67.2,57.9,76.3,59.6,48.0,76.3,0.0,0,1,127,127,3.1,4,6
LaRoy Reynolds,8500,LB,ATL,12,2,2.8,0,0,2,43.0,47.8,0.0,65.5,65.9,55.0,8.3,1,1,56,57,12.5,7,9
Terence Garvin,8515,LB,WAS,8,0,2.0,0,0,32,61.4,55.9,76.1,60.6,46.5,53.8,33.3,1,0,14,15,0.0,0,2
Marcus Cromartie,8525,S,SF,2,0,25.5,0,0,28,54.4,54.5,83.1,58.3,58.6,40.5,0.0,0,0,18,19,0.0,0,2
Mike Purcell,8530,DI,SF,14,4,3.6,0,1,28,59.5,55.5,85.2,44.0,59.6,41.5,7.4,2,0,176,181,9.1,16,21
Jadeveon Clowney,8636,ED,HST,16,5,1.3,4,0,13,74.7,79.1,16.0,71.3,84.7,59.7,8.5,4,10,289,301,10.7,31,38
Khalil Mack,8640,ED,OAK,17,7,3.0,1,1,23,84.4,92.5,64.5,91.5,89.8,69.3,7.8,5,4,396,404,9.8,39,52
Justin Gilbert,8643,CB,PIT,2,0,,0,0,25,55.7,57.1,72.6,,60.0,73.7,,0,0,2,2,0.0,0,0
Anthony Barr,8644,LB,MIN,16,10,4.3,0,1,18,43.7,50.6,68.4,66.7,56.5,47.8,7.0,3,1,382,391,5.5,21,30
Aaron Donald,8648,DI,LA,16,9,0.7,1,0,26,54.7,92.6,18.0,93.3,87.5,66.4,4.3,2,9,276,283,10.9,30,35
Ryan Shazier,8650,LB,PIT,16,9,2.3,2,1,25,63.9,67.2,53.1,71.1,65.5,51.5,17.5,11,5,314,323,9.9,31,43
C.J. Mosley,8652,LB,BLT,14,5,4.2,1,1,3,72.2,76.3,0.0,65.2,84.3,75.3,12.1,7,7,295,308,8.8,26,46
Calvin Pryor,8653,S,NYJ,15,9,5.0,1,1,22,46.5,50.5,16.5,51.7,67.8,62.0,23.7,9,5,301,309,4.0,12,20
Ha Ha Clinton-Dix,8656,S,GB,19,9,7.7,0,0,12,63.1,70.1,58.5,46.7,89.6,91.4,0.0,0,3,419,432,2.6,11,36
Dee Ford,8658,ED,KC,16,3,2.5,2,0,16,63.3,63.6,35.3,66.0,61.8,67.5,12.0,3,6,301,309,5.0,15,19
Darqueze Dennard,8659,CB,CIN,13,0,10.1,0,0,7,58.3,59.8,83.3,59.6,64.2,79.8,0.0,0,0,86,88,2.3,2,7
Jason Verrett,8660,CB,SD,4,0,6.0,1,0,27,61.1,63.5,83.7,,73.7,70.7,0.0,0,3,79,82,0.0,0,2
Marcus Smith,8661,ED,PHI,16,4,0.8,1,0,24,60.0,51.3,38.3,52.4,58.8,43.3,16.7,2,2,84,84,6.0,5,6
Deone Bucannon,8662,LB,ARZ,13,14,4.0,0,0,1,77.1,61.4,84.8,54.3,41.7,56.8,16.7,10,1,304,314,6.9,21,36
Dominique Easley,8664,DI,LA,16,4,3.4,0,1,26,57.1,67.8,41.8,68.8,70.4,60.3,8.7,2,4,158,163,8.2,13,17
Jimmie Ward,8665,CB,SF,11,3,10.2,1,0,28,64.5,66.9,57.2,70.7,70.9,80.4,6.7,1,5,280,287,1.1,3,11
Bradley Roby,8666,CB,DEN,16,1,6.9,1,0,10,63.1,63.6,87.4,,59.8,31.1,18.2,2,5,193,197,2.6,5,8
Demarcus Lawrence,8669,ED,DAL,10,1,-0.7,1,1,9,60.8,61.4,41.8,56.7,75.0,35.1,21.4,3,3,83,84,10.8,9,10
Ra'Shede Hageman,8672,DI,ATL,15,7,1.6,1,0,2,59.7,67.8,71.6,66.7,63.7,69.9,4.0,1,1,146,149,8.2,12,17
Austin Seferian-Jenkins,8673,TE,NYJ,1,0,,1,0,22,,60.4,60.1,,60.0,,,0,2,1,1,0.0,0,0
Kyle Van Noy,8675,LB,NE,17,10,3.3,0,0,19,61.6,61.4,86.7,62.9,56.7,55.9,11.1,4,0,198,203,6.6,13,22
Lamarcus Joyner,8676,CB,LA,14,1,5.7,1,0,26,66.9,67.3,84.9,60.7,64.0,66.8,8.7,2,6,200,203,5.5,11,20
Stephon Tuitt,8681,DI,PIT,17,6,1.1,0,1,25,65.1,68.8,68.3,62.0,70.7,29.0,17.5,7,3,304,314,7.9,24,27
Trent Murphy,8682,ED,WAS,16,9,2.8,1,1,32,70.7,75.5,38.8,73.8,71.1,44.8,14.3,5,6,237,244,6.3,15,21
Timmy Jernigan,8683,DI,BLT,16,5,1.6,1,0,3,69.6,67.5,41.3,55.8,79.8,70.1,3.7,1,4,185,190,10.8,20,21
Jeremiah Attaochu,8685,ED,SD,8,0,4.3,0,0,27,64.4,53.1,54.3,55.0,52.5,59.5,0.0,0,0,37,40,2.7,1,3
Kony Ealy,8695,ED,CAR,16,7,1.7,0,0,5,70.6,64.7,82.2,65.9,50.3,39.9,18.5,5,1,216,223,6.5,14,15
Christian Kirksey,8706,LB,CLV,16,21,3.5,1,0,8,49.9,67.5,86.6,69.9,79.9,84.5,3.1,3,4,477,493,9.6,46,72
Preston Brown,8708,LB,BUF,16,29,3.8,0,0,4,56.9,60.2,87.8,62.6,60.9,73.4,5.7,5,0,438,458,7.8,34,53
Jay Bromley,8709,DI,NYG,16,1,2.9,1,0,21,62.4,52.5,61.1,47.3,59.8,54.8,11.1,1,1,91,93,5.5,5,7
Terrence Brooks,8714,S,PHI,1,0,,0,0,24,80.5,87.3,84.8,,60.0,,,0,0,1,1,0.0,0,0
Dexter McDougle,8715,CB,NYJ,1,0,,0,0,22,60.0,51.1,70.2,,60.0,,,0,0,4,5,0.0,0,0
Will Sutton III,8717,DI,CHI,8,5,1.9,0,0,6,,72.9,83.2,55.1,76.2,74.8,0.0,0,0,87,90,8.0,7,10
Kareem Martin,8719,DI,ARZ,1,1,1.7,0,0,1,60.0,61.7,77.7,57.2,63.4,73.9,0.0,0,0,9,9,22.2,2,3
Khyri Thornton,8720,DI,DET,14,2,3.3,1,0,11,60.0,42.6,44.5,55.8,42.1,74.6,0.0,0,2,156,162,4.5,7,13
Phillip Gaines,8722,CB,KC,11,0,6.4,0,1,16,41.7,45.3,44.2,,76.7,53.5,11.1,1,5,141,144,2.1,3,8
Will Clarke,8723,ED,CIN,16,2,2.3,0,0,7,60.3,50.9,88.9,48.4,55.3,44.6,20.0,3,0,113,117,7.1,8,10
Jaylen Watkins,8736,S,PHI,13,3,5.2,0,0,24,53.7,54.4,0.0,46.9,71.3,74.0,7.7,1,2,114,116,3.5,4,9
Bashaud Breeland,8737,CB,WAS,14,5,7.6,0,1,32,60.5,60.5,19.1,72.7,64.5,59.1,16.7,4,8,288,295,2.1,6,15
Justin Ellis,8742,DI,OAK,17,4,1.8,0,0,23,,65.9,86.2,51.4,68.6,75.8,0.0,0,0,199,203,8.0,16,19
Cassius Marsh,8743,ED,SEA,16,1,2.4,0,0,29,38.0,51.6,21.3,61.4,57.5,40.9,20.0,2,5,104,109,3.8,4,7
Ross Cockrell,8744,CB,PIT,19,3,5.4,2,0,25,70.1,71.1,71.5,71.9,71.1,67.3,12.5,2,8,395,405,1.3,5,11
Maurice Alexander,8745,S,LA,14,3,10.9,0,0,26,79.8,76.3,87.9,61.6,62.6,55.4,27.3,6,1,323,328,1.5,5,13
DaQuan Jones,8747,DI,TEN,16,3,2.7,0,0,31,60.8,72.0,65.8,57.0,83.4,46.5,8.3,2,2,212,222,7.1,15,19
Aaron Colvin,8749,CB,JAX,9,1,6.0,0,0,15,71.2,68.6,84.7,57.9,51.0,82.6,25.0,1,0,79,81,1.3,1,2
Keith McGill,8751,S,OAK,7,2,4.0,0,0,23,40.6,43.2,82.4,,57.7,33.4,20.0,2,0,59,60,8.5,5,6
Anthony Hitchens,8754,LB,DAL,17,17,4.5,1,0,9,75.7,64.6,0.0,82.7,48.9,64.6,15.3,9,4,245,250,8.6,21,33
Carl Bradford,8756,LB,SF,2,0,0.5,0,0,28,28.7,25.9,74.3,68.0,28.3,49.7,33.3,1,0,19,19,10.5,2,2
Marqueston Huff,8757,S,BLT,2,0,,0,0,3,46.9,53.3,76.7,,65.4,71.7,,0,0,24,25,0.0,0,0
De'Anthony Thomas,8759,WR,KC,2,0,,0,0,16,,61.6,99.9,,60.0,,,0,1,2,2,0.0,0,0
Walt Aikens,8760,S,MIA,2,0,,0,0,17,55.0,53.9,74.4,59.1,60.0,,,0,0,3,3,0.0,0,0
Pierre Desir,8762,S,SD,1,0,2.0,0,0,27,67.5,68.5,74.9,,64.3,79.7,0.0,0,0,4,4,25.0,1,1
Tre Boston,8763,S,CAR,15,0,6.1,0,0,5,65.4,68.3,88.8,80.9,66.5,62.6,13.6,3,0,243,249,4.1,10,19
Dontae Johnson,8764,CB,SF,7,0,,0,0,28,60.1,57.6,79.0,53.1,51.5,81.1,,0,0,32,32,0.0,0,0
Kevin Pierre-Louis,8767,LB,SEA,4,1,3.0,0,0,29,45.1,51.5,78.8,51.4,65.2,77.4,0.0,0,0,27,29,7.4,2,2
Nevin Lawson,8768,CB,DET,17,3,9.3,1,0,11,67.8,69.5,66.7,76.9,71.6,71.0,10.5,2,7,364,379,0.5,2,14
Brent Urban,8769,DI,BLT,16,0,1.8,0,0,3,60.0,74.7,81.8,59.6,78.3,57.4,14.3,1,0,67,69,7.5,5,6
Larry Webster,8771,ED,CAR,1,0,1.0,0,0,5,,61.1,77.8,62.3,58.1,69.2,0.0,0,0,10,10,10.0,1,1
Lorenzo Taliaferro,8773,HB,BLT,1,0,,0,0,3,,60.0,60.0,,60.0,,,0,0,1,1,0.0,0,0
Taylor Hart,8776,DI,PHI,1,1,2.0,0,0,24,,40.0,75.0,54.3,43.1,69.1,0.0,0,0,13,13,7.7,1,1
Ryan Grant,8777,WR,WAS,1,0,,0,0,32,,60.0,60.0,,60.0,,,0,1,1,1,0.0,0,0
Telvin Smith Sr.,8779,LB,JAX,16,5,3.4,0,0,15,66.7,73.0,67.5,62.1,77.3,37.1,11.5,9,1,397,405,10.3,41,64
Ricardo Allen,8782,S,ATL,19,5,13.3,0,0,2,85.8,81.2,89.1,54.8,75.5,74.5,12.5,5,1,388,404,0.8,3,30
Bene Benwikere,8783,CB,MIA,4,1,19.0,0,0,17,50.8,49.2,82.3,56.1,44.6,28.1,33.3,1,0,77,80,0.0,0,1
Aaron Lynch,8785,ED,SF,7,2,0.0,0,0,28,53.3,53.6,83.9,62.4,46.2,28.8,33.3,4,0,98,100,6.1,6,6
Avery Williamson,8786,LB,TEN,16,17,4.6,0,0,31,56.3,64.1,64.7,50.7,79.1,84.4,2.9,2,1,284,296,12.3,35,49
Nat Berhe,8787,S,NYG,7,1,4.7,0,1,21,46.9,52.3,81.0,50.9,80.9,65.7,0.0,0,0,62,62,3.2,2,6
Caraun Reid,8793,DI,SD,6,0,2.5,0,0,27,62.3,54.4,32.6,63.6,42.0,71.1,0.0,0,1,22,24,9.1,2,2
Chris Smith,8794,ED,JAX,5,0,1.0,0,0,15,60.5,58.4,82.4,58.1,55.9,74.0,0.0,0,0,28,28,3.6,1,2
Ed Stinson,8795,DI,ARZ,4,0,3.3,0,0,1,,53.8,81.8,47.3,60.2,73.5,0.0,0,0,49,49,10.2,5,6
Ed Reynolds Jr.,8797,S,CLV,8,4,7.9,0,0,8,50.6,63.2,84.2,74.5,85.0,62.7,7.4,2,0,219,225,3.2,7,21
Ryan Carrethers,8800,DI,SD,4,1,1.7,0,0,27,,65.2,78.9,56.3,66.5,70.3,0.0,0,0,24,24,12.5,3,3
Vinnie Sunseri,8802,S,SF,2,1,,0,0,28,37.6,39.1,70.0,65.4,53.2,76.9,0.0,0,0,4,4,0.0,0,0
Keith Reaser,8805,CB,SF,14,1,3.2,1,0,28,59.5,61.1,33.2,68.8,68.5,53.9,12.5,1,2,113,115,4.4,5,6
Jordan Tripp,8806,LB,GB,1,0,,0,0,12,67.5,48.7,75.1,,37.2,25.8,100.0,1,0,11,11,0.0,0,0
Devon Kennard,8809,LB,NYG,17,12,2.8,0,0,21,65.3,73.1,89.2,58.2,78.6,72.1,2.4,1,0,219,226,9.1,20,29
Kenneth Acker,8815,CB,KC,5,0,7.0,0,0,16,58.8,60.2,81.2,,64.2,73.6,20.0,1,1,51,51,3.9,2,4
E.J. Gaines,8823,CB,LA,11,1,11.7,1,0,26,43.3,47.9,87.0,64.2,66.7,60.6,28.6,4,1,217,223,1.8,4,9
Walter Powell,8831,WR,BUF,1,0,,1,0,4,,60.0,60.0,,60.0,,,0,3,1,1,0.0,0,0
Demetri Goodson,8832,CB,GB,5,0,5.7,0,0,12,48.6,49.7,81.4,,54.7,61.5,25.0,1,1,71,74,2.8,2,3
Zach Moore,8833,ED,SF,1,0,,0,0,28,,54.9,74.3,55.3,58.1,,,0,0,4,4,0.0,0,0
Marquis Flowers,8846,LB,CIN,2,0,,0,0,7,,61.4,63.0,,60.3,,,0,0,3,3,0.0,0,0
Dan McCullers,8849,DI,PIT,19,2,1.9,0,0,25,60.5,68.3,53.5,72.6,62.5,47.9,11.8,2,1,97,100,12.4,12,13
Andre Hal,8850,S,HST,17,8,8.1,0,0,13,59.5,63.5,83.7,62.8,69.7,29.2,13.9,5,0,320,333,2.2,7,23
T.J. Carrie,8853,CB,OAK,12,1,3.0,0,0,23,65.9,67.1,85.3,48.6,71.4,35.7,25.0,2,1,109,110,2.8,3,5
Shamar Stephen,8854,DI,MIN,16,10,3.3,0,0,18,66.1,58.5,87.9,54.7,56.3,50.7,7.9,3,0,283,290,6.4,18,25
Beau Allen,8858,DI,PHI,16,8,1.3,0,0,24,60.9,62.3,85.1,67.3,53.7,58.9,11.1,3,0,180,184,7.8,14,16
Terrence Fede,8868,ED,MIA,10,3,3.6,0,0,17,61.0,56.2,31.1,57.7,59.8,63.2,9.1,1,0,96,98,5.2,5,7
James Wright,8873,WR,CIN,1,0,,1,0,7,,60.0,60.0,,60.0,,,0,1,1,1,0.0,0,0
Corey Nelson,8876,LB,DEN,16,11,4.8,1,0,10,63.7,61.4,83.8,47.6,61.0,71.8,7.5,3,2,221,226,5.0,11,26
Terrance Mitchell,8888,CB,KC,6,1,12.0,1,0,16,74.7,74.2,85.4,,61.1,74.7,33.3,1,4,90,93,0.0,0,1
Lonnie Ballentine,8890,S,HST,1,1,,0,0,13,60.0,65.7,66.7,,63.4,73.3,0.0,0,0,9,9,0.0,0,0
Howard Jones,8909,ED,TB,5,0,8.0,0,0,30,60.1,48.8,30.9,54.8,49.8,69.2,0.0,0,1,9,10,0.0,0,1
Max Bullough,8919,LB,HST,14,3,2.2,0,0,13,70.4,68.6,82.6,50.0,64.8,77.3,0.0,0,0,124,129,7.3,9,12
Brock Coyle,8929,LB,SEA,6,3,1.0,0,0,29,64.6,65.8,81.3,51.0,67.6,80.1,0.0,0,0,68,69,1.5,1,2
Kerry Wynn,8938,ED,NYG,12,1,3.0,0,0,21,54.9,48.5,52.9,50.3,63.5,75.9,0.0,0,1,43,43,9.3,4,5
Jamie Meder,8940,DI,CLV,16,12,3.4,0,0,8,73.0,65.0,88.3,62.0,59.2,79.1,0.0,0,0,367,375,5.2,19,30
Ethan Westbrooks,8976,ED,LA,16,4,0.0,0,0,26,62.6,58.5,66.3,59.4,55.1,43.0,14.3,3,2,202,208,6.4,13,14
Denico Autry,8982,DI,OAK,17,5,1.4,0,0,23,61.9,49.7,78.8,54.7,45.9,44.1,9.7,3,1,277,281,7.6,21,23
Robert Nelson,8989,CB,HST,8,0,4.0,1,0,13,55.6,56.8,81.8,,61.2,62.1,33.3,1,4,54,57,3.7,2,2
Julius Warmsley,8993,DI,MIA,5,2,1.3,0,0,17,,52.5,80.0,64.6,48.5,72.0,14.3,1,0,52,53,5.8,3,4
Shaquil Barrett,9000,ED,DEN,16,4,1.9,1,0,10,82.2,84.0,28.9,72.9,81.2,71.6,8.3,2,3,185,191,8.6,16,18
Josh Mauro,9003,ED,ARZ,15,5,0.9,0,0,1,74.4,60.1,73.7,51.2,61.1,42.9,15.6,5,1,183,189,10.4,19,22
Todd Davis,9007,LB,DEN,16,20,4.1,1,0,10,47.5,66.1,30.4,73.9,78.5,89.8,0.0,0,3,369,383,9.2,34,56
Kasim Edebali,9011,ED,NO,16,3,3.6,0,0,20,55.1,53.9,88.2,57.9,48.3,27.9,20.0,2,0,80,80,5.0,4,5
Christian Jones,9020,ED,CHI,5,0,0.5,0,0,6,44.0,50.8,82.3,52.5,63.9,45.9,0.0,0,0,41,42,4.9,2,2
Robert Thomas,9022,DI,NYG,8,2,3.3,0,0,21,59.8,37.3,80.0,52.8,35.8,71.6,0.0,0,0,33,33,6.1,2,3
Tenny Palepoi,9028,DI,SD,13,2,2.0,0,0,27,60.0,54.6,69.1,54.4,56.6,46.2,8.3,1,0,128,132,5.5,7,9
Malcolm Butler,9040,CB,NE,19,3,8.5,1,0,19,86.9,83.3,35.1,47.9,67.3,61.8,31.3,5,7,383,395,1.3,5,8
Kerry Hyder,9045,ED,DET,17,9,1.8,1,0,11,62.5,68.4,82.7,67.9,58.4,63.8,7.1,2,1,243,253,5.3,13,17
Deji Olatoye,9061,CB,ATL,6,0,0.5,0,0,2,75.7,75.9,79.6,59.0,68.0,59.9,0.0,0,0,21,21,9.5,2,2
Adarius Taylor,9074,LB,TB,2,0,3.3,0,0,30,47.5,64.9,74.6,56.6,85.7,54.6,0.0,0,0,7,7,28.6,2,4
Anthony Johnson,9109,DI,NYJ,11,5,3.5,0,0,22,,52.9,82.2,52.5,54.7,74.7,0.0,0,0,55,56,7.3,4,4
Marcus Williams,9115,CB,NYJ,11,0,5.5,0,0,22,59.8,60.6,44.7,61.3,68.3,66.0,0.0,0,1,130,134,0.8,1,4
Brian Dixon,9146,CB,ARZ,1,0,,0,0,1,29.0,29.0,73.1,60.0,60.0,75.1,,0,1,4,4,0.0,0,0
DeAndre Coleman,9157,DI,BUF,4,1,0.0,0,0,4,,59.7,78.1,53.3,61.0,69.4,33.3,1,0,33,33,3.0,1,1
Adrian Phillips,9177,S,SD,14,3,10.8,0,0,27,46.2,54.0,84.8,62.3,73.6,68.5,0.0,0,1,180,187,1.7,3,12
Trey Burton,9185,TE,PHI,1,0,,1,0,24,,60.0,60.4,,60.0,,,0,2,1,1,0.0,0,0
Zach Kerr,9195,DI,IND,12,3,0.3,1,0,14,67.8,51.9,44.3,58.1,42.6,39.3,11.8,2,2,112,115,10.7,12,12
Dashaun Phillips,9198,CB,WAS,4,0,1.5,0,0,32,38.4,43.3,80.9,57.1,67.7,29.9,0.0,0,0,51,52,3.9,2,2
Ryan Groy,9221,C,BUF,1,0,,0,0,4,,60.9,65.7,,60.0,,,0,1,1,1,0.0,0,0
Marcus Roberson,9241,CB,BUF,1,0,,0,0,4,86.5,84.9,75.9,,62.3,75.5,,0,0,9,9,0.0,0,0
Chris Davis,9242,CB,SF,2,0,,0,0,28,32.2,42.0,74.8,74.5,61.6,75.7,,0,0,9,9,0.0,0,0
C.J. Goodwin,9243,CB,ATL,10,0,5.0,0,0,2,60.1,62.9,81.5,,76.0,71.4,0.0,0,0,36,38,2.8,1,2
Fitzgerald Toussaint,9244,HB,PIT,1,0,,0,0,25,,60.0,64.6,,60.0,,,0,0,1,1,0.0,0,0
Daniel Sorensen,9253,S,KC,17,4,7.1,0,0,16,80.5,69.7,57.1,73.5,34.3,78.7,7.7,2,2,123,127,4.1,5,20
Brandon Dunn,9262,DI,HST,2,0,2.0,0,0,13,,38.7,77.6,53.3,41.1,32.1,25.0,1,0,31,32,9.7,3,3
Joe Thomas,9272,LB,GB,17,11,4.0,0,0,12,54.5,57.0,86.5,52.5,63.0,62.5,5.0,2,0,233,241,8.2,19,27
Garrison Smith,9310,DI,SEA,3,3,4.0,0,0,29,60.0,62.6,78.9,53.4,66.1,71.0,0.0,0,0,27,29,3.7,1,2
Mike Pennel,9316,DI,GB,8,2,-3.5,0,0,12,,73.0,80.7,56.4,76.2,71.1,0.0,0,0,51,52,3.9,2,2
Shayne Skov,9317,LB,SF,3,1,-1.0,0,0,28,63.6,87.8,71.6,,79.8,41.3,33.3,1,0,5,5,20.0,1,1
Zachary Orr,9326,LB,BLT,15,18,3.7,0,1,3,59.0,54.8,68.7,45.1,55.4,63.4,5.4,4,4,320,333,10.6,34,52
Louis Young,9335,CB,CAR,1,0,,0,0,5,62.9,63.8,72.1,,60.0,,,0,0,7,7,0.0,0,0
Jayrone Elliott,9336,ED,GB,8,2,0.8,0,0,12,50.4,65.1,81.7,67.1,59.3,59.6,0.0,0,0,44,44,11.4,5,6
Marcus Ball,9391,S,SF,1,0,,0,0,28,63.9,65.7,68.7,,60.0,79.4,,0,0,1,1,0.0,0,0
Dante Fowler Jr.,9436,ED,JAX,16,6,1.2,1,0,15,63.1,59.5,18.4,58.7,69.2,69.6,0.0,0,7,149,152,9.4,14,15
Leonard Williams,9439,DI,NYJ,16,13,1.0,0,0,22,70.8,81.4,81.7,66.6,82.2,63.0,7.9,5,1,369,376,10.8,40,45
Vic Beasley Jr.,9441,ED,ATL,19,5,2.2,0,0,2,70.3,72.3,58.7,79.9,42.7,46.0,26.1,6,4,192,201,4.2,8,12
Trae Waynes,9444,CB,MIN,15,1,7.9,0,0,18,59.6,63.4,86.4,,77.3,86.5,0.0,0,7,188,193,1.6,3,9
Danny Shelton,9445,DI,CLV,16,14,2.4,0,0,8,59.2,82.1,70.1,64.8,83.7,67.1,4.8,3,2,400,412,9.8,39,45
Kevin Johnson,9449,CB,HST,6,3,4.0,0,0,13,80.9,81.2,84.0,,72.1,74.4,20.0,1,0,102,106,1.0,1,1
Arik Armstead,9450,DI,SF,8,1,1.5,0,1,28,66.7,53.9,85.8,65.0,40.9,36.0,18.2,2,0,142,145,4.2,6,8
Marcus Peters,9451,CB,KC,16,3,6.8,1,0,16,79.2,79.7,30.2,74.4,80.4,61.6,0.0,0,6,403,412,0.7,3,10
Bud Dupree,9455,ED,PIT,10,4,2.5,0,0,25,62.7,62.6,72.3,59.9,61.9,67.3,0.0,0,1,175,177,5.1,9,13
Shane Ray,9456,ED,DEN,16,4,3.0,2,0,10,90.1,70.8,64.0,71.2,55.8,55.5,15.6,5,2,268,277,4.9,13,23
Shaq Thompson,9458,LB,CAR,14,6,2.5,1,0,5,76.2,78.6,54.3,67.8,76.0,76.5,12.5,4,1,222,226,7.7,17,22
Byron Jones,9460,S,DAL,17,4,5.9,1,0,9,72.5,74.7,91.1,61.2,79.0,75.9,13.9,5,2,303,308,3.6,11,27
Damarious Randall,9463,CB,GB,13,0,9.0,1,0,12,46.5,50.2,86.4,59.0,69.5,48.9,20.0,1,3,214,220,0.0,0,4
Stephone Anthony,9464,ED,NO,8,2,3.4,0,0,20,33.4,35.2,81.5,58.4,46.8,75.7,9.1,1,1,75,76,8.0,6,8
Malcom Brown,9465,DI,NE,19,10,2.2,0,1,19,59.9,74.3,76.8,55.2,83.3,52.3,7.3,4,1,285,296,10.9,31,41
Landon Collins,9466,S,NYG,17,10,4.6,0,0,21,73.4,81.7,70.5,80.0,90.1,83.0,11.9,8,2,410,421,6.8,28,49
Mario Edwards Jr.,9468,DI,OAK,3,2,4.3,0,0,23,76.3,66.4,79.2,53.6,65.8,73.0,0.0,0,0,31,31,9.7,3,4
Preston Smith,9471,ED,WAS,16,6,2.8,1,0,32,84.5,63.8,74.0,58.0,59.0,63.2,7.4,2,2,302,309,5.3,16,19
Eddie Goldman,9472,DI,CHI,6,2,2.2,0,0,6,78.3,75.9,83.7,72.3,66.8,49.2,7.7,1,0,100,106,8.0,8,10
Jalen Collins,9475,CB,ATL,10,3,9.3,0,1,2,73.7,74.5,86.7,60.0,70.9,58.1,18.2,2,1,179,186,0.6,1,6
Benardrick McKinney,9476,LB,HST,18,17,4.1,1,1,13,72.2,72.0,71.1,54.5,73.3,73.5,6.6,5,1,367,380,8.2,30,54
Eric Kendricks,9478,LB,MIN,15,16,3.7,0,0,18,68.4,68.9,88.2,56.6,66.2,70.7,10.3,7,0,315,324,10.2,32,45
Jaquiski Tartt,9479,S,SF,14,7,10.0,0,0,28,59.1,58.7,55.0,62.1,58.1,59.1,13.8,4,1,252,257,2.8,7,18
Eric Rowe,9480,CB,NE,12,0,6.2,0,0,19,62.8,64.2,53.7,60.0,72.4,67.8,10.0,1,4,194,198,2.6,5,9
Denzel Perryman,9481,LB,SD,12,5,3.6,0,0,27,59.4,59.3,7.6,80.4,57.4,50.0,19.1,9,3,213,218,9.4,20,33
Ronald Darby,9483,CB,BUF,14,4,11.7,0,0,4,61.3,68.3,86.8,68.6,89.2,74.6,4.3,1,3,344,361,1.7,6,18
Nate Orchard,9484,ED,CLV,3,1,0.7,0,0,8,60.2,40.1,25.3,59.1,36.2,35.9,0.0,0,1,41,43,7.3,3,3
Jordan Phillips,9485,DI,MIA,17,9,0.3,1,0,17,68.8,58.0,0.0,62.8,60.7,39.3,16.0,4,9,289,294,3.8,11,12
Markus Golden,9491,ED,ARZ,16,8,1.9,1,0,1,59.1,74.4,42.9,72.9,73.8,47.3,12.2,5,6,254,262,8.7,22,28
Randy Gregory,9493,ED,DAL,2,0,3.5,0,0,9,52.7,30.4,20.8,49.2,45.6,57.6,0.0,0,1,23,23,13.0,3,6
Quinten Rollins,9495,CB,GB,14,1,8.5,0,0,12,56.5,59.5,86.2,57.2,72.6,66.2,0.0,0,0,213,220,0.5,1,4
Frank Clark,9496,ED,SEA,17,6,2.7,0,0,29,58.6,77.0,44.9,70.9,79.7,63.2,9.4,3,5,254,266,6.7,17,23
Jordan Richards,9497,S,NE,2,0,,0,0,19,71.9,72.0,71.8,60.0,60.6,,,0,0,7,7,0.0,0,0
Owa Odighizuwa,9507,ED,NYG,9,0,4.0,0,0,21,60.6,44.7,0.0,48.1,67.6,72.8,0.0,0,3,24,24,4.2,1,1
P.J. Williams,9511,CB,NO,2,0,6.5,0,0,20,67.4,68.1,79.4,,65.9,80.4,0.0,0,1,28,30,3.6,1,2
Eli Harold,9512,ED,SF,16,5,2.5,0,0,28,63.8,58.6,25.9,59.7,61.0,38.6,22.6,7,6,336,342,4.8,16,19
Lorenzo Mauldin,9515,ED,NYJ,10,0,1.2,0,0,22,64.4,60.7,69.3,57.3,63.1,65.4,0.0,0,1,84,86,9.5,8,9
Craig Mager,9516,CB,SD,8,2,5.0,0,0,27,43.5,47.2,83.9,63.5,62.4,29.7,0.0,0,0,134,138,2.2,3,7
Jordan Hicks,9517,LB,PHI,16,8,4.0,0,0,24,91.1,88.4,88.8,67.6,62.6,63.5,6.4,3,0,355,362,6.2,22,36
Sammie Coates,9520,WR,PIT,1,0,,0,0,25,,60.0,63.1,,60.0,,,0,1,1,1,0.0,0,0
Danielle Hunter,9521,ED,MIN,16,9,2.7,0,0,18,56.4,77.3,90.9,68.3,78.4,60.9,11.9,5,1,176,178,13.1,23,28
Henry Anderson,9526,DI,IND,11,0,2.9,0,0,14,58.3,64.4,25.9,60.5,72.8,51.5,14.3,2,3,109,116,10.1,11,12
Xavier Cooper,9529,DI,CLV,13,2,3.9,2,0,8,59.6,53.1,26.1,47.1,69.1,76.3,0.0,0,4,152,159,5.3,8,14
Geneo Grissom,9530,ED,NE,3,0,,0,0,19,,41.1,71.9,54.1,45.9,,,0,0,6,7,0.0,0,0
Steven Nelson,9531,CB,KC,16,1,7.0,3,0,16,61.9,64.3,67.9,55.5,73.8,64.5,15.8,3,7,384,394,1.3,5,15
Angelo Blackson,9533,DI,TEN,13,4,2.0,0,0,31,66.5,50.4,83.8,52.5,47.6,54.6,11.1,1,0,85,90,3.5,3,4
Trey Flowers,9534,ED,NE,18,11,2.8,1,0,19,69.1,76.6,79.1,66.7,75.2,59.7,4.4,2,1,218,220,9.6,21,32
Jamison Crowder,9538,WR,WAS,1,0,,0,0,32,,60.0,60.0,,60.0,,,0,3,1,1,0.0,0,0
Justin Hardy,9540,WR,ATL,1,0,,0,0,2,,60.0,60.0,,60.0,,,0,1,1,1,0.0,0,0
Clayton Geathers,9542,S,IND,9,5,5.2,0,0,14,65.5,71.0,85.2,40.8,87.5,76.6,3.4,1,1,184,190,6.5,12,23
Gabe Wright,9546,DI,CLV,5,0,2.7,0,0,8,59.1,63.3,79.4,54.2,69.8,36.1,0.0,0,0,29,30,10.3,3,3
Ibraheim Campbell,9548,S,CLV,10,6,6.4,0,0,8,51.2,54.9,83.3,73.0,59.8,64.9,16.7,4,1,190,197,2.6,5,14
Rodney Gunter,9549,DI,ARZ,16,4,2.8,1,0,1,57.4,60.6,57.7,65.3,58.9,40.0,7.7,1,1,111,114,5.4,6,8
Ramik Wilson,9551,LB,KC,12,21,5.0,0,1,16,76.7,78.4,87.0,53.1,72.4,78.5,4.8,4,0,263,267,9.5,25,59
Josh Shaw,9553,CB,CIN,16,3,5.3,0,0,7,65.7,64.2,54.3,50.8,60.9,58.3,15.4,2,1,188,190,2.7,5,8
Za'Darius Smith,9555,ED,BLT,13,7,2.5,0,0,3,78.0,54.1,72.3,56.9,48.1,47.1,10.5,2,1,175,181,4.6,8,10
Kwon Alexander,9557,LB,TB,16,19,3.4,0,0,30,72.8,68.9,88.6,58.2,60.0,60.6,12.8,11,2,390,401,9.0,35,56
Javorius Allen,9558,HB,BLT,1,0,,0,0,3,,60.0,60.0,,60.0,,,0,0,1,1,0.0,0,0
Damien Wilson,9560,LB,DAL,12,1,5.8,0,0,9,65.4,69.6,81.9,53.3,74.6,63.4,6.7,1,0,104,105,5.8,6,13
Jake Ryan,9562,LB,GB,16,16,3.0,0,0,12,57.9,61.2,56.2,54.7,66.6,77.4,3.4,2,1,287,294,9.8,28,41
Grady Jarrett,9570,DI,ATL,19,10,2.5,0,0,2,59.2,62.7,80.1,68.1,52.9,27.7,18.0,9,1,266,277,7.9,21,31
Rashad Greene Sr.,9572,WR,JAX,1,0,,0,0,15,,60.0,60.0,,60.0,,,0,0,1,1,0.0,0,0
Ben Heeney,9573,LB,OAK,3,1,4.7,0,0,23,46.4,54.4,80.9,56.5,69.1,47.7,22.2,2,0,50,51,4.0,2,6
Martrell Spaight,9574,LB,WAS,3,0,5.6,0,0,32,49.8,44.2,81.5,45.6,48.3,58.4,12.5,1,0,52,52,5.8,3,7
Adrian Amos,9575,S,CHI,15,8,7.7,0,0,6,70.3,73.2,88.2,50.2,76.6,66.2,8.8,3,1,354,367,3.4,12,23
Bobby McCain,9578,CB,MIA,17,2,5.2,0,0,17,65.1,61.9,34.5,59.3,50.0,66.0,8.3,1,6,159,161,1.3,2,9
David Parry,9584,DI,IND,16,8,3.3,1,0,14,51.9,58.8,78.8,55.7,59.6,55.7,6.4,3,1,314,325,7.3,23,36
Kyle Emanuel,9586,ED,SD,16,5,2.0,0,1,27,62.7,64.2,89.6,52.8,67.7,84.5,3.0,1,0,245,249,9.0,22,27
Tyeler Davison,9587,DI,NO,15,6,2.4,0,0,20,43.9,47.4,56.0,51.9,56.1,52.2,5.6,1,2,205,211,4.4,9,11
Tony Lippett,9589,CB,MIA,14,4,5.3,0,0,17,63.0,62.5,66.5,52.7,59.6,64.9,9.5,2,4,347,354,1.2,4,15
Ryan Russell,9596,ED,TB,8,0,6.0,0,0,30,60.7,55.6,86.9,57.9,44.7,73.5,0.0,0,0,33,35,3.0,1,2
Lorenzo Doss,9597,CB,DEN,3,0,,0,0,10,69.7,69.7,79.1,,60.5,44.1,,0,1,9,9,0.0,0,0
David Mayo,9602,LB,CAR,1,2,1.7,0,0,5,74.1,88.3,74.0,54.8,83.5,81.4,0.0,0,0,13,13,15.4,2,3
D.J. Alexander,9605,LB,KC,5,0,3.2,0,0,16,36.9,33.0,89.0,,45.6,42.8,16.7,1,0,34,34,8.8,3,5
JaCorey Shepherd,9624,CB,SF,2,0,,0,0,28,54.8,55.9,81.0,,60.0,70.2,,0,0,4,4,0.0,0,0
Darius Philon,9625,DI,SD,14,1,3.0,0,0,27,,58.2,85.0,51.4,63.4,74.3,0.0,0,0,97,99,6.2,6,8
Nick O'Leary,9627,TE,BUF,1,0,,0,0,4,,60.0,60.0,,60.0,,,0,1,1,1,0.0,0,0
Derron Smith,9630,S,CIN,5,2,,0,0,7,62.0,64.9,79.8,57.3,68.0,41.5,0.0,0,0,35,35,0.0,0,0
L.T. Walton,9632,DI,PIT,12,1,0.6,0,0,25,67.1,54.8,84.2,46.2,61.7,74.9,0.0,0,0,131,131,5.3,7,8
Quandre Diggs,9633,CB,DET,12,1,3.2,1,0,11,50.7,54.2,83.5,59.0,71.7,74.9,30.0,3,2,111,112,4.5,5,6
Darius Kilgo,9636,DI,NE,9,0,3.0,0,0,19,,63.0,81.2,59.5,61.7,32.8,20.0,1,0,50,52,6.0,3,4
Darren Waller,9637,TE,BLT,1,0,,0,0,3,,60.0,60.0,,60.0,,,0,0,1,1,0.0,0,0
Christian Ringo,9643,DI,GB,8,0,1.5,0,1,12,,68.5,79.3,56.8,73.4,68.7,0.0,0,0,27,27,7.4,2,2
Anthony Chickillo,9645,ED,PIT,11,1,2.3,0,0,25,81.8,68.8,64.6,58.1,65.2,83.0,0.0,0,1,105,110,7.6,8,10
Christian Covington,9649,DI,HST,18,9,3.0,0,0,13,61.8,62.6,71.9,51.1,70.0,47.8,10.7,3,1,208,217,5.8,12,16
Rakeem Nunez-Roches,9650,DI,KC,12,5,2.4,0,0,16,67.9,52.0,63.9,54.9,51.0,59.9,7.4,2,1,140,142,8.6,12,20
Hayes Pullard,9652,LB,JAX,9,1,4.0,0,0,15,67.2,78.8,70.7,,74.7,78.8,0.0,0,1,20,21,0.0,0,1
Deon Simon,9656,DI,NYJ,13,4,1.0,0,0,22,60.6,74.7,56.0,61.0,76.4,63.4,10.0,2,1,123,126,10.6,13,14
Bryce Hager,9657,LB,LA,6,0,,0,0,26,67.4,72.4,68.6,,63.1,,,0,0,8,9,0.0,0,0
Ben Koyack,9662,TE,JAX,1,0,,0,0,15,,60.0,60.0,,60.0,,,0,0,1,1,0.0,0,0
Mark Nzeocha,9669,LB,DAL,1,0,3.0,0,0,9,66.5,70.2,73.3,59.6,64.9,75.9,0.0,0,0,7,7,0.0,0,1
Dexter McDonald,9675,CB,OAK,2,0,,0,0,23,62.9,64.6,99.9,,60.0,,,0,0,2,2,0.0,0,0
Darryl Roberts,9680,CB,NYJ,8,0,8.7,0,0,22,55.6,58.6,83.8,,72.7,55.2,0.0,0,2,78,79,1.3,1,6
Al-Hajj Shabazz,9707,CB,PIT,1,0,,0,0,25,66.5,66.9,69.8,,60.0,73.3,,0,0,1,1,0.0,0,0
Robenson Therezie,9776,S,NO,2,0,,0,0,20,45.4,40.4,75.5,,60.0,77.2,,0,0,6,6,0.0,0,0
Raheem Mostert,9783,HB,SF,1,0,,0,0,28,,60.0,60.0,,60.0,,,0,0,1,1,0.0,0,0
Denzel Rice,9784,CB,HST,1,1,8.0,0,0,13,68.6,54.0,73.8,,36.9,41.7,28.6,2,0,18,19,5.6,1,4
Zaire Anderson,9792,LB,DEN,9,1,3.3,0,0,10,54.6,74.7,73.6,55.0,78.6,81.9,0.0,0,0,40,41,12.5,5,7
Alani Fua,9798,LB,ARZ,1,0,,0,0,1,,60.0,62.9,,60.0,,,0,0,1,1,0.0,0,0
Edwin Jackson,9800,LB,IND,10,5,5.1,0,0,14,64.6,60.2,81.9,69.9,50.8,76.5,6.3,2,0,202,209,7.4,15,25
Gabe Martin,9803,LB,ARZ,2,0,0.0,0,0,1,67.9,63.4,72.1,54.2,58.5,77.0,0.0,0,0,7,7,14.3,1,1
Xavier Williams,9809,DI,ARZ,8,2,3.0,0,0,1,60.0,54.8,81.8,60.8,50.0,71.9,0.0,0,0,48,50,4.2,2,3
Mike Hull,9815,LB,MIA,4,0,4.0,0,0,17,52.5,58.0,78.9,53.3,69.1,71.5,0.0,0,1,41,42,4.9,2,6
Zach Vigil,9824,LB,WAS,1,0,,0,0,32,,60.5,64.0,,60.0,,,0,0,2,2,0.0,0,0
Thurston Armbrister,9825,LB,DET,5,1,4.0,0,0,11,28.6,33.7,75.4,56.4,66.1,29.3,14.3,1,0,28,28,10.7,3,5
Nick Marshall,9829,CB,NYJ,1,0,,0,0,22,,60.1,89.4,,60.0,,,0,0,1,1,0.0,0,0
Neville Hewitt,9836,LB,MIA,15,4,4.6,0,0,17,36.1,49.4,41.9,57.7,65.4,66.2,10.5,4,1,210,216,7.6,16,30
Brennen Beyer,9858,ED,BLT,1,2,9.0,0,0,3,,67.9,70.0,,64.7,74.1,0.0,0,0,6,6,0.0,0,1
Troy Hill,9881,CB,LA,9,1,4.4,0,0,26,45.2,48.7,84.7,,68.1,67.8,25.0,2,3,108,111,2.8,3,5
Trevor Roach,9887,LB,CIN,1,0,,0,0,7,60.0,62.6,65.7,,60.0,,,0,0,1,1,0.0,0,0
DeShawn Williams,9891,DI,CIN,4,0,4.0,0,0,7,60.0,67.0,79.2,64.2,62.2,69.2,0.0,0,0,13,13,7.7,1,1
Justin Coleman,9892,CB,NE,7,0,,0,0,19,60.4,61.8,82.9,,68.9,47.0,,0,3,42,44,0.0,0,0
Anthony Harris,9895,S,MIN,6,4,6.1,0,0,18,43.3,52.8,81.7,53.7,75.6,78.8,0.0,0,0,117,117,5.1,6,18
Matt Longacre,9910,ED,LA,6,2,-1.5,0,0,26,62.5,52.7,22.7,52.2,59.4,55.4,14.3,1,2,61,63,6.6,4,4
Cameron Lynch,9911,LB,TB,1,0,,0,0,30,68.0,70.0,69.4,,60.0,76.2,,0,0,1,1,0.0,0,0
LaDarius Gunter,9925,CB,GB,19,1,19.3,2,0,12,50.3,50.6,69.5,53.1,53.3,36.5,20.0,2,7,342,350,0.3,1,7
Ryan Delaire,9939,ED,CAR,6,0,0.7,0,0,5,60.3,63.4,85.7,74.3,41.6,25.7,40.0,2,0,50,50,6.0,3,3
Deshazor Everett,9940,S,WAS,4,0,9.7,0,0,32,81.7,87.6,74.8,56.9,73.9,82.4,0.0,0,0,15,15,6.7,1,3
Brandon King,9952,S,NE,1,0,16.0,0,0,19,,60.0,60.0,,60.0,70.6,0.0,0,0,1,1,0.0,0,1
Taiwan Jones,9958,LB,NYJ,1,0,,0,0,22,,60.0,60.0,,60.0,,,0,0,1,1,0.0,0,0
Dean Marlowe,9966,S,CAR,1,0,,0,0,5,60.3,60.5,69.4,,60.0,,,0,0,1,1,0.0,0,0
Robertson Daniel,9974,CB,BLT,1,0,,0,0,3,,60.1,89.4,,60.0,,,0,0,1,1,0.0,0,0
Leon Orr,9984,DI,MIA,3,0,-1.0,0,0,17,,56.4,76.8,51.2,61.9,67.3,0.0,0,0,13,13,7.7,1,1
Ronald Martin,9991,S,NYJ,2,0,3.0,0,0,22,,63.7,63.9,,61.1,72.6,0.0,0,0,3,3,33.3,1,1
Jonathan Anderson,9998,LB,CHI,1,0,10.0,0,0,6,43.5,44.5,73.4,,57.0,28.9,0.0,0,0,16,17,0.0,0,2
Bryce Callahan,10000,CB,CHI,11,2,9.7,0,0,6,61.7,62.9,85.1,47.0,68.3,68.5,0.0,0,3,163,169,0.6,1,3
Jacoby Glenn,10003,CB,CHI,7,2,4.2,1,0,6,52.5,59.6,81.6,60.0,81.0,69.9,0.0,0,4,107,111,2.8,3,6
John Timu,10011,LB,CHI,5,6,2.9,0,0,6,55.5,51.3,80.8,42.4,53.3,49.6,7.1,1,0,72,76,6.9,5,7
Lynden Trail,10026,ED,WAS,2,0,2.0,0,0,32,,70.1,73.9,60.6,63.1,70.9,0.0,0,0,3,3,0.0,0,1
Richard Ash,10047,DI,DAL,2,1,2.0,0,0,9,,53.9,78.8,52.8,56.1,72.9,0.0,0,0,26,26,19.2,5,5
Harold Jones-Quartey,10055,S,CHI,15,12,4.6,1,0,6,57.1,62.4,87.5,59.1,71.7,78.6,14.3,5,2,272,284,2.9,8,18
De'Vante Bausby,10057,CB,CHI,4,0,1.0,0,0,6,40.7,44.3,80.4,,73.5,57.8,0.0,0,3,29,29,3.4,1,1
David Irving,10063,DI,DAL,15,0,0.3,3,2,9,58.5,70.9,25.3,74.0,66.8,30.8,15.4,2,5,130,133,7.7,10,11
Justin March-Lillard,10065,LB,KC,5,2,3.7,0,0,16,67.9,61.2,79.7,52.9,55.3,67.8,13.3,2,0,91,94,6.6,6,11
Quinton Dunbar,10073,CB,WAS,12,1,8.5,1,0,32,59.1,61.8,85.6,59.0,74.0,77.8,0.0,0,5,86,88,0.0,0,2
Toby Johnson,10101,DI,MIN,2,0,5.0,1,0,18,60.0,39.5,75.5,59.8,60.4,67.3,0.0,0,1,11,12,0.0,0,1
Corey Moore,10117,S,HST,13,3,7.2,0,0,13,60.9,64.8,84.9,56.4,70.6,72.6,10.0,2,1,192,197,2.6,5,15
Nick Dzubnar,10127,LB,SD,2,0,4.0,0,0,27,30.3,32.3,74.1,56.2,62.1,28.6,0.0,0,0,14,15,7.1,1,1
Tyrell Adams,10140,LB,OAK,1,0,,0,0,23,,61.6,60.1,,60.0,,,0,0,1,1,0.0,0,0
T.Y. McGill,10156,DI,IND,12,2,-2.0,0,0,14,44.1,67.9,84.7,73.4,50.1,44.7,25.0,1,0,52,54,1.9,1,1
Houston Bates,10167,ED,WAS,6,0,0.0,0,0,32,60.0,62.6,87.3,55.0,66.8,69.6,0.0,0,0,6,6,16.7,1,1
Brian Peters,10248,LB,HST,4,0,-2.0,0,0,13,44.6,41.7,72.6,58.9,57.3,71.7,0.0,0,0,10,10,10.0,1,1
Delvin Breaux,10251,CB,NO,6,0,0.6,0,0,20,47.1,53.8,84.7,60.0,87.9,70.5,16.7,1,4,105,107,4.8,5,5
Roosevelt Nix,10269,FB,PIT,1,0,,0,0,25,,60.0,64.8,,60.0,,,0,0,1,1,0.0,0,0
Trovon Reed,10294,CB,SD,4,0,2.0,0,0,27,73.0,70.5,81.1,59.3,49.2,52.0,50.0,1,1,36,36,2.8,1,1
Jude Adjei-Barimah,10298,CB,TB,8,0,7.8,0,0,30,57.1,57.4,82.6,82.1,42.0,31.5,33.3,2,1,72,76,2.8,2,4
Freddie Bishop,10338,ED,NYJ,4,2,1.6,0,0,22,69.4,52.3,44.4,47.8,57.0,43.8,18.2,2,1,89,91,4.5,4,7
Dexter McCoil,10341,S,SD,7,1,12.8,0,0,27,72.2,69.2,82.5,55.2,47.9,54.5,28.6,2,1,62,63,1.6,1,4
Erik Harris,10346,S,NO,1,0,,0,0,20,60.0,60.0,64.6,,60.0,,,0,0,1,1,0.0,0,0
Joey Bosa,10637,ED,SD,12,3,0.5,1,0,27,65.0,86.6,16.5,81.9,85.2,67.7,8.0,2,7,194,198,8.2,16,20
Jalen Ramsey,10639,CB,JAX,16,1,5.4,4,1,15,73.1,72.8,15.3,48.4,79.5,67.6,18.2,4,8,407,416,2.2,9,17
DeForest Buckner,10641,DI,SF,15,18,3.7,0,0,28,67.2,71.6,73.2,64.9,69.5,67.3,6.1,4,2,460,472,5.9,27,44
Leonard Floyd,10643,ED,CHI,12,7,4.0,0,0,6,72.5,66.3,87.2,65.2,54.8,60.8,9.1,2,0,197,205,4.6,9,13
Eli Apple,10644,CB,NYG,15,5,7.7,0,0,21,59.8,58.9,60.7,55.5,55.5,50.5,17.6,3,5,262,270,1.1,3,9
Vernon Hargreaves III,10645,CB,TB,16,3,7.3,1,0,30,56.4,61.6,68.6,57.8,83.1,53.9,4.3,1,3,392,402,1.5,6,19
Sheldon Rankins,10646,DI,NO,9,5,2.8,0,0,20,58.5,53.5,65.5,52.8,59.1,75.4,0.0,0,1,88,89,5.7,5,6
Karl Joseph,10648,S,OAK,11,5,8.2,0,0,23,67.1,67.6,53.2,64.1,66.5,89.9,7.9,3,3,221,226,3.6,8,30
Keanu Neal,10651,S,ATL,17,6,5.7,0,1,2,80.3,73.2,49.5,72.3,57.5,74.0,7.1,3,2,320,333,3.4,11,33
Shaq Lawson,10653,ED,BUF,9,3,-0.3,0,0,4,72.9,53.0,36.7,51.8,55.7,66.0,0.0,0,2,90,94,3.3,3,3
Darron Lee,10654,LB,NYJ,13,9,1.7,0,0,22,40.1,45.5,85.1,52.2,56.9,66.0,5.9,2,2,257,261,6.6,17,23
Artie Burns,10659,CB,PIT,19,2,8.8,1,0,25,69.2,68.3,27.8,60.0,68.4,57.1,13.3,2,11,295,302,0.7,2,11
Kenny Clark,10661,DI,GB,19,6,2.3,0,0,12,82.6,74.8,71.4,67.9,69.2,67.8,3.6,1,1,182,189,8.2,15,21
Robert Nkemdiche,10663,DI,ARZ,5,0,,0,0,1,,53.5,21.6,51.4,62.8,,,0,1,38,38,0.0,0,0
Vernon Butler,10664,DI,CAR,10,2,3.8,0,0,5,60.0,60.0,83.8,61.9,54.9,73.7,0.0,0,0,85,86,5.9,5,6
Emmanuel Ogbah,10666,ED,CLV,16,7,3.0,0,0,8,79.2,59.0,75.0,58.1,52.9,72.8,3.0,1,2,315,327,5.4,17,25
Kevin Dodd,10667,ED,TEN,9,0,2.3,0,0,31,38.4,44.0,24.8,49.2,59.9,45.5,0.0,0,2,58,62,5.2,3,3
Myles Jack,10670,LB,JAX,14,3,6.4,0,0,15,73.9,64.5,82.9,60.5,54.0,73.4,5.0,1,1,136,137,7.4,10,16
Chris Jones,10671,DI,KC,17,7,2.8,1,0,16,59.5,72.6,6.7,76.3,71.7,59.8,7.7,2,8,226,228,5.8,13,17
Xavien Howard,10672,CB,MIA,8,4,6.5,2,0,17,60.8,61.0,22.6,52.9,68.6,61.0,16.7,2,4,245,250,0.8,2,6
Noah Spence,10673,ED,TB,16,3,3.8,0,0,30,66.2,61.6,81.2,62.9,50.3,55.0,13.3,2,1,151,156,3.3,5,10
Kamalei Correa,10676,ED,BLT,5,0,3.5,0,1,3,69.0,62.9,78.0,53.4,59.1,28.3,0.0,0,0,29,29,6.9,2,2
Austin Johnson,10677,DI,TEN,10,3,2.1,0,0,31,,59.6,51.3,51.9,68.8,74.4,0.0,0,1,68,70,10.3,7,9
Jihad Ward,10678,DI,OAK,16,6,2.3,0,0,23,67.1,44.8,53.3,49.3,45.5,55.2,4.3,1,3,227,234,4.8,11,16
A'Shawn Robinson,10680,DI,DET,17,12,2.2,0,0,11,63.1,63.1,70.6,60.4,61.5,65.4,2.9,1,2,205,211,7.3,15,21
Jarran Reed,10683,DI,SEA,17,7,2.6,0,0,29,58.4,57.4,66.3,55.6,59.2,62.7,6.3,2,2,259,269,6.6,17,23
Deion Jones,10686,LB,ATL,18,12,3.9,0,2,2,72.4,70.1,86.6,57.8,62.7,60.1,17.9,12,0,324,339,8.6,28,43
Su'a Cravens,10687,LB,WAS,10,2,1.9,0,0,32,76.3,76.5,29.9,62.8,74.4,78.5,10.0,1,2,59,61,10.2,6,7
Mackensie Alexander,10688,CB,MIN,6,1,,0,0,18,44.0,47.5,77.6,,68.1,82.3,0.0,0,2,20,20,0.0,0,0
T.J. Green,10691,S,IND,15,1,8.9,0,0,14,30.2,29.8,11.5,69.7,42.7,47.5,16.7,2,3,141,146,2.1,3,9
Sean Davis,10692,S,PIT,16,3,7.9,0,0,25,60.5,58.2,21.0,59.0,57.9,40.7,25.0,11,3,289,297,4.2,12,30
Cyrus Jones,10694,CB,NE,8,0,3.5,0,0,19,66.4,64.7,0.0,58.7,69.7,81.2,0.0,0,1,34,36,2.9,1,2
Vonn Bell,10695,S,NO,15,5,6.5,2,1,20,44.6,56.1,0.0,71.1,89.9,90.6,0.0,0,8,303,308,4.6,14,30
James Bradberry,10696,CB,CAR,13,1,4.6,1,0,5,70.2,69.5,86.8,60.2,59.2,79.5,11.8,2,4,272,276,1.5,4,14
Adam Gotsis,10697,DI,DEN,16,4,3.1,0,0,10,60.0,54.7,83.6,52.3,56.2,75.6,0.0,0,0,116,121,6.0,7,12
Kevin Byard,10698,S,TEN,16,2,5.6,0,0,31,66.1,68.5,84.9,68.3,67.1,64.3,17.9,5,2,190,202,6.3,12,21
Carl Nassib,10699,ED,CLV,14,2,2.5,0,0,8,60.2,47.4,90.1,51.6,41.7,71.1,11.8,2,0,168,172,6.0,10,13
Maliek Collins,10701,DI,DAL,17,3,1.8,0,0,9,62.7,44.8,67.5,67.2,29.0,47.4,17.6,3,1,234,236,4.3,10,11
Yannick Ngakoue,10703,ED,JAX,16,0,2.3,0,0,15,58.0,52.3,84.7,65.3,29.5,56.5,20.0,2,1,202,207,3.5,7,8
Darian Thompson,10705,S,NYG,2,0,0.0,0,0,21,57.2,56.4,80.8,54.8,59.4,67.9,50.0,1,0,21,23,4.8,1,1
Jonathan Bullard,10706,DI,CHI,14,6,2.8,1,0,6,58.0,52.3,62.0,50.7,57.8,75.8,0.0,0,1,128,130,7.8,10,13
KeiVarae Russell,10708,CB,CIN,1,0,,0,0,7,60.0,83.6,88.0,,60.0,,,0,0,1,1,0.0,0,0
Shilique Calhoun,10709,ED,OAK,10,1,3.0,2,0,23,56.2,48.2,20.3,56.6,51.1,60.1,16.7,1,3,75,76,2.7,2,4
Daryl Worley,10711,CB,CAR,15,7,5.9,1,0,5,63.5,68.1,88.3,83.9,79.1,63.6,10.7,3,1,271,278,1.8,5,18
Adolphus Washington,10714,DI,BUF,15,2,1.5,1,0,4,58.8,57.6,48.7,54.3,62.5,65.1,7.1,1,2,172,180,5.8,10,11
Jordan Jenkins,10717,ED,NYJ,14,8,4.9,0,0,22,78.1,70.1,59.8,74.5,55.6,72.7,11.1,3,1,261,267,4.2,11,16
Kendall Fuller,10718,CB,WAS,12,1,6.0,0,0,32,54.9,56.9,84.5,67.3,63.2,69.0,14.3,1,0,124,130,2.4,3,5
Nick Vigil,10721,LB,CIN,9,2,21.0,0,0,7,60.5,46.4,80.0,46.9,29.2,49.1,25.0,1,0,24,26,0.0,0,1
Kyler Fackrell,10722,ED,GB,13,0,5.3,0,0,12,73.7,62.4,44.4,72.1,38.3,78.8,0.0,0,1,52,52,0.0,0,3
Javon Hargrave,10723,DI,PIT,18,10,2.5,0,0,25,61.4,63.7,66.9,60.5,63.8,65.7,3.1,1,2,236,240,6.4,15,21
Brandon Williams,10726,CB,ARZ,5,0,4.0,1,0,1,43.2,47.9,84.1,,72.1,77.8,0.0,0,2,81,84,0.0,0,3
Vincent Valentine,10730,DI,NE,16,6,1.3,0,0,19,60.0,59.2,63.7,54.7,62.4,66.7,4.3,1,1,150,153,8.7,13,16
Justin Simmons,10732,S,DEN,11,2,2.4,0,0,10,75.4,75.3,83.3,73.5,53.2,85.5,0.0,0,0,72,73,4.2,3,5
Joe Schobert,10733,ED,CLV,12,1,3.3,0,0,8,58.4,54.6,85.3,56.2,51.6,28.6,31.3,5,0,118,124,5.9,7,10
Joshua Perry,10736,LB,SD,8,0,4.5,0,0,27,71.6,78.9,77.2,58.9,75.3,82.4,0.0,0,0,67,70,4.5,3,6
Sheldon Day,10737,DI,JAX,16,2,-0.1,0,0,15,59.8,59.7,53.9,57.5,62.5,56.1,9.1,1,1,101,103,7.9,8,8
Tavon Young,10738,CB,BLT,14,2,5.3,0,0,3,75.6,76.3,86.8,71.0,69.6,48.4,20.0,2,6,260,270,1.2,3,6
Eric Murray,10740,S,KC,9,0,6.0,0,0,16,68.7,74.0,90.0,,69.1,86.3,0.0,0,0,15,16,6.7,1,1
Chris Moore,10741,WR,BLT,1,0,,0,0,3,,60.0,60.0,,60.0,,,0,0,1,1,0.0,0,0
B.J. Goodson,10743,LB,NYG,3,0,,0,0,21,51.1,64.8,71.8,60.0,75.8,71.4,,0,0,7,7,0.0,0,0
Miles Killebrew,10745,S,DET,5,1,5.0,1,0,11,64.8,61.6,78.6,53.1,51.7,77.7,0.0,0,1,11,11,0.0,0,1
Nick Kwiatkoski,10747,LB,CHI,12,7,3.0,0,0,6,48.5,59.1,81.2,69.0,66.6,56.7,2.8,1,0,192,199,9.4,18,28
De'Vondre Campbell,10749,LB,ATL,14,10,2.8,0,1,2,59.8,55.7,84.4,51.6,50.4,56.4,8.8,3,2,225,234,6.2,14,21
Hassan Ridgeway,10750,DI,IND,16,6,1.8,0,0,14,58.4,58.2,86.4,55.2,58.9,68.8,0.0,0,0,211,216,5.2,11,13
Juston Burris,10752,CB,NYJ,7,1,18.0,0,0,22,64.0,63.8,84.9,,58.2,65.2,33.3,1,1,75,78,0.0,0,1
David Onyemata,10754,DI,NO,16,8,2.0,0,0,20,53.6,57.2,86.4,59.2,55.2,36.4,14.3,3,0,157,158,5.1,8,10
Deon Bush,10758,S,CHI,7,1,12.1,0,0,6,62.1,58.1,84.5,,45.2,47.6,27.3,3,0,137,140,0.7,1,7
Antonio Morrison,10759,LB,IND,14,10,3.3,0,0,14,47.6,56.1,83.3,44.1,70.3,68.6,6.1,2,0,144,150,8.3,12,21
Deiondre' Hall,10761,CB,CHI,5,1,3.0,1,0,6,55.2,40.1,0.0,,48.2,58.6,25.0,1,3,36,39,5.6,2,2
Derrick Kindred,10763,S,CLV,12,4,7.1,0,0,8,54.3,55.7,87.9,47.0,60.3,42.9,23.3,7,0,236,244,2.5,6,19
Blake Martinez,10765,LB,GB,15,11,3.9,1,0,12,41.9,57.8,82.2,54.9,73.6,55.7,3.8,2,1,233,241,10.3,24,40
Rashard Robinson,10767,CB,SF,14,3,11.8,4,0,28,60.8,58.0,0.0,56.2,59.7,59.6,38.5,5,8,230,233,0.9,2,5
Dean Lowry,10771,DI,GB,17,2,2.3,0,0,12,,72.1,54.4,69.2,69.0,56.9,11.1,1,1,79,82,5.1,4,6
Zack Sanchez,10775,CB,CAR,3,1,4.0,0,0,5,35.8,40.7,79.2,,74.0,46.0,0.0,0,0,18,20,5.6,1,1
Ronald Blair III,10776,DI,SF,15,1,4.1,0,0,28,66.7,55.5,67.2,53.2,55.7,46.0,10.0,1,1,82,82,6.1,5,8
Matthew Judon,10780,ED,BLT,14,7,3.1,0,0,3,68.9,60.1,63.8,58.8,59.1,55.2,12.5,2,1,111,114,3.6,4,7
Quinton Jefferson,10781,DI,SEA,2,0,,0,0,29,60.0,52.7,74.8,50.8,60.4,66.8,,0,0,2,2,0.0,0,0
Matt Ioannidis,10786,DI,WAS,9,0,2.8,0,0,32,,61.0,85.8,56.3,61.1,72.3,0.0,0,0,50,51,8.0,4,5
Wendell Smallwood,10787,HB,PHI,1,0,,0,0,24,,60.0,60.0,,60.0,,,0,1,1,1,0.0,0,0
LeShaun Sims,10791,CB,TEN,6,0,5.0,0,0,31,55.3,54.0,83.9,,42.6,43.0,50.0,1,1,64,66,0.0,0,1
K.J. Dillon,10793,S,HST,2,0,4.0,0,0,13,62.3,64.0,71.6,,62.2,77.6,0.0,0,0,16,17,12.5,2,2
Kentrell Brothers,10794,LB,MIN,1,0,,0,0,18,,60.0,60.0,,60.0,,,0,0,1,1,0.0,0,0
D.J. Reader,10800,DI,HST,18,11,1.8,0,0,13,62.2,70.1,87.0,65.6,65.2,77.4,0.0,0,0,238,244,5.0,12,14
Antwione Williams,10803,LB,DET,11,2,3.2,0,0,11,49.7,46.5,81.3,57.9,48.0,39.2,20.0,3,0,103,111,4.9,5,10
Jatavis Brown,10809,LB,SD,11,3,3.6,0,0,27,76.1,77.6,86.4,90.9,57.2,64.8,10.3,3,1,201,206,6.0,12,23
Temarrick Hemingway,10811,TE,LA,1,0,,0,0,26,,60.0,60.0,,60.0,,,0,0,1,1,0.0,0,0
D.J. White,10812,CB,KC,5,0,,0,0,16,49.0,50.8,82.1,,66.4,59.3,,0,0,32,33,0.0,0,0
Tyrone Holmes,10815,ED,CLV,8,0,4.5,2,0,8,51.9,43.8,0.0,59.2,55.4,74.3,0.0,0,4,26,29,3.8,1,2
DeAndre Houston-Carson,10819,S,CHI,2,0,,0,0,6,60.4,62.9,68.7,,61.3,,,0,0,6,6,0.0,0,0
Anthony Brown,10823,CB,DAL,16,3,5.7,0,0,9,64.7,65.9,87.3,55.7,68.0,64.5,14.3,1,2,207,211,0.5,1,3
Josh Forrest,10824,LB,LA,9,3,-0.6,0,0,26,47.2,52.5,76.6,52.0,59.7,62.4,11.1,1,0,59,60,5.1,3,5
Cory James,10828,LB,OAK,12,5,3.2,0,1,23,53.5,46.1,40.2,45.8,48.1,57.7,20.7,6,1,171,177,8.2,14,18
Blake Countess,10830,S,LA,4,2,2.8,0,0,26,28.9,38.1,80.0,92.0,62.4,73.5,20.0,2,1,50,53,8.0,4,6
Cody Core,10833,WR,CIN,1,0,,0,0,7,,60.0,60.0,,60.0,,,0,0,1,1,0.0,0,0
Anthony Zettel,10836,ED,DET,14,2,2.9,0,0,11,59.2,54.9,87.7,55.5,55.0,66.3,0.0,0,0,109,112,6.4,7,12
Dadi Nicolas,10837,ED,KC,2,0,,0,0,16,61.5,70.4,76.7,68.5,59.7,,100.0,1,0,6,6,0.0,0,0
Harlan Miller,10839,CB,ARZ,2,0,-1.0,0,0,1,78.3,82.2,77.5,,64.4,83.2,0.0,0,0,44,46,2.3,1,1
Kamu Grugier-Hill,10842,LB,PHI,1,0,-6.0,0,0,24,,68.8,65.2,,60.0,66.8,0.0,0,0,1,1,100.0,1,1
Kavon Frazier,10846,S,DAL,2,1,,0,0,9,49.1,49.5,73.4,,63.2,75.2,0.0,0,0,12,12,0.0,0,0
Elandon Roberts,10848,LB,NE,14,4,3.0,0,1,19,49.2,62.3,84.1,66.2,71.1,74.6,9.1,3,1,162,166,8.0,13,26
Kevon Seymour,10852,CB,BUF,14,0,7.0,0,0,4,59.9,59.1,84.0,60.0,52.3,46.0,25.0,1,0,95,99,1.1,1,3
Will Parks,10853,S,DEN,12,1,7.3,0,0,10,53.1,50.8,81.0,52.0,48.7,68.7,16.7,1,1,48,48,4.2,2,4
Aaron Wallace,10856,ED,TEN,8,2,4.0,0,0,31,76.4,67.5,80.9,62.3,59.9,79.6,0.0,0,0,37,39,8.1,3,5
Stephen Weatherly,10861,ED,MIN,1,0,,0,0,18,,58.6,64.8,58.4,60.0,,,0,0,1,1,0.0,0,0
Jalen Mills,10867,CB,PHI,16,2,5.3,0,0,24,37.5,39.0,64.0,56.5,52.2,48.5,12.5,2,6,223,228,2.2,5,12
Charone Peake,10875,WR,NYJ,1,0,,0,0,22,,60.0,60.0,,60.0,,,0,0,1,1,0.0,0,0
Jayron Kearse,10878,S,MIN,4,0,3.5,0,0,18,60.9,58.4,77.9,,52.7,32.7,33.3,1,0,33,35,3.0,1,2
Clayton Fejedelem,10879,S,CIN,3,0,1.0,0,0,7,65.2,70.1,78.3,57.9,68.9,79.7,0.0,0,0,8,8,25.0,2,2
Tyler Matakevich,10880,LB,PIT,3,1,5.0,0,0,25,51.7,62.0,99.9,,67.2,81.8,0.0,0,0,14,14,7.1,1,3
Scooby Wright III,10884,LB,ARZ,1,2,,0,0,1,60.7,75.8,97.7,59.1,62.5,72.0,0.0,0,0,2,2,0.0,0,0
Kalan Reed,10887,CB,TEN,1,0,,0,0,31,73.0,72.6,72.7,,60.0,71.6,,0,0,2,2,0.0,0,0
Johnny Maxey,10888,DI,PIT,3,0,-1.0,0,0,25,,58.5,1.7,54.0,68.5,27.0,50.0,1,1,24,25,4.2,1,1
Jarrod Wilson,10902,S,JAX,8,1,0.0,0,0,15,65.6,66.0,77.4,60.0,61.9,72.0,0.0,0,0,19,20,5.3,1,1
Briean Boddy-Calhoun,10903,CB,CLV,13,2,7.1,1,0,8,60.7,63.4,86.1,80.3,67.3,48.6,18.8,3,2,207,214,3.4,7,11
Curt Maggitt,10911,ED,IND,8,0,1.0,0,0,14,43.4,35.8,36.5,46.9,44.8,33.8,33.3,1,1,50,53,2.0,1,2
Chris Milton,10914,CB,IND,3,0,,0,0,14,57.9,56.2,80.3,,43.6,26.6,,0,0,27,28,0.0,0,0
Chester Rogers,10918,WR,IND,1,0,,0,0,14,,60.0,60.0,,60.0,,,0,5,1,1,0.0,0,0
DaVonte Lambert,10937,ED,TB,11,3,2.8,0,0,30,60.0,36.2,76.8,43.6,37.9,49.4,11.8,2,1,194,199,3.1,6,12
Channing Ward,10943,ED,TB,5,1,3.0,0,0,30,60.0,56.7,81.0,54.9,58.0,70.5,0.0,0,0,44,45,2.3,1,3
Matthias Farley,10953,S,IND,2,0,0.0,0,0,14,61.6,62.1,81.7,60.0,60.4,52.8,50.0,1,0,19,19,5.3,1,1
Bryson Albright,10962,ED,BUF,1,0,,0,0,4,,60.0,65.6,,60.0,,,0,0,1,1,0.0,0,0
Chris Landrum,10992,ED,SD,9,1,0.5,0,0,27,40.8,60.1,81.6,61.8,65.5,29.9,40.0,2,0,28,29,7.1,2,2
Trevor Williams,11004,CB,SD,9,0,4.0,3,0,27,49.8,53.6,38.2,53.1,76.7,71.7,12.5,1,6,144,146,3.5,5,7
Kyle Peko,11027,DI,DEN,1,0,1.0,0,0,10,60.0,66.8,75.7,54.2,69.3,68.3,0.0,0,0,5,5,20.0,1,1
Sharrod Neasman,11050,S,ATL,5,0,10.0,0,0,2,72.8,70.6,75.3,60.0,58.0,53.7,25.0,1,0,16,16,6.3,1,3
Joshua Perkins,11051,TE,ATL,1,0,,0,0,2,,60.0,60.0,,60.0,,,0,2,1,1,0.0,0,0
Brian Poole,11052,CB,ATL,19,6,6.7,2,0,2,64.3,69.2,87.9,88.3,76.8,57.9,5.6,1,7,239,250,1.7,4,11
Dominique Alexander,11058,LB,CLV,1,0,,0,0,8,,60.8,64.2,,60.0,,,0,0,1,1,0.0,0,0
Tracy Howard,11063,S,CLV,12,3,8.5,0,0,8,60.4,55.9,81.0,,46.4,45.2,25.0,3,0,119,121,0.8,1,6
Destiny Vaeao,11083,DI,PHI,16,0,2.0,0,0,24,61.8,46.9,37.0,51.9,49.8,57.3,11.1,1,2,111,112,4.5,5,8
Victor Ochi,11098,ED,KC,2,1,,0,0,16,,55.6,74.5,49.4,65.1,69.9,0.0,0,0,2,2,0.0,0,0
Patrick Onwuasor,11100,LB,BLT,5,4,2.0,0,0,3,70.7,68.0,76.9,52.1,62.4,81.0,0.0,0,0,27,29,0.0,0,1
Michael Pierce,11101,DI,BLT,16,3,1.3,0,0,3,60.0,79.7,70.6,65.8,81.4,67.2,0.0,0,1,184,194,12.5,23,24
Alex Erickson,11107,WR,CIN,1,0,,0,0,7,,60.0,60.0,,60.0,,,0,0,1,1,0.0,0,0
Deon King,11124,LB,IND,1,0,6.0,0,0,14,65.1,48.2,69.6,,45.0,71.7,0.0,0,0,3,3,33.3,1,1
Adairius Barnes,11129,CB,DET,4,0,,0,0,11,50.6,50.9,77.9,51.0,62.4,78.0,,0,0,13,14,0.0,0,0
Kentrell Brice,11142,S,GB,12,0,5.3,0,0,12,60.1,59.0,80.6,50.5,56.0,70.2,10.0,1,1,62,65,6.5,4,9
Josh Hawkins,11149,CB,GB,1,0,,0,0,12,44.2,45.1,74.6,,60.0,20.2,,0,0,1,1,0.0,0,0
Brian Price,11157,DI,GB,1,0,,0,0,12,,48.2,74.0,55.9,52.5,,,0,0,5,5,0.0,0,0
Joel Heath,11162,DI,HST,14,1,1.8,0,0,13,62.3,51.5,61.1,60.9,46.0,74.4,0.0,0,1,138,143,4.3,6,6
Ufomba Kamalu,11164,DI,HST,4,1,0.3,0,0,13,60.0,56.8,80.2,52.9,65.7,54.2,0.0,0,0,35,38,8.6,3,3
Brennan Scarlett,11169,ED,HST,5,2,1.3,0,0,13,77.5,61.2,82.7,45.7,67.5,77.7,0.0,0,0,49,50,8.2,4,4
Terrance Smith,11181,LB,KC,3,0,3.5,0,0,16,47.4,31.3,77.2,59.0,34.7,32.8,33.3,1,0,39,39,2.6,1,2
Morgan Fox,11184,DI,LA,4,1,-0.7,0,1,26,60.0,81.8,82.6,53.2,90.1,73.0,0.0,0,0,31,32,9.7,3,3
Nicholas Grigsby,11187,LB,LA,1,0,,0,0,26,,60.0,60.0,,60.0,,,0,0,1,1,0.0,0,0
Mike Jordan,11189,CB,LA,4,0,2.8,0,0,26,55.9,60.9,82.2,60.0,80.7,37.8,0.0,0,0,67,68,4.5,3,4
Cory Littleton,11190,LB,LA,8,1,2.8,0,0,26,59.7,55.4,77.6,63.2,51.5,38.7,30.0,3,0,73,75,5.5,4,6
Woodrow Hamilton,11215,DI,NE,2,0,2.4,0,0,19,,87.9,77.4,58.2,88.8,71.3,0.0,0,0,22,23,18.2,4,5
Jonathan Jones,11217,CB,NE,6,0,1.0,0,0,19,54.6,53.8,80.1,46.4,64.3,79.8,0.0,0,0,17,18,5.9,1,2
Cre'Von LeBlanc,11218,CB,CHI,13,4,6.7,1,0,6,65.9,65.4,85.8,49.2,61.3,55.9,19.0,4,3,230,236,1.7,4,13
Ken Crawley,11224,CB,NO,9,2,5.8,1,0,20,52.0,51.4,87.4,60.0,46.0,55.5,30.0,3,2,155,158,0.6,1,5
De'Vante Harris,11227,CB,NO,4,0,,0,0,20,61.7,60.3,80.9,63.9,47.6,29.7,,0,0,32,33,0.0,0,0
Andrew Adams,11240,S,NYG,14,5,7.8,0,0,21,67.1,68.8,87.9,53.5,70.2,40.3,18.8,3,0,265,273,0.8,2,8
Michael Hunter,11243,CB,NYG,2,0,7.5,0,0,21,28.6,30.0,73.6,,67.0,78.8,0.0,0,0,6,6,0.0,0,2
Romeo Okwara,11250,DI,NYG,14,3,2.6,0,0,21,69.8,53.9,88.8,42.4,67.9,50.8,7.1,1,0,109,112,8.3,9,10
Jalin Marshall,11259,WR,NYJ,1,0,,0,0,22,,60.0,63.7,,60.0,,,0,0,1,1,0.0,0,0
Doug Middleton,11262,S,NYJ,2,1,2.5,0,0,22,29.4,28.3,74.9,57.5,55.4,61.3,25.0,1,2,11,11,18.2,2,2
Lawrence Thomas,11265,DI,NYJ,3,1,-2.0,0,0,22,46.0,33.9,79.5,43.5,54.7,36.7,0.0,0,0,16,17,6.3,1,1
DeAndre Elliott,11281,CB,SEA,3,0,7.0,0,0,29,57.4,56.8,81.1,,53.8,77.3,0.0,0,0,10,10,0.0,0,1
Mehdi Abdesmad,11322,DI,TEN,2,0,7.0,0,0,31,,45.1,74.7,53.3,48.2,66.8,0.0,0,0,10,10,0.0,0,1
Antwaun Woods,11332,DI,TEN,1,0,2.0,0,0,31,,51.7,74.6,53.2,56.0,69.5,0.0,0,0,5,5,20.0,1,3
Marwin Evans,11343,S,GB,1,0,,0,0,12,47.3,44.8,73.1,53.0,63.3,28.8,,0,0,8,9,0.0,0,0
James Cowser,11351,ED,OAK,6,2,2.8,0,0,23,62.2,61.0,79.3,60.2,58.6,75.2,0.0,0,0,29,29,10.3,3,4
Darius Latham,11356,DI,OAK,15,4,2.6,0,0,23,55.3,52.6,64.0,52.7,57.8,32.3,7.1,1,1,148,149,4.1,6,9
Frankie Williams,11368,CB,IND,2,0,,0,0,14,54.5,55.4,72.2,,60.0,73.0,,0,0,1,2,0.0,0,0
Branden Jackson,11394,ED,OAK,3,0,1.0,0,0,23,,30.3,74.4,50.2,34.6,66.8,0.0,0,0,12,12,8.3,1,1
Jalen Richard,11395,HB,OAK,1,0,,0,0,23,,60.0,60.0,,60.0,,,0,0,1,1,0.0,0,0
Anthony Lanier II,11409,DI,WAS,3,0,,0,0,32,,62.8,77.7,59.5,63.4,67.3,,0,0,6,7,0.0,0,0
Javien Elliott,11418,CB,TB,5,0,4.0,0,0,30,60.4,59.8,81.0,50.0,58.5,44.1,33.3,1,0,49,51,2.0,1,2
