team_names,team_name,Year,avg_diff_wr,avg_diff_rb,avg_diff_te,avg_diff_ol,avg_diff_db,avg_diff_lb,avg_diff_dl
ARZ,ARZ,2012,0.2832906243485778,-0.04160566695131614,-0.054947328025751876,0.13242611987483943,-0.07651639897043304,-0.006495804498245024,0.07764879311800008
ARZ,ARZ,2021,0.19649105855574509,-0.17075683704575909,-0.004542985116049766,0.5122952443903892,0.004722339473091871,0.07246048893703008,-0.08238442957924488
ARZ,ARZ,2020,0.48426317804727886,0.09391035127674868,-0.0744593251790257,0.07411265706750535,0.12944970544063952,0.028934135699512177,-0.3919905169010553
ARZ,ARZ,2019,0.010619133453581283,0.17554155993162765,-0.05553934035698681,0.2900426918445519,0.5215117775438585,-0.014049954504649454,-0.1817115382432054
ARZ,ARZ,2017,-0.026785171320870407,-0.054398784848703106,0.054615819769961556,-0.046107179993005606,0.06359083977558624,-0.12177191994955769,-0.0014155970086712117
ARZ,ARZ,2018,0.15496268186486298,0.217334650245576,0.05808590795890094,-0.11449880912648,-0.020806664690746806,-0.17013479957928865,0.08114821351779934
ARZ,ARZ,2015,-0.13833395841839344,-0.03830385612040699,-0.08109937443588051,0.10968363114435405,-0.19096389443333706,-0.024276874356111564,-0.009398359234382326
ARZ,ARZ,2014,0.14436405350078085,-0.03105182596687266,-0.02986953148861972,-0.0176850171425585,-0.08210360561491739,-0.11636330180886503,-0.026661493461877094
ARZ,ARZ,2013,0.5161534210762089,-0.06753492395591057,-0.028677557131881883,0.12131183241784467,-0.0885701042767271,0.009643517236996866,0.11966898249347913
ARZ,ARZ,2016,-0.07539820245914194,-0.04151315804663942,-0.07034185731348504,0.0029732567874981132,0.14776426392558048,-0.15977660283179157,-0.21696067880190636
ATL,ATL,2021,-0.016278666775823132,-0.033468661954465455,-0.0832609065716986,-0.19999574680845858,-0.41987213701538295,0.25708872221071877,0.22358459548899057
ATL,ATL,2020,0.31029692097052913,0.03913088304081966,-0.019458963003221023,0.16361534032385636,-0.08640853090978873,0.3227542208488769,0.11301332749757145
ATL,ATL,2019,0.23616685603490822,0.1343304837302463,0.030272242377905014,0.16963935085342013,0.24568254349133545,0.22652182634181056,-0.09875641027009846
ATL,ATL,2018,-0.038307985903838215,0.023950750663561494,-0.055496993365066125,0.11659514796801088,0.12983385526727761,0.12710849101902186,-0.08973585500806361
ATL,ATL,2017,-0.017925597900854354,0.07647977179261736,-0.042908944541107975,-0.04113712662845124,0.18226712076075013,0.12710849101902186,-0.14785436561250553
ATL,ATL,2016,0.05959295993487956,0.023950750663561494,-0.030802452869129845,0.14628834134748014,-0.05280694368552009,-0.03656031919580464,-0.007109327688879284
ATL,ATL,2015,0.032774114814875965,0.023950750663561494,-0.04748276872354629,0.01274445047231758,-0.11454114390605252,-0.009263071037269654,-0.040454842981180524
ATL,ATL,2014,0.010493604467875162,-0.03257325562743924,-0.12614050828205775,-0.0161458984249367,-0.1450422892812625,0.12710849101902186,0.030959401453181566
ATL,ATL,2013,0.07021144574067877,-0.05747681573036186,0.07525821048807128,-0.10568865879922591,-0.033500792230501564,0.12710849101902186,-0.07054681919485686
ATL,ATL,2012,-0.027964003424163515,0.041232849393513675,-0.00800344420144717,0.05074384470554911,0.0028094654750202845,0.0021095669457991866,-0.1185038980626764
BLT,BLT,2020,-0.08669455183507026,-0.2164225597240958,0.023190837142014028,-0.45841632668654786,0.25451226333062676,-0.197223607120501,0.1332165527070782
BLT,BLT,2021,-0.21934263885516725,-0.07034821004885748,-0.07514086410044216,-0.14083041538264568,0.26073706609809283,-0.24423858826052555,0.038883714050374614
BLT,BLT,2019,0.02372980459014258,-0.044101612087901705,-0.037835526357773694,-0.483819156569232,0.359680542177845,-0.19609440242143855,0.0383045138103965
BLT,BLT,2018,0.029533623844000607,-0.053614838141636166,-0.021396600427119026,-0.27361132447980996,0.10099355267000233,-0.18338983760505678,-0.09525490905766251
BLT,BLT,2012,0.00817211905022859,0.06968214691895393,-0.06070873362078088,-0.03501993313379307,-0.12288352423436093,0.029831717967362326,0.10239806193029823
BLT,BLT,2016,-0.04438317035541242,-0.05144394396951662,0.13180913517086085,0.06111075990638831,0.12225655910876272,-0.10222471339821915,-0.16194046676585705
BLT,BLT,2015,-0.3226512734209696,-0.04825032956213369,-0.021396600427119026,-0.12451335383142655,0.11407911584751389,-0.03900745762874264,-0.29636754898806167
BLT,BLT,2014,-0.16671083336293155,-0.09670673380069153,-0.12430496041936868,0.02563472170382764,-0.014697549418167121,-0.026922109539245884,-0.02029112160248197
BLT,BLT,2013,-0.02480295643323076,0.028672537141153528,-0.030640864809659944,0.03949337197937367,-0.010059599276443414,0.03924657742239493,0.09726301116718991
BLT,BLT,2017,-0.0637956415722926,-0.053614838141636166,0.0024581735781982685,-0.12854791467111684,0.06269653345938747,-0.10222471339821915,-0.06563491953392113
BUF,BUF,2013,-0.07640740033380158,0.061377253235785835,-0.031763257191271446,-0.07537949096807547,-0.032746532460551044,-0.04313264276021783,0.11344812539958418
BUF,BUF,2016,-0.07640740033380158,0.018968571072006973,0.12192927171808327,0.21108715184503019,-0.19421972131060808,-0.09799542439392625,0.052649995322280554
BUF,BUF,2018,-0.07640740033380158,0.043674405311279856,0.2019310716399322,-0.2719260394720642,-0.16754695164791703,-0.22452777562550122,0.04538912268395479
BUF,BUF,2021,-0.0898390260850251,0.0185194416941036,0.046992333451171125,0.319664967071004,0.04814590170530801,0.09808816199965562,0.34118228639164366
BUF,BUF,2012,0.056880465731078425,-0.02423478420700767,-0.0515109416992094,-0.2352196124422153,-0.1671974183837138,0.004648072227221129,0.21380280745364066
BUF,BUF,2014,0.09223960946417892,-0.04519848483850881,-0.011915267515374677,0.056508672384802006,0.0981200236150555,-0.0313278062623705,0.2219083601366933
BUF,BUF,2015,-0.12314721813333669,0.08215068002279392,0.13056537395729245,-0.08466878068990792,0.01983349586677615,-0.060578263140414645,0.24492558665620467
BUF,BUF,2017,-0.1104687115167919,0.05384061818120623,0.15199012933818773,-0.19375785859173064,-0.2334533605068985,-0.09210231756033109,0.12322469893505111
BUF,BUF,2019,-0.21631525398572007,-0.042422725224727564,0.009479396916951896,-0.0662713329399456,-0.11843446316332502,-0.04313264276021783,0.10516357404927049
BUF,BUF,2020,-0.14420166781099467,0.0185194416941036,-0.09777477610405183,0.15100578797618097,0.14995247014649352,0.0587342106739243,0.10155359611266987
CAR,CAR,2012,0.09585982611279233,0.08659525317857027,-0.06603985670584697,0.028920450262631753,-0.06591706156397364,0.052869116292673726,0.17018338921324835
CAR,CAR,2021,0.12037928773821523,0.02390112920361904,-0.01702106222199335,0.25428020069449175,-0.333933794910116,-0.07701591862395779,-0.1773875715177118
CAR,CAR,2020,-0.18008194221176085,-0.01578438699569781,-0.0457405449287481,-0.05226014212805596,0.06580234963394621,0.09922362457126194,-0.342164618285023
CAR,CAR,2018,-0.15703962854155915,-0.07721155774692463,-0.07499592803756627,-0.13078622113771515,-0.13176587524781772,0.016052441585974724,-0.04322039599854327
CAR,CAR,2017,-0.1722623936405817,0.09200014962008224,-0.04702138420914282,-0.06758562746562317,-0.06816092452152352,0.11693895576332,-0.021730864840738124
CAR,CAR,2016,-0.08718059071789017,0.018223966840062698,-0.004126932615665002,-0.07673726129727625,-0.17010083859068137,0.1454980573800867,-0.43781810785677105
CAR,CAR,2015,-0.20794464141975746,0.03083901751970979,0.05892383555821849,-0.11919838609853715,-0.20745968999597103,0.1940240164045739,0.08237709832343322
CAR,CAR,2014,-0.05904823306554079,0.03436209444660619,-0.04078753266701653,0.02493489698642859,-0.13924132434277975,0.02378129556898553,-0.02569086335408301
CAR,CAR,2013,-0.21962544705838807,0.022184496766543587,-0.013970479302615045,0.09994883076725819,-0.16910402663512172,-0.0030405448695865625,0.021751058201723093
CAR,CAR,2019,-0.12897025168729043,0.02390112920361904,0.0805692629104421,0.15304209789893103,-0.14498722316603704,0.18143177075135228,-0.08533577944031671
CHI,CHI,2021,0.11026300048873608,0.06125830611619419,-0.06628961157896697,-0.26242059334702766,0.2464005931188498,-0.1844290072225611,0.0066540041570693235
CHI,CHI,2020,-0.22368955540941113,0.03895851732286711,0.1283235982889263,-0.1647923896190604,0.1421962332653007,0.12854218704158246,-0.10723762708673121
CHI,CHI,2015,-0.05721365382436462,0.07509935519746251,-0.06148609415881939,-0.2581498392559121,-0.21086184415125112,-0.0026376606465118957,-0.1538079448093922
CHI,CHI,2018,0.09075022582844373,0.06125830611619419,0.05249922244764108,0.05149399848206867,-0.06913424774898574,0.06828649749697721,0.15243958693738416
CHI,CHI,2014,0.057406375248940496,0.1311965615856546,-0.017551302182287145,-0.022663591986185967,-0.038371694215377325,-0.0450998521653943,-0.13314525749870054
CHI,CHI,2013,-0.005268369145159879,0.012394759725331184,0.029580150560825528,-0.019428214384073925,-0.043846112479773755,-0.04700488508579522,0.19911269975854054
CHI,CHI,2012,0.04961323960398783,0.04864233674965556,-0.010223148159038188,-0.07395567665066859,-0.07247398113315894,0.05468242038493047,0.13637592610647378
CHI,CHI,2016,0.12842927821623792,0.06125830611619419,-0.0306077647662344,-0.15317841948608296,-0.0018986231549151685,-0.037100901529753795,-0.14241200691178865
CHI,CHI,2019,0.13529178053248858,0.06125830611619419,-0.08187672293753961,0.1676891508498097,0.11212963210441562,0.08221674612749155,0.01544076650304022
CHI,CHI,2017,-0.1494680550371005,0.06125830611619419,0.08976204769817173,0.15051196808467324,-0.3283229903055074,-0.043832150866084364,-0.023045768840400858
CIN,CIN,2016,0.0905337242827376,0.054593963817418094,-0.027372826507617715,-0.09246065896460581,-0.0865646986760425,-0.09616762679518535,0.015427475118862815
CIN,CIN,2017,0.1468037712670098,-0.005226046594461022,-0.027372826507617715,-0.05598067639492963,0.222636679356167,0.09139072760984535,-0.11465052125817313
CIN,CIN,2018,0.10293305235996308,0.06481711333716425,-0.09135537173667165,0.17602014923700185,0.1012386396973191,-0.07630919550199836,0.1689738203025295
CIN,CIN,2014,-0.09336007752060954,0.009058170473236914,-0.08197702208730873,-0.2021475742491238,0.15729420277349676,-0.053687085303047284,0.05088763566511502
CIN,CIN,2020,0.1108341049185708,0.027752880972275632,-0.03294884056487718,0.06743457291860999,-0.21967819267308938,-0.1755860199415329,-0.342378989075731
CIN,CIN,2021,0.039449910927273305,-0.011755058524079853,0.024651253185276868,-0.08366700784925184,-0.14802567611433165,-0.23596439672416952,0.18801742134038216
CIN,CIN,2013,-0.18430918683601902,-0.01525273948902599,-0.027372826507617715,-0.1003673002828884,-0.0015845969960630044,-0.05198422796738787,0.23694913497850315
CIN,CIN,2012,-0.17790365618469806,-0.07324149174306092,-0.027372826507617715,0.2189291295584801,0.08024804421081375,-0.056807310196351594,0.00871765968345279
CIN,CIN,2015,0.21316945174616464,0.009058170473236914,-0.027372826507617715,0.13633070385271592,-0.07674123964946335,-0.03166762469815768,-0.020235601309956445
CIN,CIN,2019,-0.03982173548696553,0.030776742009665112,0.0447658486654921,0.0314701200099064,-0.06162885151372799,-0.07630919550199836,-0.10453143861045693
CLV,CLV,2012,-0.034864796984565224,0.029431074343249486,-0.04007738327170097,-0.03385003712553587,-0.06543200659417457,0.15205097596501344,-0.03761994782942214
CLV,CLV,2017,-0.034864796984565224,0.014110991747889786,0.025998391852652944,0.17586037337805718,-0.12375591816685726,0.17534496377137757,0.10946306811038946
CLV,CLV,2020,-0.1722403855830287,0.04196932109749275,0.13909916697136812,-0.16687996495021457,-0.14158972509451287,-0.1628188215060935,0.34084387493170587
CLV,CLV,2013,-0.19683095166692877,-0.06854825529620612,-0.04257794410685256,0.035113136873478334,0.050082757677202064,0.15781082973229663,0.06157256541691184
CLV,CLV,2014,-0.2541519589803405,0.029431074343249486,-0.041073396678418916,0.011175782415653018,0.03436803889600588,0.014204347191014256,0.22091380216540304
CLV,CLV,2015,-0.038259186496950065,0.029431074343249486,-0.023710919354294525,0.12004041509689636,0.060567049607622526,-0.008387159815452478,0.2264790931296945
CLV,CLV,2016,-0.04345086373329322,0.029431074343249486,0.02061304788736095,-0.04550017018553616,0.2272860851380896,0.008174003923725056,-0.24164579295657884
CLV,CLV,2018,-0.000419985627225518,0.0488196316794384,0.040713801531234564,-0.03508665685911622,0.19369202229886395,0.19886966468422504,0.10946306811038946
CLV,CLV,2019,0.2281157409473654,0.029431074343249486,-0.03185593731286295,0.25376716340294814,-0.1281520681223525,0.03750050157160853,0.3506264449220096
CLV,CLV,2021,0.19831921526387955,0.11080368248763263,0.21285509100804276,0.17123007093772388,0.39376134113213385,-0.19774428980162928,-0.045465494896608144
DAL,DAL,2012,0.037871294944847714,0.07742999323208667,0.0342141566404012,0.19537799824386365,0.2788834094573605,-0.0474350500988557,0.08167360252608502
DAL,DAL,2014,0.08018061241959235,0.07742999323208667,0.10944152806208395,-0.1973145959820498,0.1090234789023972,-0.07996605285493284,-0.2685496047857837
DAL,DAL,2021,0.04882254524579939,0.2971377391417869,-0.08481961770755585,-0.2076189664134842,-0.29322169675451615,-0.020707159455263573,-0.15132472642161596
DAL,DAL,2019,-0.10845800563299095,0.23269534757652327,-0.01051102525489983,0.29616560184364127,-0.3601849910853164,0.04134586215299667,0.18596721466186897
DAL,DAL,2018,-0.12019356447619851,-0.06974037689485064,0.03429389765410818,0.2881119076877195,-0.33566559129967855,-0.020707159455263573,0.08914219711591441
DAL,DAL,2017,0.05668873713007496,-0.02721723494028801,0.04265466771391399,0.0588608014018901,-0.17216967451576015,-0.06920900543766906,-0.06806524711548029
DAL,DAL,2016,-0.07442846481699815,-0.0592563641728203,0.03429389765410818,0.026846762553836962,0.05834570930597305,0.07498510851957318,-0.06175853155625532
DAL,DAL,2015,0.23642668880319262,-0.0147169014807437,0.16144871951100387,-0.16200995416055794,0.1451954164765991,-0.023447391884317163,0.05152538975535504
DAL,DAL,2013,0.2057933701348918,0.07742999323208667,0.0955094188747883,-0.17034959638602132,0.12262497183887454,-0.13434649667660692,0.00630843300908707
DAL,DAL,2020,0.4391029104437123,0.1831077433949991,-0.07358666660687019,-0.0955831907011426,0.057205155687792844,0.07241575063770321,-0.06119168875508353
DEN,DEN,2021,0.2252956235667822,-0.018246754395019885,-0.027908751975918942,-0.0022190178255246796,0.3294782466958193,-0.05074176111437067,-0.02669531399402832
DEN,DEN,2017,0.1887312084507532,0.011159284790847879,-0.0424074247195036,-0.19197398204905927,0.24411714864645828,-0.00592543320442686,-0.3587537116616706
DEN,DEN,2014,-0.0415293710973638,0.02046795851502115,-0.027908751975918942,0.11384260269467979,0.03778114342474781,-0.11870662686192462,-0.0010749005734389157
DEN,DEN,2012,-0.12991905169405488,-0.016364162592447273,-0.0397925363343602,-0.2217542893122212,0.01821827145710464,-0.056405175456172844,-0.02949147372694314
DEN,DEN,2013,-0.044128297061812906,0.02046795851502115,-0.027908751975918942,-0.1730110067037404,-0.1001547524394606,0.012557541013513904,-0.25199741070475884
DEN,DEN,2015,0.009202494109794153,0.02046795851502115,-0.011865120949584985,-0.09504957843616012,0.10715129959781233,-0.1785120335981807,-0.13800675829037568
DEN,DEN,2016,0.04378896803202361,0.014987742284092396,-0.0380542694992988,-0.0032171878313609343,0.11444624578744153,0.15255217857150286,0.2058186347318901
DEN,DEN,2018,-0.13316876813470643,0.02046795851502115,-0.05709181363920579,-0.23860463941692667,0.07571397262877982,0.018178943527452092,0.11240373560435074
DEN,DEN,2019,-0.17648710922589522,0.02046795851502115,0.03372266914104963,-0.2784961503452212,0.27964052902057585,-0.05900663496720862,-0.0019678008533355836
DEN,DEN,2020,-0.35042893669252334,0.11080368248763263,-0.03987276783052886,0.17821001550010931,0.06499029738923759,-0.22140860905389118,-0.6142187972743642
DET,DET,2021,-0.2102102765611388,-0.06158442062308844,-0.0001550976333949108,-0.11212479074942709,-0.35092788310171796,-0.09744982478321822,-0.22359207966921885
DET,DET,2012,0.17027523831587232,-0.05877508327204372,-0.0001550976333949108,0.011850064691161313,-0.15337807836244544,-0.00453373358471176,0.0765900622132334
DET,DET,2019,-0.12913136665828706,-0.02827640548823777,0.13164099898663853,-0.5416834876903475,0.07260376741258086,-0.028716097442160464,0.05689108965889147
DET,DET,2018,-0.1369489289523042,-0.03468521919177452,-0.050120742884431566,-0.24868631614566597,0.1093614680429707,-0.12206552204976011,-0.21110013949183837
DET,DET,2017,-0.18233838238225497,-0.053160437898425866,-0.1352881566469344,-0.030621787639164098,0.09834691664859971,-0.0366562947215892,-0.04032362879353261
DET,DET,2016,-0.0023958459380859463,0.02774355307686384,-0.10038265630727357,-0.28097271721680944,-0.11720134116591965,0.013008620972675277,0.033298414487027826
DET,DET,2015,0.07783593516307986,-0.02827640548823777,0.04893866281273512,-0.19694295332491216,-0.04088238302029369,-0.014895633662579006,-0.18375402935144391
DET,DET,2014,0.10727952691297041,0.004380911153215513,0.01168606848471784,-0.08396382429942514,-0.183555153721383,-0.03451811428204481,-0.17322948352703063
DET,DET,2013,0.03456879247796233,-0.01329963443820007,-0.0001550976333949108,-0.16157961669758392,0.013753073686951882,-0.026664501741786348,-0.25736220274305716
DET,DET,2020,-0.11517856908070295,-0.03683091271244888,0.09244014212078364,-0.15889957063407348,-0.29290357357130153,-0.01872426547993266,-0.1237184768327555
GB,GB,2021,0.03327699589487787,0.13016684430957443,-0.21466807897109405,-0.1952694371213782,-0.24412457496558768,-0.14165375143777004,0.004885638758958981
GB,GB,2012,-0.020444174246019745,-0.06031233028537722,0.02799472167173414,0.19005757037431723,0.30921120086149506,0.07090388729530242,-0.07058078264086859
GB,GB,2013,-0.11396579112169601,0.007796682138177938,-0.050135013349618326,-0.05622195022510504,0.16905101817543652,0.03271701726560967,0.38386563971124843
GB,GB,2014,0.11400439184615925,-0.01572155633373038,-0.045015310940915085,-0.036117824908586726,0.29287058805570726,-0.012006167222660562,0.1805796928985107
GB,GB,2019,-0.05903616426174977,0.007796682138177938,0.03750708737873737,0.15029174010175836,0.058590898429556074,-0.027012114787315532,0.26101325464475317
GB,GB,2015,0.025363864887892856,0.0013556420893767681,-0.04714173596703808,0.09607073161186776,0.21600444003087935,-0.027012114787315532,0.029271476247026702
GB,GB,2016,0.12841220831375807,-0.016505189088953907,-0.0863151378514189,0.07440702030536545,0.051816633317606685,-0.027012114787315532,0.11557338803376659
GB,GB,2017,0.27590661234934144,0.007796682138177938,-0.10209823757620903,0.14162284279701084,-0.09295806567254392,-0.1486278568263997,0.17781763689111116
GB,GB,2020,-0.18890356316958143,0.007796682138177938,-0.10384311539267099,0.27987930141114065,0.07787533521632975,0.036594182202025045,0.18736058400186864
GB,GB,2018,0.192827525785945,0.007796682138177938,0.08236468750230971,0.08438048148389542,0.2082444815761096,-0.027012114787315532,-0.297490618790788
HST,HST,2012,0.03578498971775761,0.10011842719360316,0.08589836990195411,0.09892979648152543,0.22284344734935405,-0.12074843081359928,-0.15082861709042336
HST,HST,2016,0.06798323991318908,0.07077901966956104,-0.026587777818194037,0.03228779814170904,-0.049843667072382324,0.10924588669174087,-0.07831808833545142
HST,HST,2021,-0.04663985481312458,-0.05174614360488797,-0.0743697414160419,-0.18392410400118034,-0.17925262768876896,-0.09150325952050294,-0.13947258920553507
HST,HST,2019,0.016668128242641016,-0.08917786191896725,-0.061716726234124,0.14279171919959252,0.22029705119866763,0.10102735728485411,0.0024019950871947563
HST,HST,2018,0.2600930088548518,-0.0027261482389416363,-0.03040114225879276,-0.18219981166310664,-0.10639609974220389,0.07723504998032747,0.04881862264216545
HST,HST,2017,0.055911188998636424,0.03469414469040477,0.03479591698545878,-0.0349849586062264,-0.0728256546236701,0.16327529855010575,-0.19862213242797003
HST,HST,2014,0.1221600083101911,0.1114155449701111,0.049841391269795324,0.01777338744952258,0.12412878397243415,0.05453484883526675,0.1258250067475004
HST,HST,2013,0.0333463386935312,0.10460665140782202,-0.026587777818194037,-0.020594788500313054,0.13164207784790188,-0.06668020439338039,0.005277060065115167
HST,HST,2020,0.22905632046716332,0.023188916575369426,-0.1901625129756078,0.5332565168428381,0.07447627166872287,0.05310738085176155,0.07696287573960259
HST,HST,2015,-0.09453096925294616,-0.06818804228490676,-0.026587777818194037,0.04775746986397226,0.05889570518578339,0.041130065790754046,0.03734722156906607
IND,IND,2021,-0.06805023392853163,0.07937492040901266,0.016031700967780477,0.608445373443436,-0.27261785345162953,0.49105487227812383,-0.19409762647082313
IND,IND,2012,-0.11079677770250354,0.007495693987567061,0.005378669147615791,-0.07718069624523613,0.09495011239256244,-0.15490776319153443,0.17335441727089487
IND,IND,2013,-0.10798639450132164,0.007495693987567061,0.005378669147615791,0.020544016467362113,0.08183257826328343,-0.09280239736107547,0.04215199018237101
IND,IND,2014,0.09715720710168127,0.007495693987567061,0.005378669147615791,-0.04328062320881854,0.009641906686202819,-0.02273876152164552,0.020315969243411797
IND,IND,2019,-0.04935456447991411,0.007495693987567061,-0.03651461797026494,-0.43082004573667476,0.034409773214913585,0.0014097668411125236,-0.09734325694289657
IND,IND,2015,0.22695322338086338,-2.127570555523678e-05,0.005378669147615791,0.006443114042011507,-0.01632005932957474,-0.09111409876779504,0.03541128856406328
IND,IND,2016,0.112748229852004,-0.0047320128690717615,0.007671433426815745,-0.012385658842641822,-0.11743043366042588,0.0014809610234192703,0.14882530133335087
IND,IND,2017,0.09003501770115985,-0.04463885588411742,0.003491298151785952,0.0054394953045033174,-0.2050047855480243,-0.12110444457170498,-0.24409919493586552
IND,IND,2018,0.09063107940150725,0.007495693987567061,-0.0357623442560481,-0.251929498749389,-0.5438612855004957,0.0014097668411125236,-0.04231433868666981
IND,IND,2020,-0.1888609239460681,0.007495693987567061,0.07735454456562561,0.11466022152055949,-0.5441642808713538,0.0014097668411125236,0.17264995731304303
JAX,JAX,2012,0.057337936630250115,-0.07128774916293015,0.06325246515079239,0.0017647723920354793,0.0016388653648012636,0.01382964096236555,-0.1333439505730558
JAX,JAX,2014,-0.07824629283594449,0.039420551464644266,0.08340282823702377,-0.05448426706582661,-0.1958557349352722,-0.05891148761906431,-0.05022331389348895
JAX,JAX,2013,-0.07824629283594449,0.0010195810008514594,0.0040840898385888155,-0.19035304852971824,-0.23847268594518567,0.010699987095581693,-0.04968026081672472
JAX,JAX,2018,0.051156144644509544,0.06474964447042282,-0.061304546438820016,0.23091257445099467,0.09943291902412303,0.1629321227387634,0.24518635883528178
JAX,JAX,2015,-0.28336809791191736,0.0010195810008514594,-0.0006612527506909319,0.08886530649520989,0.05712859336837611,0.03674414679524483,0.052153965416947744
JAX,JAX,2016,0.06271298384731241,0.061507087153204645,-0.01428242013004704,-0.021381502857672277,0.11884997227392217,-0.04750437883006439,0.002050900186787382
JAX,JAX,2017,-0.05819480900692128,0.052396327775712945,-0.027562560771084692,-0.06304748349685799,0.14248503835295687,-0.009979009979536636,0.2113809277157341
JAX,JAX,2019,-0.09991684416782935,0.0010195810008514594,-0.1017744890605587,0.3373561177744751,0.07012401322743882,0.06536679183313392,-0.03797585520589836
JAX,JAX,2020,-0.10935285369725366,-0.04562827987548139,-0.03149095517038895,0.0023678094629989758,-0.36629116457823563,0.1799987922668089,-0.3847967448887191
JAX,JAX,2021,-0.24634480302570635,-0.0940205148196129,0.009238669328402518,0.5544470865224209,0.3172729558793511,-0.026078817060394856,-0.2769575640657353
KC,KC,2017,-0.23572054049343824,-0.06742023135948177,-0.008423914053081811,0.21873351923608594,0.024233077574189094,0.07468597648394584,-0.004841904719079595
KC,KC,2018,0.5117414926501571,0.002190895019353364,0.057600640258618496,-0.05992041883167929,-0.2090400581365437,0.10112968376366663,-0.19457815410797116
KC,KC,2019,0.2902653708674588,-0.02066435147799064,0.009905271102949476,-0.018598390399249213,0.016587873127085307,0.06552590456726166,0.44692537135652943
KC,KC,2020,0.07146278702797919,-0.10129569122670087,-0.021247674304462935,-0.6032731819490637,0.0005935862258067944,-0.02122500633829517,0.2426991586919286
KC,KC,2021,-0.13694068968377499,-0.10595180412723715,-0.00600991885877257,-0.4514348349564579,0.029541406071745522,0.17622564835135177,0.21984454733421502
KC,KC,2015,0.026041199613208155,-0.02285306031861534,0.007335484159931366,-0.03252888592276535,-0.06453226513383964,-0.08507354767408701,0.1478647364445872
KC,KC,2016,0.3074057471005953,-0.0028793433074325576,-0.0037377513323520743,0.10591209834572958,0.13163834968746913,0.05907789246123131,0.09310551195527035
KC,KC,2012,0.1090936621270005,-0.01985848578366706,0.007335484159931366,-0.0803847215430761,-0.12024571529845444,-0.07472158493234302,0.2172427349746955
KC,KC,2013,0.160448733193805,-0.02285306031861534,-0.014931132835669929,0.11956698601547158,0.29756970374120895,-0.07027812469537005,0.34378634124745316
KC,KC,2014,0.12160325730897154,0.13305452971423395,0.04552835330222227,-0.14262458606494455,-0.17379237610467413,-0.07316799527961246,0.2345967775650025
LA,LA,2020,0.13922194258513762,-0.004179450909116436,0.02746174778159096,-0.2743241155248652,-0.07062117447747585,-0.20091021959928726,0.10324652472589528
LA,LA,2021,-0.14114272932393623,-0.004179450909116436,0.054415714961979875,-0.48437340691523795,0.3324989555169156,-0.20156138520787703,0.03742832729001731
LA,LA,2019,0.13217689731144058,-0.04107961573418824,-0.02507584478136954,0.008194381451043446,-0.24005282876039652,-0.229508902379228,0.3585338533450774
LA,LA,2018,-0.004020335062633191,-0.032751875758586076,0.02704077541111521,-0.030660877541584686,-0.023509000612652486,-0.01705319154956191,0.43575541237855636
LA,LA,2017,-0.12286340080182603,-0.004179450909116436,-0.12229889918752038,-0.057083552148248846,0.10471776318481933,0.21645698825324988,0.15428807712308593
LA,LA,2016,0.009537780537354068,0.008906442472049933,0.0347758583591429,0.09785329247544824,0.5842250611973274,0.10146928910310751,0.024227939808683645
LA,LA,2015,0.052783550558440265,-0.004179450909116436,0.10739033040738263,-0.12234808717094657,-0.17970476429736199,0.037198050195756095,-0.19427195240267334
LA,LA,2012,-0.3230877071932405,0.04820724538425864,-0.07096173687218942,0.06982740724022028,0.10506550789808698,-0.08733452752557945,0.13387239732113276
LA,LA,2013,-0.05538264561815772,-0.004179450909116436,0.12635264115767822,0.022165933511152744,-0.08320112071672403,0.049765865460975854,0.140910277313852
LA,LA,2014,-0.24104980917415605,-0.004179450909116436,0.11130716687334166,0.2249703011692509,0.05882426654805982,0.006736213553205252,0.11302343117821223
LAC,LAC,2013,-0.03760085820551584,-0.051157261725792644,0.11948137305202172,0.07664007249528926,-0.155568218923371,-0.051699816968316846,0.003671762674749436
LAC,LAC,2021,0.16310454654479958,-0.025633856592986115,-0.1043847524669071,-0.23057139896143486,0.05149460412885037,-0.044413528841904366,0.14535368519331768
LAC,LAC,2020,0.2436731342309349,0.05651967391166866,0.015221757950631786,0.009921116736943623,-0.11101428108269312,-0.1334197086168729,0.10816706474808653
LAC,LAC,2019,-0.17709412920668555,-0.01048531146472646,-0.047823789443675054,-0.34058455039109814,-0.3461629449653253,-0.012773081197640765,0.013277300919397685
LAC,LAC,2018,-0.006100741962505889,-0.01048531146472646,-0.003800731687706309,0.11581644295158053,-0.1086683163698293,-0.044413528841904366,0.09000459006137213
LAC,LAC,2017,0.026305608547324416,-0.01048531146472646,-0.10889839475220807,0.18083841674937515,-0.2180633162689706,-0.044413528841904366,0.05566838189325826
LAC,LAC,2016,-0.14253536367320252,-0.01048531146472646,-0.014603394260239376,0.28607003669419356,-0.2232230211458839,-0.15787123577631967,0.10703504735223417
LAC,LAC,2015,-0.13178032841905332,-0.07071756515875578,-0.021293611146547882,-0.24487337583758145,0.13450865667207731,0.05257824932669531,0.05868928519707654
LAC,LAC,2014,-0.1665596897520169,0.0385624522422336,0.042178222679751916,-0.11157183144774381,-0.09466798199059161,0.02161479002213725,-0.11625566651442934
LAC,LAC,2012,0.05718041312551733,-0.01048531146472646,0.028827876846608706,-0.011016307321235496,-0.0033595987690150267,-0.02932389868301291,0.022362549400391812
LV,LV,2015,0.04028033112480736,-0.009613085416694301,-0.013459926178250373,-0.0008341720614959556,-0.23275929749014412,-0.006533865324115733,-0.06866206725141716
LV,LV,2014,-0.06486668912118694,-0.025611471434810455,-0.0018286040937862658,-0.01791347040078835,-0.0502686372916737,-0.017511943002445823,0.004614336223234904
LV,LV,2012,-0.17775953560922297,-0.026219600072905216,-0.04628019961129252,-0.09306089269021094,-0.030300431071046584,-0.15792181427935167,-0.005361722669417426
LV,LV,2013,-0.1802673508803542,-0.08502168123299948,-0.025805249374674176,-0.12491587624628349,-0.15580951521512407,-0.03276095045063272,-0.12063224279561421
LV,LV,2021,-0.2798015027518234,0.04658066368167772,0.10902025478212252,0.11266734178139184,-0.2631426612564281,0.023428862625057275,-0.08378522958382306
LV,LV,2020,-0.2476097790930423,-0.057140966725220885,-0.010166231129820546,-0.03985998530836723,-0.2725833218596355,0.07197497635880289,-0.06432854097169535
LV,LV,2019,0.38547165221212976,-0.026219600072905216,0.018584436498655283,0.3870068539961364,-0.25308189427933625,-0.06104943893741716,-0.22256349897888722
LV,LV,2018,-0.05921518161530434,-0.03815462322491316,-0.02531356327506206,0.42540045698027473,-0.14897034322525218,0.03379499428493074,-0.2480410209310381
LV,LV,2017,0.05784240394858791,-0.014576036157375936,-0.021208354461968264,0.3796653487020523,0.14177405532400128,-0.0005103240922003182,-0.057585911794462125
LV,LV,2016,-0.05980790413146034,-0.026219600072905216,-0.0018286040937862658,0.18596330006527526,0.12182749460963214,-0.028029927207085702,-0.15535742626952573
MIA,MIA,2020,-0.1518415074525625,-0.017029747663734652,-0.10217306774710964,0.09654954528006919,0.26160295300112124,0.060810621472237494,-0.07956720421157867
MIA,MIA,2015,0.038100727612361794,-0.017029747663734652,0.17239179246774808,0.2520873527880909,-0.010100373561105443,-0.03932886454020981,0.2285505966077748
MIA,MIA,2014,0.17448921922286145,-0.05107831822697037,-0.017147750966485235,-0.02041340209527475,0.07125137161678008,0.033755227438124424,0.017034258681659625
MIA,MIA,2013,0.07799677011676838,-0.017029747663734652,-0.017147750966485235,0.046706386429372686,-0.006950496966530959,0.06455588897605749,0.09752666353054885
MIA,MIA,2012,-0.16309712186085534,0.03378754578429075,-0.006338421744296775,0.16052848071981332,-0.23693184909467843,0.02233358616021539,0.04334151611567735
MIA,MIA,2019,0.01375148631982956,-0.017029747663734652,-0.017147750966485235,-0.3045371279259254,-0.16729668888880508,-0.15011850497847148,-0.34459678629415397
MIA,MIA,2018,0.15083954978798422,-0.026305411338255775,-0.06365164042717653,-0.33132755445506484,0.12281165870407706,0.061030993098273645,-0.23832381822575904
MIA,MIA,2017,0.28045182032829,-0.008419669955907224,0.00123949317026187,0.12802248464243274,0.23617170323206704,0.12932581254347048,0.3059324635015826
MIA,MIA,2016,0.038100727612361794,-0.017029747663734652,-0.10435466151833842,0.08043995580608529,-0.030084879505532607,-0.06652109404593172,0.201699825249187
MIA,MIA,2021,-0.07778439556342148,-0.033132884581830634,-0.017147750966485235,-0.020103095258376034,0.14743805647457242,-0.01819386265047726,-0.6111112990378221
MIN,MIN,2013,0.11065652676571228,0.09628858629758338,0.0414660752454514,-0.006143823930790871,-0.1432067191727997,-0.03322421599760933,0.1002653145942919
MIN,MIN,2019,0.17693830962340892,0.08702827764769566,0.11326307853030541,-0.1682485791393287,0.20711190464041,0.16462399944131836,0.3040043138215725
MIN,MIN,2020,-0.09298796235205717,0.06636914350895697,0.16232637017152687,-0.16044708570178806,0.09624717300007471,-0.09129402732128594,-0.25755829570717675
MIN,MIN,2021,0.07340627750581427,0.2499722108656813,-0.11724863298001485,0.16942392208827092,-0.0243429130352406,0.054483064263740395,-0.07423767962594514
MIN,MIN,2016,-0.27744262095852135,-0.041549704055877004,0.006384542856663871,0.04223302505745218,-0.017352564469164205,0.029423404910608963,0.05263837820361504
MIN,MIN,2015,0.20774381613606255,0.24604734497320585,0.09465683999261265,0.03431099005049993,-0.15671673385470147,0.06192997396006379,0.05508623528976274
MIN,MIN,2014,0.03688543612294724,-0.04331499315257754,0.15915177509753184,0.026162190863623605,-0.03943492143885783,0.0130009072258935,0.10534131460157266
MIN,MIN,2018,-0.17363259753748705,0.05161732427120015,0.14317348140756647,0.05078231143957927,0.1317098763555593,0.12843338311575084,0.4438421938319522
MIN,MIN,2017,-0.21482021621128358,-0.009703087183655342,0.10604125087382388,0.20180426317113248,0.07784429630467053,0.0438514406860976,0.08402070802199892
MIN,MIN,2012,-0.019485486380986,0.16752767330474302,0.1235147878709255,0.03294622960587962,0.11234874551225114,0.06728647657639787,-0.04467020174962685
NE,NE,2013,-0.11642729427397737,-0.08258602380441261,-0.05880323332995422,0.04359777067559177,0.04937018502035878,0.09792906597228142,-0.1003526276909051
NE,NE,2021,-0.18217989061182158,-0.05362291476888694,0.24444385866904958,-0.6748663535151034,-0.2350969789494347,-0.08358942947597403,0.12792533618174415
NE,NE,2020,0.008759127910433807,-0.06771795396321799,0.041561917173463775,-0.28647561116332504,-0.07657762544262799,-0.017777323108720086,-0.26969291731603257
NE,NE,2019,0.05809213388585115,-0.04657890143366367,-0.02158712728617129,-0.3917160773849017,0.13641915061955462,-0.04351032389909937,-0.26707260288029566
NE,NE,2014,-0.06934475409201794,-0.08523434023566823,-0.03736217768221932,0.006461373423291827,0.12407308551904338,-0.08682457296690912,0.17706021648123238
NE,NE,2012,-0.00874794564491746,-0.12944502763258733,0.041561917173463775,-0.1443916291397924,-0.19245472058051302,0.004367346260647342,-0.007002418900997167
NE,NE,2018,-0.3004721277602774,0.007294711083402762,0.13091643301786374,-0.42509539499613536,-0.004061012476468184,0.04551449549851826,-0.5982195899359376
NE,NE,2017,-0.012189062453383187,-0.02731274345616026,0.1397130223221691,-0.648690769737258,-0.008027808487565494,0.0029666759098357738,-0.0703129870927344
NE,NE,2016,-0.03993144354411388,-0.01583363434368425,0.031063634325261127,-0.18382936050825596,-0.07373982898306544,-0.017777323108720086,-0.22680653707571843
NE,NE,2015,-0.09048889878155204,-0.03519231913399091,-0.09588907264828847,0.03039769556702961,-0.10551865972919248,-0.07907184216906098,-0.14717677807054694
NO,NO,2016,0.0340458386380348,-0.01152784916859696,-0.0013533385495806995,0.028419051530369242,-0.17379333998125246,-0.013242457438618082,0.017319776207081528
NO,NO,2021,-0.29500594097958965,0.1249622950337346,-0.024750477372686184,-0.015318831709330172,0.2651275929744772,-0.03373707355359883,-0.2627087861066351
NO,NO,2019,0.04393947294290263,-0.08899877617653036,-0.009515234521201303,-0.2878540119702259,0.005940259597765248,0.008206025201361877,0.05183111411518706
NO,NO,2018,-0.0206171917785967,0.03624319763616012,-0.07881245632647164,0.13890944627582394,0.005940259597765248,0.05735499418134955,-0.11778726381967995
NO,NO,2017,-0.10716209836226469,-0.05135440333681401,-0.04449874865412125,-0.10473998528859159,0.005940259597765248,-0.01969998443857481,-0.3898093746181338
NO,NO,2015,0.17683704146756477,-0.05416933697740265,-0.04394708226672718,-0.07993012795761174,-0.026971108055774826,-0.04861694360259138,0.01022177031163514
NO,NO,2014,0.2444912050433589,-0.05598813107917464,0.123840046952194,0.11704773199508564,0.027513993785538347,0.07267042838881402,0.12854942932046665
NO,NO,2013,-0.06278560542234289,-0.008216321388226925,-0.02322946417719575,0.08562637053772021,-0.06452480551954623,-0.03293386375875218,-0.28217389593445585
NO,NO,2020,0.3312412196168834,0.06133248291943453,-0.01836977598335506,0.1348174288315221,-0.013454715101754628,0.1887334736423732,-0.14746146122330045
NO,NO,2012,-0.004525554785602574,-0.11372401879564469,-0.013404058988793896,0.16743334615611047,0.02768419908266934,0.06275069311453879,0.030856116717123024
NYG,NYG,2019,-0.1312233535619103,-0.043447437739068576,0.091025867538056,0.24744630620000027,-0.33463820645251374,-0.037051970312621786,-0.07225387059528944
NYG,NYG,2012,-0.31543723380309757,-0.10371522686436965,-0.06047202618296026,0.051968977908300934,0.1300008510927387,-0.005498483366309026,-0.09437579420264573
NYG,NYG,2013,0.16771609582563202,-0.04636157960254696,-0.054694816821743,-0.12133818884859579,-0.07640231737097239,-0.04894117395540845,-0.019573016858484334
NYG,NYG,2014,0.048541837912653756,-0.00725564173077316,-0.0859089100457418,-0.17473377761679046,0.06350527915234064,-0.02414958321413773,-0.0521434701115037
NYG,NYG,2015,-0.08762646108331475,-0.04192278629461156,-0.07492571381817613,-0.06002661313709217,-0.11692434082182451,-0.04500554015492746,0.2994235923351848
NYG,NYG,2016,0.1981669612565193,0.010580852303588944,-0.04441850813066802,-0.26768129787115724,0.025746957716973797,-0.032309074136218814,0.24356010715365284
NYG,NYG,2017,0.007904435334914788,-0.05600380068989758,-0.012080767732502384,-0.15375817594095562,-0.253618667045951,-0.0774190144002455,0.31688330905616546
NYG,NYG,2018,0.01622119786104378,-0.043447437739068576,-0.0017946794831425771,0.034197467108970876,-0.35849944979341947,0.19000713050154375,0.02735448148178105
NYG,NYG,2020,-0.07659493089597616,-0.02242382491059715,-0.023044488429466662,0.2692379779047268,0.31090840308393275,0.08179623782255525,0.045714137451299056
NYG,NYG,2021,0.35837353557561114,-0.08047749412334149,0.03586915881167821,0.3083517965792755,0.446329920406118,-0.18666388873832993,0.36820584752272895
NYJ,NYJ,2012,-0.07450963390885872,-0.02524035834382342,-0.07398287412667391,0.05914394019548126,-0.017764963324689968,0.17401637828877453,-0.17722918212777727
NYJ,NYJ,2013,0.02401230010572435,-0.06617337804909779,-0.11979131813406772,0.1662470383741729,0.08553518663531036,0.18925134561110668,-0.281945199840356
NYJ,NYJ,2014,-0.02906683259207266,-0.005019288319487393,0.019750442701122226,0.15856776531986286,-0.22537409726015512,0.1896134048273183,-0.12263425654945495
NYJ,NYJ,2017,-0.15618106912145774,-0.004212007883167108,-0.03940838391724083,0.2709878607485574,-0.1347557062215642,-0.12019741344138297,0.019402599516654
NYJ,NYJ,2018,-0.02680522508067903,0.01678601814988058,-0.1346863376755609,0.2669107883968413,0.12503121451668547,-0.0528374657379591,-0.3760728554211068
NYJ,NYJ,2021,0.17603429945599378,-0.12345699782059956,-0.03654186833328872,0.00683003956937942,-0.029942327524450647,0.15363811755222984,0.0985249063085181
NYJ,NYJ,2020,0.042207690651397074,-0.050576890683835696,-0.012414777261614638,0.0664135256529922,-0.46630764427261906,-0.1161260595439825,-0.094212180883028
NYJ,NYJ,2019,-0.05861645407517019,0.045935225700451596,0.040172164456998456,-0.01682197910368022,-0.2784841797610911,-0.20553595210860626,-0.7696535630068548
NYJ,NYJ,2016,0.26926703500015575,0.027943602519932206,-0.01356525653462015,0.30446005295580963,0.29894256039723627,-0.014522860643983901,0.4453180853560175
NYJ,NYJ,2015,-0.04045944771383105,-0.06838950870848766,-0.02361563034746211,0.4106621162469825,0.34369668157083166,-0.01575642527243375,-0.27775031120130866
PHI,PHI,2021,-0.013637038961501164,0.002963090637635989,-0.002248550287688439,0.08581812773771073,-0.02215863468823078,-0.20264235194052382,0.35319000641970333
PHI,PHI,2020,-0.3109221424407068,0.002963090637635989,0.17005974395367587,-0.1288893023736403,0.08094034581866105,-0.1604967784703771,0.2996583876240397
PHI,PHI,2019,0.07613652028640285,0.002963090637635989,0.09395066561160302,0.14472742222285329,0.06727050052972698,0.0649932765573454,-0.17488576165023173
PHI,PHI,2018,-0.022016900685697543,0.002963090637635989,0.10773597309721157,0.038334153318246154,0.00014160276161323112,0.04205946726407903,-0.292818431031844
PHI,PHI,2017,0.16990845546140568,-0.028971483676976318,0.032993914512234074,-0.03489960369710594,-0.038105324657482356,-0.01679218671221394,0.1699675627757196
PHI,PHI,2016,0.0067393802411041875,-0.006988882277825516,0.07736657793595822,0.16435194269697972,-0.00578096541684991,0.047884367582968226,0.14818813602187242
PHI,PHI,2015,0.06686515412372092,0.055777232086004144,0.06393415101634102,0.17147308086732974,-0.012425845577272644,0.05554162883099646,-0.06585124139518969
PHI,PHI,2014,0.00700996569376076,-0.007964503580658356,0.005326846014475026,0.11524668838358997,0.057108468876923654,0.124982135380972,0.1656314931890823
PHI,PHI,2013,0.04749514624355708,0.002963090637635989,0.0320776992920254,-0.02501862106290681,0.06613267277207516,0.13546469242853448,0.293909567602155
PHI,PHI,2012,0.039815262448995886,0.002963090637635989,0.05814448901757442,-0.07781230204375432,0.6444046185174109,-0.016446010845269875,0.10135841002590452
PIT,PIT,2020,0.003935746396126099,0.01150774783262085,0.0818391009400401,0.16610939388897872,0.12871378896652835,-0.0010497135639460445,-0.08586186225352752
PIT,PIT,2013,-0.08255292914047266,0.01150774783262085,0.04442978392459259,-0.141017406957736,0.04123002775467455,0.08745721795374424,-0.1351620087052004
PIT,PIT,2019,0.003935746396126099,0.01150774783262085,0.01054704257901128,0.15341784197882413,0.002658804869193721,-0.013586540188010284,-0.4348688966936241
PIT,PIT,2012,0.03788676676476296,0.01150774783262085,0.000346794026359616,0.010641015368765891,0.012197251739298963,0.0006185751119400734,0.15490313013689708
PIT,PIT,2014,-0.029095180569171774,0.0023731146839348328,-0.04841558812917515,-0.047509076209885044,0.015742805424926773,0.2237581903962699,-0.049176365775505715
PIT,PIT,2015,-0.19942533522159797,-0.07724955431441201,0.0019365981393728924,-0.15193393031272534,-0.1556113452644898,0.1523726191577094,-0.1144189020158257
PIT,PIT,2016,-0.16181208150080734,-0.045843925058250745,-0.10631057317530218,0.07184346875227385,-0.28808196651808393,-0.0654630123834092,-0.5544120780758203
PIT,PIT,2017,0.23384649167351318,0.16675135601921132,0.020908541002305308,0.09825116602826087,0.054930885607844315,-0.1268829502359868,0.06704779891566179
PIT,PIT,2018,0.23946784081193173,0.01150774783262085,0.08964168390389704,0.05217927614086491,0.022959294915385817,-0.08044817475774917,-0.11269442434466456
PIT,PIT,2021,-0.00682960164914935,0.01150774783262085,0.01054704257901128,-0.2880902474200964,-0.1361568600104872,0.0812191142726698,-0.08697647824039441
SEA,SEA,2019,-0.15971375632736984,0.021150846418171977,-0.04709158639215352,0.014706970140924217,-0.11696477313888501,0.20448954688359022,-0.13913341608716578
SEA,SEA,2018,-0.0724422240760051,-0.044220539956257326,0.005708008059994397,0.12090700562573123,-0.2117358452765842,-0.03167476325528154,-0.19368765468214197
SEA,SEA,2017,0.009333832393598224,-0.05164317187727995,0.04300071362245372,0.33392982984436337,0.14845514277255598,0.03960451166159917,0.47480841809096597
SEA,SEA,2016,0.03877488227329636,0.021150846418171977,0.036966876615463405,-0.2544376534381934,0.3212267589408172,0.05134438768929347,0.1483350126136737
SEA,SEA,2012,0.02811585633742471,0.007742414246915862,0.01846455415955769,-0.05929202032235833,-0.23129837143429324,-0.04386673623261121,0.006131228759157523
SEA,SEA,2014,-0.15846947893809812,0.053945380721468296,-0.10703275594095032,0.05873162945208979,0.3671064211902142,0.10678728182380165,-0.02586064620578431
SEA,SEA,2013,0.20714553453114098,0.10013969757090166,-0.10414402487835772,0.088205712863049,-0.049983636113292984,0.10678728182380165,-0.10752334328499942
SEA,SEA,2020,-0.1972815949604354,-0.029316215112881412,0.061046213351758985,-0.21107335189319615,-0.23418710953948593,0.08279352770036046,0.22202604476137278
SEA,SEA,2015,-0.23206280665803605,0.19255428014512563,0.20437847079624757,0.06928833464849765,0.3827012425075433,0.13793262360960457,-0.03960935618561577
SEA,SEA,2021,0.04249044200231991,-0.05999507439261692,0.02181668583010786,-0.06190057822798483,0.22920568486492776,0.41367515653385806,-0.2913075156531534
SF,SF,2019,-0.03615788884510353,-0.09164768805299346,0.05842310498876069,0.06179804447969115,-0.1425033309455131,0.31980667218690356,0.0026620491385920837
SF,SF,2012,-0.11005135879704334,0.006951837615626254,0.07975179414705638,-0.1990185745208453,0.09649142788793091,-0.017542631805992658,0.07348173366033363
SF,SF,2020,-0.12274347798569475,-0.060493144162025246,0.08180299059811975,-0.1344587489707012,-0.35475100623578976,0.07514260854055216,-0.013596791412721198
SF,SF,2013,0.006589793455357363,0.03083307202169833,0.1557635342886993,0.16419753744555848,-0.07626556326463982,0.024488813852857966,0.01499247124307188
SF,SF,2014,-0.01565640060767532,-0.05249436024173283,0.16891127475603476,0.01404666757488424,-0.16566021418422894,0.07289437764678887,-0.05315260628444594
SF,SF,2015,0.12110091395695499,-0.06186050573293207,-0.07278925646980035,-0.006842845789073758,-0.041641267860887045,0.04274902897012437,0.1626459818112911
SF,SF,2016,-0.024753880463601243,-0.07923138847724054,0.07879389694489038,-0.03753025020778845,-0.051036844728967516,-0.07138186671090345,0.056550234174362855
SF,SF,2017,-0.09177703860706161,-0.05249436024173283,-0.03270811297632777,-0.34311303418086925,-0.26099040609495294,-0.06183126965663812,-0.03590516525015047
SF,SF,2018,0.07815123958711699,-0.09667718539189966,-0.004703472181145918,0.06121716349327931,0.1264708393863283,-0.06736976848610482,-0.08548473700940198
SF,SF,2021,-0.16628079014428482,-0.06782987975409625,0.07098529579131971,-0.1078796448417953,-0.2330759589873052,0.4344701208679337,-0.09557267868501114
TB,TB,2020,-0.19175105581997728,-0.09423317382228164,-0.0032310197584556046,0.1501544697000783,-0.00863426338305978,-0.16724730453628905,0.09573846023970872
TB,TB,2016,0.044187866851162494,0.0002732323894669498,-0.048987172145297485,-0.15580772933250184,-0.19366011411024764,0.1325836294856515,0.17770131357034685
TB,TB,2015,0.19970035834240898,-0.048836280477851886,-0.033545643375124244,0.11010637516819224,-0.05559767596195201,0.042359205516192315,0.2076184190342418
TB,TB,2014,0.006944863594310288,-0.07163535664395766,-0.034353082825351995,0.08582897325653104,0.04367198601182533,-0.1540683824796931,0.13124998264437715
TB,TB,2018,-0.05732631731269273,-0.06296483945675913,-0.048987172145297485,-0.08592648367910025,0.2088648448373738,-0.09459424123061784,0.382590812182726
TB,TB,2012,0.03588171879501122,-0.12354094216375826,-0.040202763227102055,0.005652488535066401,-0.0577787617916499,0.0867418896603672,-0.2577524208067107
TB,TB,2019,-0.07575831083690096,-0.00264429914658817,-0.048987172145297485,0.28840873668337663,-0.4243592525485038,-0.06749088290262342,-0.018199971450057934
TB,TB,2021,-0.1210987587703833,-0.07376194667064492,-0.11165171654624163,0.019966139554047843,-0.00863426338305978,0.03216032914390282,0.35080554253032653
TB,TB,2013,0.1183456295157239,-0.08242500288462348,-0.017722820589128583,0.19667795442216737,0.5288221257786112,-0.01822781881768259,-0.14105715585376713
TB,TB,2017,0.23858487310132037,0.0714058040984794,-0.1022031586956783,-0.1555032800959939,-0.11903725927993523,0.02550538798396626,0.024084484851309526
TEN,TEN,2018,0.005559186545013943,0.01489820165138977,-0.1543783358740777,0.2445208362603056,0.19777642185421637,-0.05448530057414229,0.17734701051720758
TEN,TEN,2013,-0.11464183897155722,0.13427507822524576,0.01106293308537833,0.23230057027193127,0.17626599444553617,-0.12702340868643686,-0.19481778192693655
TEN,TEN,2014,0.00722795605902124,0.0038996212983756474,-0.02848033470242922,0.09896772147875933,0.15383271778825586,0.03155470932772814,-0.10897408299043487
TEN,TEN,2015,-0.0016001140813557268,0.025643538709962718,-0.06456439819739467,-0.06580514048454866,0.16936135789060994,-0.09628823666774677,0.14596343151972305
TEN,TEN,2016,-0.08069365379402786,0.07123791541216198,0.0028789473484134654,-0.24494533445110436,-0.06001346243265925,-0.03224241578067511,0.010221173135861029
TEN,TEN,2017,-0.06295484938363892,0.10992842280296451,-0.012830513807039432,-0.3550470780949328,0.3796418885872679,0.003515206362452235,-0.030193982416657637
TEN,TEN,2019,0.038427456991792494,0.033485346148919404,-0.08578854625146712,0.022074264387507425,0.10951459103509013,-0.11342331414621247,0.24649362442737768
TEN,TEN,2020,0.00893298134945505,0.10655050243425815,-0.05313389099207108,0.005070384934242803,0.19305071942273117,-0.0056966455115120985,-0.08522944609476454
TEN,TEN,2021,0.1652294189495575,0.02034525829980977,-0.06781743736521334,0.1466725875994356,0.10311178013395891,0.3565230328625891,-0.11891964541537038
TEN,TEN,2012,0.09010532178587895,0.08819543942188836,0.03352006076614703,0.21971376231596004,0.06830871526578133,-0.0194000823011648,0.017744166818823695
WAS,WAS,2021,-0.0770759635194076,-0.07844044472935684,-0.11419440170029452,0.34556308124529356,0.19657006389899886,-0.09400370363510002,0.11033038181986028
WAS,WAS,2017,0.04394855665206604,-0.07892253149582777,-0.012808165259537485,0.20326707968662394,0.24567219554073502,-0.07693468800152034,0.00223094794177018
WAS,WAS,2013,0.07011379658893027,-0.06545318222054226,-0.05024111570599084,0.0031244578897959923,-0.09372516596914386,-0.03248705038622351,0.014237608958366071
WAS,WAS,2014,0.04765694255381277,-0.06545318222054226,-0.045185836346453755,0.14527741975356576,-0.18806721477556174,0.055509807238842544,0.1322557155575314
WAS,WAS,2015,0.1094297589959129,-0.06545318222054226,-0.07669104746147505,0.09896016225457906,0.01689422340320905,-0.07423396730316857,0.025684458930878926
WAS,WAS,2016,-0.03813586586769508,-0.055596986256308135,-0.006723315067438683,0.12741694379705504,-0.07051513762467333,-0.11620056609589609,-0.0576699965143787
WAS,WAS,2018,-0.0161664083601184,-0.013045189060764857,0.03760440150640845,0.21029180467421865,0.7128281134089347,-0.07781903692943976,0.17272920732950464
WAS,WAS,2019,0.1924527669855348,-0.05965929701998211,-0.024051611414396157,-0.252489536555127,0.24420042260608865,-0.19519889656438674,0.22204843712410538
WAS,WAS,2020,0.04394855665206604,-0.1070546447610139,-0.0453914477980235,0.16595148046411473,-0.06638151504417293,-0.10211180378770271,0.06055954499452222
WAS,WAS,2012,0.06331342583955865,-0.06545318222054226,0.09716642510323999,0.05075180310421082,0.07403980079905066,0.0658679944396233,-0.07681085619693818
