position,player_name,team_name,grades_defense,snap_counts_pass_play,rank,Year,player_name,year_signed,age,average/year,sim_sal,diff
S,Kevin Byard,TEN,90.4,776,1.0,2021,Kevin Byard,2021,27,14100000,12915888.833333334,1184111.166666666
CB,Jalen Ramsey,LA,84.4,808,5.0,2021,Jalen Ramsey,2021,26,20000000,11677904.714285715,8322095.285714285
S,Micah Hyde,BUF,83.8,720,6.0,2021,Micah Hyde,2021,30,6100000,10641166.625,-4541166.625
CB,Kendall Fuller,WAS,81.5,658,8.0,2021,Kendall Fuller,2021,26,10000000,11236592.555555556,-1236592.555555556
CB,Darius Slay,PHI,81.0,615,9.0,2021,Darius Slay,2021,30,16683333,11087933.3,5595399.699999999
S,Marcus Williams,NO,80.1,672,10.0,2021,Marcus Williams,2021,24,10612000,10261757.545454545,350242.45454545505
S,Adrian Phillips,NE,80.0,538,11.0,2021,Adrian Phillips,2021,29,4250000,11033327.75,-6783327.75
CB,J.C. Jackson,NE,78.9,592,13.0,2021,J.C. Jackson,2021,25,3384000,9952286.083333334,-6568286.083333334
S,Harrison Smith,MIN,77.9,658,16.0,2021,Harrison Smith,2021,32,16000000,8889786.083333334,7110213.916666666
S,Jordan Poyer,BUF,77.7,698,17.0,2021,Jordan Poyer,2021,29,9750000,9339786.083333334,410213.91666666605
CB,Tavierre Thomas,HST,77.6,413,18.0,2021,Tavierre Thomas,2021,25,2000000,9589786.083333334,-7589786.083333334
CB,Marshon Lattimore,NO,77.3,640,19.0,2021,Marshon Lattimore,2021,25,19520600,8991175.0,10529425.0
S,Jayron Kearse,DAL,75.9,674,22.0,2021,Jayron Kearse,2021,27,1127500,9377675.0,-8250175.0
CB,Chidobe Awuzie,CIN,75.5,703,23.0,2021,Chidobe Awuzie,2021,25,7250000,9106008.333333334,-1856008.333333334
S,Devin McCourty,NE,75.5,626,23.0,2021,Devin McCourty,2021,33,11500000,9574008.333333334,1925991.666666666
CB,Adoree' Jackson,NYG,74.9,498,26.0,2021,Adoree' Jackson,2021,25,13000000,8740675.0,4259325.0
S,Jimmie Ward,SF,74.8,761,27.0,2021,Jimmie Ward,2021,29,9500000,9039286.083333334,460713.91666666605
S,Justin Simmons,DEN,74.8,663,27.0,2021,Justin Simmons,2021,27,15250000,9321230.5,5928769.5
CB,Rasul Douglas,GB,74.5,490,29.0,2021,Rasul Douglas,2021,25,990000,7976513.833333333,-6986513.833333333
S,Adrian Amos,GB,74.3,727,30.0,2021,Adrian Amos,2021,27,9000000,8507555.5,492444.5
S,Vonn Bell,CIN,72.1,851,32.0,2021,Vonn Bell,2021,26,6000000,8026305.5,-2026305.5
CB,Shaquill Griffin,JAX,72.0,508,33.0,2021,Shaquill Griffin,2021,25,13333333,8322138.833333333,5011194.166666667
S,Eric Rowe,MIA,71.2,451,37.0,2021,Eric Rowe,2021,29,5383333,7905472.166666667,-2522139.166666667
CB,Charvarius Ward,KC,71.2,591,37.0,2021,Charvarius Ward,2021,25,3384000,7613805.5,-4229805.5
CB,Avonte Maddox,PHI,71.0,533,40.0,2021,Avonte Maddox,2021,25,7500000,6488805.5,1011194.5
S,Bobby McCain,WAS,70.9,667,41.0,2021,Bobby McCain,2021,27,1475000,6579886.833333333,-5104886.833333333
CB,Xavien Howard,MIA,70.9,648,41.0,2021,Xavien Howard,2021,27,15050000,6220886.833333333,8829113.166666668
CB,Taron Johnson,BUF,70.3,665,45.0,2021,Taron Johnson,2021,25,8000000,6658386.833333333,1341613.166666667
CB,Mike Hilton,CIN,70.2,754,46.0,2021,Mike Hilton,2021,27,6000000,6047275.75,-47275.75
CB,Sidney Jones,SEA,70.2,447,46.0,2021,Sidney Jones,2021,24,1750000,6765331.333333333,-5015331.333333333
S,Kyle Dugger,NE,69.7,462,51.0,2021,Kyle Dugger,2021,25,2082976,6565831.333333333,-4482855.333333333
CB,Emmanuel Moseley,SF,69.1,498,53.0,2021,Emmanuel Moseley,2021,24,4692000,6086664.666666667,-1394664.666666667
S,John Johnson III,CLV,68.7,557,55.0,2021,John Johnson III,2021,25,11250000,6388748.0,4861252.0
CB,Jalen Mills,NE,67.5,529,59.0,2021,Jalen Mills,2021,26,6000000,5565136.916666667,434863.083333333
S,Tyrann Mathieu,KC,67.4,730,60.0,2021,Tyrann Mathieu,2021,28,14000000,6523470.25,7476529.75
CB,Robert Alford,ARZ,66.9,409,61.0,2021,Robert Alford,2021,32,990000,7460970.25,-6470970.25
S,Xavier Woods,MIN,66.4,758,63.0,2021,Xavier Woods,2021,25,1750000,7385970.25,-5635970.25
S,Chuck Clark,BLT,66.3,676,64.0,2021,Chuck Clark,2021,25,5100000,8587388.916666666,-3487388.916666666
CB,Anthony Brown,DAL,66.0,706,67.0,2021,Anthony Brown,2021,27,5166667,8556805.583333334,-3390138.583333334
CB,Marlon Humphrey,BLT,65.9,498,68.0,2021,Marlon Humphrey,2021,25,19500000,8848472.25,10651527.75
CB,Tre'Davious White,BUF,65.7,408,70.0,2021,Tre'Davious White,2021,26,17250000,9015138.916666666,8234861.083333334
CB,Nik Needham,MIA,65.2,438,72.0,2021,Nik Needham,2021,24,850000,8046597.25,-7196597.25
CB,Byron Jones,MIA,65.0,626,74.0,2021,Byron Jones,2021,28,16500000,8630763.916666666,7869236.083333334
S,Rodney McLeod,PHI,64.8,477,75.0,2021,Rodney McLeod,2021,30,4325000,8574513.916666666,-4249513.916666666
S,Budda Baker,ARZ,64.6,658,76.0,2021,Budda Baker,2021,25,14750000,8400347.25,6349652.75
S,Malcolm Jenkins,NO,64.5,679,78.0,2021,Malcolm Jenkins,2021,33,8000000,9178125.0,-1178125.0
CB,K'Waun Williams,SF,63.5,572,85.0,2021,K'Waun Williams,2021,29,2377500,8261458.333333333,-5883958.333333333
CB,Patrick Peterson,MIN,63.0,548,87.0,2021,Patrick Peterson,2021,30,8000000,7157291.666666667,842708.333333333
S,Andrew Sendejo,IND,62.9,410,88.0,2021,Andrew Sendejo,2021,33,1075000,7483958.333333333,-6408958.333333333
CB,Steven Nelson,PHI,62.9,629,88.0,2021,Steven Nelson,2021,28,3010000,6506125.0,-3496125.0
CB,James Bradberry,NYG,62.8,690,90.0,2021,James Bradberry,2021,27,14500000,6239666.666666667,8260333.333333333
CB,Chris Harris Jr.,LAC,62.4,469,92.0,2021,Chris Harris Jr.,2021,31,8500000,5156333.333333333,3343666.666666667
S,Anthony Harris,PHI,62.0,539,95.0,2021,Anthony Harris,2021,29,4000000,4864666.666666667,-864666.666666667
CB,Xavier Rhodes,IND,61.8,402,97.0,2021,Xavier Rhodes,2021,30,4770000,5499875.0,-729875.0
CB,Darious Williams,LA,61.8,749,97.0,2021,Darious Williams,2021,28,4766000,4915708.333333333,-149708.33333333302
S,Damontae Kazee,DAL,61.8,606,97.0,2021,Damontae Kazee,2021,27,1127500,4902791.666666667,-3775291.666666667
CB,Levi Wallace,BUF,61.6,686,100.0,2021,Levi Wallace,2021,25,1750000,4751958.333333333,-3001958.333333333
CB,Jourdan Lewis,DAL,61.3,595,101.0,2021,Jourdan Lewis,2021,25,4500000,4404736.083333333,95263.91666666698
CB,Ronald Darby,DEN,61.1,412,103.0,2021,Ronald Darby,2021,27,10000000,4413069.416666667,5586930.583333333
S,Dean Marlowe,DET,61.0,417,104.0,2021,Dean Marlowe,2021,28,990000,5550152.75,-4560152.75
S,Sean Chandler,CAR,60.7,322,106.0,2021,Sean Chandler,2021,24,920000,5265152.75,-4345152.75
CB,Eli Apple,CIN,60.5,845,108.0,2021,Eli Apple,2021,25,1200000,5242986.083333333,-4042986.083333333
S,Logan Ryan,NYG,60.4,602,109.0,2021,Logan Ryan,2021,30,10333333,6274027.75,4059305.25
CB,Tavon Young,BLT,60.4,404,109.0,2021,Tavon Young,2021,26,8600000,6229236.083333333,2370763.916666667
S,Jamal Adams,SEA,60.1,519,112.0,2021,Jamal Adams,2021,25,17645000,7070902.75,10574097.25
S,Erik Harris,ATL,59.7,421,113.0,2021,Erik Harris,2021,30,1350000,6331527.75,-4981527.75
CB,Cameron Sutton,PIT,59.3,689,114.0,2021,Cameron Sutton,2021,26,4500000,6342986.083333333,-1842986.083333333
CB,William Jackson III,WAS,59.3,494,114.0,2021,William Jackson III,2021,28,13500000,6315347.166666667,7184652.833333333
S,Duron Harmon,ATL,59.1,611,116.0,2021,Duron Harmon,2021,30,1212500,6944513.833333333,-5732013.833333333
S,Eddie Jackson,CHI,59.0,438,117.0,2021,Eddie Jackson,2021,28,14600000,6261152.75,8338847.25
CB,Fabian Moreau,ATL,57.7,597,125.0,2021,Fabian Moreau,2021,26,1127500,6711152.75,-5583652.75
S,Jaquiski Tartt,SF,57.5,592,127.0,2021,Jaquiski Tartt,2021,29,1127500,5940736.083333333,-4813236.083333333
CB,Tevaughn Campbell,LAC,56.9,412,129.0,2021,Tevaughn Campbell,2021,27,588333,6078236.083333333,-5489903.083333333
S,Rayshawn Jenkins,JAX,56.9,485,129.0,2021,Rayshawn Jenkins,2021,27,8750000,5974069.416666667,2775930.583333333
CB,Chandon Sullivan,GB,55.0,615,135.0,2021,Chandon Sullivan,2021,24,2133000,5265736.083333333,-3132736.083333333
S,Landon Collins,WAS,54.7,425,136.0,2021,Landon Collins,2021,27,14000000,5377194.416666667,8622805.583333332
CB,Michael Davis,LAC,54.0,523,137.0,2021,Michael Davis,2021,26,8400000,4660527.75,3739472.25
CB,Desmond King II,HST,53.0,533,141.0,2021,Desmond King II,2021,26,3000000,4645319.416666667,-1645319.416666667
CB,Terrance Mitchell,HST,52.4,430,142.0,2021,Terrance Mitchell,2021,28,3250000,4756527.75,-1506527.75
S,Kareem Jackson,DEN,52.0,533,143.0,2021,Kareem Jackson,2021,32,5000000,4832500.0,167500.0
S,Tashaun Gipson Sr.,CHI,51.5,368,144.0,2021,Tashaun Gipson Sr.,2021,30,2550000,4895000.0,-2345000.0
S,Eric Murray,HST,50.9,417,145.0,2021,Eric Murray,2021,27,6000000,4811208.333333333,1188791.666666667
CB,Brandon Facyson,LV,49.1,376,149.0,2021,Brandon Facyson,2021,26,945000,4394541.666666667,-3449541.666666667
S,Daniel Sorensen,KC,47.7,586,152.0,2021,Daniel Sorensen,2021,30,2462000,4948708.333333333,-2486708.333333333
CB,Josh Norman,SF,47.2,480,153.0,2021,Josh Norman,2021,33,1500000,5214625.0,-3714625.0
CB,Kyle Fuller,DEN,47.2,483,153.0,2021,Kyle Fuller,2021,29,9500000,4991291.666666667,4508708.333333333
CB,Mackensie Alexander,MIN,40.2,512,160.0,2021,Mackensie Alexander,2021,27,1127500,5157958.333333333,-4030458.333333333
S,Adrian Amos,GB,89.9,700,3.0,2020,Adrian Amos,2020,26,9000000,8135166.666666667,864833.333333333
CB,Xavien Howard,MIA,87.3,584,4.0,2020,Xavien Howard,2020,26,15050000,9044428.57142857,6005571.428571429
CB,Bryce Callahan,DEN,84.1,394,6.0,2020,Bryce Callahan,2020,28,6191000,8044812.5,-1853812.5
CB,Darious Williams,LA,81.0,629,8.0,2020,Darious Williams,2020,27,570000,8422166.666666666,-7852166.666666666
CB,Jonathan Jones,NE,80.7,453,9.0,2020,Jonathan Jones,2020,26,7000000,7879950.0,-879950.0
S,Kareem Jackson,DEN,80.4,672,10.0,2020,Kareem Jackson,2020,31,11000000,8981772.727272727,2018227.2727272734
CB,James Bradberry,NYG,79.8,639,11.0,2020,James Bradberry,2020,26,14500000,8649958.333333334,5850041.666666666
CB,Jason Verrett,SF,77.6,493,13.0,2020,Jason Verrett,2020,28,1047500,9524958.333333334,-8477458.333333334
S,Justin Simmons,DEN,77.4,672,14.0,2020,Justin Simmons,2020,26,11441000,9499958.333333334,1941041.666666666
CB,Xavier Rhodes,IND,77.3,617,15.0,2020,Xavier Rhodes,2020,29,3000000,10004875.0,-7004875.0
CB,Jalen Ramsey,LA,77.3,697,15.0,2020,Jalen Ramsey,2020,25,20000000,10811541.666666666,9188458.333333334
CB,Brian Poole,NYJ,77.1,308,17.0,2020,Brian Poole,2020,27,5000000,11019875.0,-6019875.0
CB,Marlon Humphrey,BLT,76.4,717,18.0,2020,Marlon Humphrey,2020,24,19500000,10190708.333333334,9309291.666666666
S,Budda Baker,ARZ,75.3,643,21.0,2020,Budda Baker,2020,24,14750000,9482375.0,5267625.0
CB,Malcolm Butler,TEN,74.5,726,22.0,2020,Malcolm Butler,2020,30,12250000,10270083.333333334,1979916.666666666
S,Harrison Smith,MIN,74.3,592,23.0,2020,Harrison Smith,2020,31,10250000,10129166.666666666,120833.33333333395
S,Jimmie Ward,SF,73.5,509,25.0,2020,Jimmie Ward,2020,28,9500000,10239583.333333334,-739583.333333334
S,Tashaun Gipson Sr.,CHI,72.0,678,28.0,2020,Tashaun Gipson Sr.,2020,29,1050000,8864583.333333334,-7814583.333333334
S,Vonn Bell,CIN,71.5,619,30.0,2020,Vonn Bell,2020,25,6000000,8956250.0,-2956250.0
CB,Bradley Roby,HST,71.5,338,30.0,2020,Bradley Roby,2020,27,10500000,7465646.916666667,3034353.083333333
S,Jordan Poyer,BUF,71.3,771,33.0,2020,Jordan Poyer,2020,28,9750000,6661480.25,3088519.75
S,Rodney McLeod,PHI,70.8,503,36.0,2020,Rodney McLeod,2020,29,4325000,5890646.916666667,-1565646.916666667
CB,Jimmy Smith,BLT,70.5,393,37.0,2020,Jimmy Smith,2020,31,3500000,5369813.583333333,-1869813.583333333
S,Micah Hyde,BUF,70.3,730,41.0,2020,Micah Hyde,2020,29,6100000,6015646.916666667,84353.08333333302
CB,Troy Hill,LA,69.9,705,43.0,2020,Troy Hill,2020,28,1612763,5990646.916666667,-4377883.916666667
S,Chuck Clark,BLT,69.8,777,44.0,2020,Chuck Clark,2020,24,5100000,5768424.666666667,-668424.666666667
CB,Ronald Darby,WAS,69.7,657,45.0,2020,Ronald Darby,2020,26,3000000,5601758.0,-2601758.0
S,Jalen Mills,PHI,68.9,596,48.0,2020,Jalen Mills,2020,25,4000000,5955924.666666667,-1955924.666666667
CB,Tre'Davious White,BUF,68.5,687,52.0,2020,Tre'Davious White,2020,25,17250000,6762174.666666667,10487825.333333332
CB,Levi Wallace,BUF,68.3,480,54.0,2020,Levi Wallace,2020,24,750000,7303841.333333333,-6553841.333333333
CB,Terrance Mitchell,CLV,68.2,796,55.0,2020,Terrance Mitchell,2020,27,3333333,7728841.333333333,-4395508.333333333
CB,Steven Nelson,PIT,68.1,605,57.0,2020,Steven Nelson,2020,27,8500000,7844444.416666667,655555.583333333
CB,Marcus Peters,BLT,67.2,673,58.0,2020,Marcus Peters,2020,27,14000000,8372861.083333333,5627138.916666667
S,Tyrann Mathieu,KC,67.0,748,60.0,2020,Tyrann Mathieu,2020,27,14000000,9297861.083333334,4702138.916666666
CB,Kendall Fuller,WAS,66.7,576,63.0,2020,Kendall Fuller,2020,25,10000000,9318694.416666666,681305.583333334
CB,Joe Haden,PIT,66.6,523,65.0,2020,Joe Haden,2020,31,11200000,8839527.75,2360472.25
S,Adrian Phillips,NE,66.2,420,67.0,2020,Adrian Phillips,2020,27,3000000,8978416.666666666,-5978416.666666666
S,Anthony Harris,MIN,66.2,620,67.0,2020,Anthony Harris,2020,28,11441000,9367305.583333334,2073694.416666666
S,Kevin Byard,TEN,65.8,735,69.0,2020,Kevin Byard,2020,26,14100000,9520083.333333334,4579916.666666666
S,Duron Harmon,DET,65.3,634,73.0,2020,Duron Harmon,2020,29,4250000,9478416.666666666,-5228416.666666666
S,Devin McCourty,NE,65.2,549,75.0,2020,Devin McCourty,2020,32,11500000,8410708.333333334,3089291.666666666
S,Jarrod Wilson,JAX,64.7,439,76.0,2020,Jarrod Wilson,2020,25,2416667,8952375.0,-6535708.0
S,Malcolm Jenkins,NO,64.4,737,80.0,2020,Malcolm Jenkins,2020,32,8000000,8290625.0,-290625.0
S,Logan Ryan,NYG,64.1,657,82.0,2020,Logan Ryan,2020,29,10333333,8557291.666666666,1776041.333333334
CB,Kyle Fuller,CHI,64.0,684,83.0,2020,Kyle Fuller,2020,27,13500000,8994152.75,4505847.25
S,Chris Banjo,ARZ,63.6,272,84.0,2020,Chris Banjo,2020,30,1187500,8069152.75,-6881652.75
CB,Byron Jones,MIA,63.6,498,84.0,2020,Byron Jones,2020,27,16500000,8256652.75,8243347.25
CB,Michael Davis,LAC,63.1,598,86.0,2020,Michael Davis,2020,25,3259000,7860819.416666667,-4601819.416666667
S,Quandre Diggs,SEA,63.1,765,86.0,2020,Quandre Diggs,2020,27,6200000,8367763.833333333,-2167763.833333333
CB,Darius Slay,PHI,62.9,518,88.0,2020,Darius Slay,2020,29,16683333,8034430.5,8648902.5
CB,Bashaud Breeland,KC,62.8,574,89.0,2020,Bashaud Breeland,2020,28,3000000,8389986.083333334,-5389986.083333334
S,Ricardo Allen,ATL,62.4,412,92.0,2020,Ricardo Allen,2020,28,6500000,7713597.166666667,-1213597.166666667
S,Bobby McCain,MIA,62.1,582,93.0,2020,Bobby McCain,2020,26,6750000,8114638.833333333,-1364638.833333333
CB,Chris Harris Jr.,LAC,61.9,347,94.0,2020,Chris Harris Jr.,2020,30,8500000,6947972.166666667,1552027.833333333
CB,Mackensie Alexander,CIN,60.4,417,99.0,2020,Mackensie Alexander,2020,26,4000000,6843055.5,-2843055.5
S,Eddie Jackson,CHI,59.5,682,106.0,2020,Eddie Jackson,2020,27,14600000,6743055.5,7856944.5
S,Eric Rowe,MIA,58.9,579,112.0,2020,Eric Rowe,2020,28,5383333,5510590.25,-127257.25
S,Kenny Vaccaro,TEN,58.7,583,114.0,2020,Kenny Vaccaro,2020,29,6000000,5593923.583333333,406076.416666667
S,Erik Harris,LV,57.0,439,118.0,2020,Erik Harris,2020,29,2500000,6219756.916666667,-3719756.916666667
S,Jayron Kearse,DET,55.7,307,121.0,2020,Jayron Kearse,2020,26,2000000,5865590.25,-3865590.25
CB,Jason McCourty,NE,55.7,421,121.0,2020,Jason McCourty,2020,32,5000000,5587812.5,-587812.5
CB,Nevin Lawson,LV,55.6,470,123.0,2020,Nevin Lawson,2020,28,1893750,5311952.666666667,-3418202.666666667
S,Juston Burris,CAR,55.3,509,124.0,2020,Juston Burris,2020,26,4000000,4261952.666666667,-261952.66666666698
CB,Patrick Peterson,ARZ,55.2,695,126.0,2020,Patrick Peterson,2020,28,14010000,4313341.583333333,9696658.416666668
S,Karl Joseph,CLV,54.7,520,129.0,2020,Karl Joseph,2020,26,2500000,4313341.583333333,-1813341.583333333
CB,Anthony Brown,DAL,54.6,304,130.0,2020,Anthony Brown,2020,26,5166667,4563341.583333333,603325.416666667
CB,Tre Flowers,SEA,54.4,421,131.0,2020,Tre Flowers,2020,26,689682,4688341.583333333,-3998659.583333333
CB,Darryl Roberts,DET,54.3,315,132.0,2020,Darryl Roberts,2020,29,2000000,4384174.916666667,-2384174.916666667
S,Eric Murray,HST,53.9,539,133.0,2020,Eric Murray,2020,26,6000000,4313862.416666667,1686137.583333333
S,Tre Boston,CAR,53.8,664,134.0,2020,Tre Boston,2020,27,6000000,4313862.416666667,1686137.583333333
CB,Buster Skrine,CHI,52.3,384,138.0,2020,Buster Skrine,2020,30,5500000,3333862.4166666665,2166137.5833333335
CB,Kevin Johnson,CLV,51.4,420,139.0,2020,Kevin Johnson,2020,27,3500000,3183029.0833333335,316970.9166666665
CB,Nickell Robey-Coleman,PHI,51.1,416,140.0,2020,Nickell Robey-Coleman,2020,28,1350000,2862890.1666666665,-1512890.1666666665
CB,Dre Kirkpatrick,ARZ,49.0,509,151.0,2020,Dre Kirkpatrick,2020,30,1050000,3063333.3333333335,-2013333.3333333335
S,Daniel Sorensen,KC,48.4,722,153.0,2020,Daniel Sorensen,2020,30,4000000,3650833.3333333335,349166.6666666665
S,Andrew Sendejo,CLV,45.5,630,155.0,2020,Andrew Sendejo,2020,32,2250000,4005000.0,-1755000.0
S,Josh Jones,JAX,43.9,390,156.0,2020,Josh Jones,2020,25,690000,3663333.3333333335,-2973333.3333333335
CB,Vernon Hargreaves III,HST,41.2,558,157.0,2020,Vernon Hargreaves III,2020,24,1325000,3580000.0,-2255000.0
S,Anthony Harris,MIN,91.1,653,1.0,2019,Anthony Harris,2019,27,3095000,7132500.0,-4037500.0
CB,Richard Sherman,SF,90.3,681,3.0,2019,Richard Sherman,2019,30,9050000,7970714.285714285,1079285.7142857146
S,Harrison Smith,MIN,88.4,681,4.0,2019,Harrison Smith,2019,30,10250000,8349375.0,1900625.0
CB,Quinton Dunbar,WAS,87.6,368,7.0,2019,Quinton Dunbar,2019,27,1900000,8477222.222222222,-6577222.222222222
S,Jimmie Ward,SF,85.0,628,8.0,2019,Jimmie Ward,2019,27,4500000,8479500.0,-3979500.0
CB,Marcus Peters,BLT,83.9,644,9.0,2019,Marcus Peters,2019,26,14000000,7976818.181818182,6023181.818181818
CB,Stephon Gilmore,NE,82.7,648,11.0,2019,Stephon Gilmore,2019,28,13000000,7562083.333333333,5437916.666666667
S,Kareem Jackson,DEN,82.3,517,12.0,2019,Kareem Jackson,2019,30,11000000,8479166.666666666,2520833.333333334
S,Devin McCourty,NE,80.8,642,13.0,2019,Devin McCourty,2019,31,9500000,8233333.333333333,1266666.666666667
CB,Steven Nelson,PIT,80.5,585,14.0,2019,Steven Nelson,2019,26,8500000,7906944.416666667,593055.583333333
CB,K'Waun Williams,SF,80.3,504,15.0,2019,K'Waun Williams,2019,27,2950000,8894444.416666666,-5944444.416666666
CB,Brian Poole,NYJ,79.0,526,18.0,2019,Brian Poole,2019,26,3000000,8696527.75,-5696527.75
S,Kevin Byard,TEN,78.3,867,19.0,2019,Kevin Byard,2019,25,14100000,7664258.0,6435742.0
S,Micah Hyde,BUF,77.7,658,21.0,2019,Micah Hyde,2019,28,6100000,7330924.666666667,-1230924.666666667
CB,D.J. Hayden,JAX,76.9,440,22.0,2019,D.J. Hayden,2019,28,6333333,7580924.666666667,-1247591.666666667
S,Earl Thomas III,BLT,76.9,623,22.0,2019,Earl Thomas III,2019,29,13750000,7224674.666666667,6525325.333333333
S,Tre Boston,CAR,76.4,673,25.0,2019,Tre Boston,2019,27,2125000,6870508.0,-4745508.0
CB,Troy Hill,LA,76.4,328,25.0,2019,Troy Hill,2019,27,1612763,6895508.0,-5282745.0
S,Adrian Amos,GB,75.7,697,28.0,2019,Adrian Amos,2019,25,9000000,6846896.916666667,2153103.083333333
S,Tyrann Mathieu,KC,75.4,817,30.0,2019,Tyrann Mathieu,2019,26,14000000,6255230.25,7744769.75
CB,Nickell Robey-Coleman,LA,74.5,525,32.0,2019,Nickell Robey-Coleman,2019,27,5225000,6263563.583333333,-1038563.583333333
S,Duron Harmon,NE,74.4,484,34.0,2019,Duron Harmon,2019,28,4250000,6110785.833333333,-1860785.833333333
S,Jordan Poyer,BUF,74.0,660,36.0,2019,Jordan Poyer,2019,27,3250000,5256619.166666667,-2006619.166666667
S,Jarrod Wilson,JAX,73.7,628,37.0,2019,Jarrod Wilson,2019,24,2416667,5496202.5,-3079535.5
CB,Jonathan Jones,NE,73.6,480,38.0,2019,Jonathan Jones,2019,25,7000000,5421805.583333333,1578194.416666667
S,Quandre Diggs,SEA,73.4,464,40.0,2019,Quandre Diggs,2019,26,6200000,4784305.583333333,1415694.416666667
CB,Darqueze Dennard,CIN,72.2,307,42.0,2019,Darqueze Dennard,2019,27,4500000,4550972.25,-50972.25
S,Tavon Wilson,DET,71.9,506,44.0,2019,Tavon Wilson,2019,28,3500000,5261388.916666667,-1761388.916666667
CB,Tramon Williams,GB,71.7,549,46.0,2019,Tramon Williams,2019,36,5000000,5911388.916666667,-911388.916666667
CB,Maurice Canady,NYJ,71.5,264,47.0,2019,Maurice Canady,2019,25,720000,5911388.916666667,-5191388.916666667
CB,Tramaine Brock Sr.,TEN,70.6,636,52.0,2019,Tramaine Brock Sr.,2019,30,1350000,6439166.666666667,-5089166.666666667
CB,Joe Haden,PIT,70.3,613,56.0,2019,Joe Haden,2019,30,11200000,7022500.0,4177500.0
CB,Desmond Trufant,ATL,70.2,302,57.0,2019,Desmond Trufant,2019,28,13750000,6943418.75,6806581.25
CB,Chris Harris Jr.,DEN,69.9,639,58.0,2019,Chris Harris Jr.,2019,29,12050000,7735918.75,4314081.25
S,Antoine Bethea,NYG,69.3,657,65.0,2019,Antoine Bethea,2019,34,3250000,7604064.583333333,-4354064.583333333
S,Malcolm Jenkins,PHI,69.2,712,67.0,2019,Malcolm Jenkins,2019,31,8750000,7937397.916666667,812602.083333333
S,Landon Collins,WAS,69.2,608,67.0,2019,Landon Collins,2019,25,14000000,8460731.25,5539268.75
S,Eric Weddle,LA,69.0,620,70.0,2019,Eric Weddle,2019,34,5251025,8401981.25,-3150956.25
CB,Patrick Peterson,ARZ,68.6,449,72.0,2019,Patrick Peterson,2019,27,14010000,7532518.666666667,6477481.333333333
S,Jeff Heath,DAL,67.9,474,75.0,2019,Jeff Heath,2019,27,1917750,6595018.666666667,-4677268.666666667
CB,Prince Amukamara,CHI,67.5,567,76.0,2019,Prince Amukamara,2019,29,9000000,6080435.333333333,2919564.666666667
S,Rodney McLeod,PHI,67.2,711,77.0,2019,Rodney McLeod,2019,28,7000000,6351268.666666667,648731.333333333
CB,Mike Hilton,PIT,67.1,438,78.0,2019,Mike Hilton,2019,24,645000,5675852.0,-5030852.0
S,Eddie Jackson,CHI,67.0,660,79.0,2019,Eddie Jackson,2019,26,766449,5342518.666666667,-4576069.666666667
S,Erik Harris,LV,66.7,558,81.0,2019,Erik Harris,2019,28,2500000,5467433.25,-2967433.25
CB,Brandon Carr,BLT,66.4,537,82.0,2019,Brandon Carr,2019,32,5875000,5133266.583333333,741733.416666667
S,Jaquiski Tartt,SF,65.1,543,89.0,2019,Jaquiski Tartt,2019,27,6500000,5348454.083333333,1151545.916666667
S,Adrian Colbert,MIA,64.9,227,90.0,2019,Adrian Colbert,2019,25,645000,4675120.75,-4030120.75
CB,Bradley Roby,HST,64.0,549,95.0,2019,Bradley Roby,2019,26,10000000,5258454.083333333,4741545.916666667
S,Bobby McCain,MIA,63.6,301,97.0,2019,Bobby McCain,2019,25,6750000,5462620.75,1287379.25
CB,Logan Ryan,TEN,63.0,867,101.0,2019,Logan Ryan,2019,28,10000000,5898750.0,4101250.0
S,Bradley McDougald,SEA,62.8,689,102.0,2019,Bradley McDougald,2019,28,4500000,6440416.666666667,-1940416.666666667
S,Andrew Adams,TB,62.7,428,103.0,2019,Andrew Adams,2019,26,920000,6409166.666666667,-5489166.666666667
CB,Kyle Fuller,CHI,62.5,668,106.0,2019,Kyle Fuller,2019,27,14000000,6492500.0,7507500.0
CB,Daryl Worley,LV,62.4,580,108.0,2019,Daryl Worley,2019,24,3095000,6772083.333333333,-3677083.333333333
S,Kenny Vaccaro,TEN,60.9,841,111.0,2019,Kenny Vaccaro,2019,28,6000000,6387361.083333333,-387361.083333333
CB,Justin Coleman,DET,60.5,628,115.0,2019,Justin Coleman,2019,25,9000000,6449861.083333333,2550138.916666667
CB,Buster Skrine,CHI,59.8,520,117.0,2019,Buster Skrine,2019,29,5500000,6158194.416666667,-658194.416666667
S,Tashaun Gipson Sr.,HST,59.5,561,118.0,2019,Tashaun Gipson Sr.,2019,28,7500000,6908194.416666667,591805.583333333
S,Daniel Sorensen,KC,59.4,554,119.0,2019,Daniel Sorensen,2019,29,4000000,7106527.75,-3106527.75
CB,Eric Rowe,MIA,58.9,604,120.0,2019,Eric Rowe,2019,27,5383333,6439861.083333333,-1056528.083333333
CB,Pierre Desir,IND,58.8,450,121.0,2019,Pierre Desir,2019,28,7500000,7185069.416666667,314930.583333333
S,Ricardo Allen,ATL,58.6,585,122.0,2019,Ricardo Allen,2019,27,6500000,7330902.75,-830902.75
CB,A.J. Bouye,JAX,58.4,562,123.0,2019,A.J. Bouye,2019,27,13500000,6872569.416666667,6627430.583333333
CB,Ross Cockrell,CAR,57.5,487,127.0,2019,Ross Cockrell,2019,27,3300000,6593402.75,-3293402.75
CB,Darryl Roberts,NYJ,56.6,441,129.0,2019,Darryl Roberts,2019,28,6000000,6042986.083333333,-42986.08333333302
CB,Darius Slay,DET,56.4,523,130.0,2019,Darius Slay,2019,28,12037500,5876319.416666667,6161180.583333333
CB,T.J. Carrie,CLV,56.2,447,131.0,2019,T.J. Carrie,2019,28,7750000,5848229.166666667,1901770.833333333
CB,B.W. Webb,CIN,55.7,506,133.0,2019,B.W. Webb,2019,29,3500000,5280702.666666667,-1780702.666666667
CB,Rashaan Melvin,DET,55.3,566,136.0,2019,Rashaan Melvin,2019,29,2150000,5907369.333333333,-3757369.333333333
S,Jaylen Watkins,LAC,55.2,232,137.0,2019,Jaylen Watkins,2019,27,895000,5394869.333333333,-4499869.333333333
CB,Bashaud Breeland,KC,55.2,704,137.0,2019,Bashaud Breeland,2019,27,2000000,6369869.333333333,-4369869.333333333
S,Shawn Williams,CIN,54.5,563,141.0,2019,Shawn Williams,2019,28,5046250,5914869.333333333,-868619.333333333
CB,Tre Flowers,SEA,49.5,708,148.0,2019,Tre Flowers,2019,25,689682,4965494.333333333,-4275812.333333333
CB,Xavier Rhodes,MIN,47.9,558,152.0,2019,Xavier Rhodes,2019,29,14020000,4383531.75,9636468.25
S,Eric Reid,CAR,46.6,668,155.0,2019,Eric Reid,2019,27,7350000,5175198.416666667,2174801.583333333
CB,Josh Norman,WAS,45.7,339,157.0,2019,Josh Norman,2019,31,15000000,5054781.75,9945218.25
CB,Jamal Perry,MIA,43.7,389,158.0,2019,Jamal Perry,2019,24,540000,5688531.75,-5148531.75
S,Jermaine Whitehead,CLV,40.0,284,160.0,2019,Jermaine Whitehead,2019,25,645000,6030198.416666667,-5385198.416666667
S,Eddie Jackson,CHI,93.2,626,1.0,2018,Eddie Jackson,2018,25,766449,7180241.5,-6413792.5
CB,Stephon Gilmore,NE,90.9,817,2.0,2018,Stephon Gilmore,2018,27,13000000,6583064.142857143,6416935.857142857
S,Anthony Harris,MIN,89.0,349,4.0,2018,Anthony Harris,2018,26,705000,6572681.125,-5867681.125
CB,Chris Harris Jr.,DEN,85.5,469,8.0,2018,Chris Harris Jr.,2018,28,8500000,7397938.777777778,1102061.222222222
S,Micah Hyde,BUF,84.1,507,9.0,2018,Micah Hyde,2018,27,6100000,6848844.9,-748844.9000000004
CB,Patrick Peterson,ARZ,82.5,611,12.0,2018,Patrick Peterson,2018,26,14010000,7044404.454545454,6965595.545454546
CB,Jason McCourty,NE,82.3,699,13.0,2018,Jason McCourty,2018,30,3000000,6874037.416666667,-3874037.416666667
S,Eric Weddle,BLT,82.3,708,13.0,2018,Eric Weddle,2018,33,6500000,7601833.333333333,-1101833.333333333
CB,Kyle Fuller,CHI,81.4,746,15.0,2018,Kyle Fuller,2018,26,14000000,6953916.666666667,7046083.333333333
CB,Bryce Callahan,CHI,81.3,496,16.0,2018,Bryce Callahan,2018,26,1907000,7749333.333333333,-5842333.333333333
CB,Prince Amukamara,CHI,81.0,680,17.0,2018,Prince Amukamara,2018,28,9000000,7770166.666666667,1229833.333333333
CB,Johnathan Joseph,HST,80.8,570,18.0,2018,Johnathan Joseph,2018,33,5000000,7636833.333333333,-2636833.333333333
S,Devin McCourty,NE,80.6,817,19.0,2018,Devin McCourty,2018,30,9500000,7177666.666666667,2322333.333333333
CB,Nickell Robey-Coleman,LA,79.8,497,22.0,2018,Nickell Robey-Coleman,2018,26,5225000,7073500.0,-1848500.0
S,Harrison Smith,MIN,79.7,605,23.0,2018,Harrison Smith,2018,29,10250000,7323500.0,2926500.0
S,Malcolm Jenkins,PHI,79.6,821,24.0,2018,Malcolm Jenkins,2018,30,8750000,7281833.333333333,1468166.666666667
S,D.J. Swearinger Sr.,ARZ,79.3,607,25.0,2018,D.J. Swearinger Sr.,2018,26,4500000,7706250.0,-3206250.0
CB,Kareem Jackson,HST,79.2,687,26.0,2018,Kareem Jackson,2018,29,8500000,7959375.0,540625.0
CB,Pierre Desir,IND,77.7,682,33.0,2018,Pierre Desir,2018,27,1750000,8751041.666666666,-7001041.666666666
CB,Aqib Talib,LA,76.6,346,38.0,2018,Aqib Talib,2018,32,9500000,8487152.75,1012847.25
CB,A.J. Bouye,JAX,75.7,512,40.0,2018,A.J. Bouye,2018,26,13500000,8426736.083333334,5073263.916666666
S,Tyrann Mathieu,HST,75.3,735,41.0,2018,Tyrann Mathieu,2018,25,7000000,7697569.416666667,-697569.416666667
CB,Darius Slay,DET,75.0,532,42.0,2018,Darius Slay,2018,27,12037500,7293402.75,4744097.25
CB,Trumaine Johnson,NYJ,74.9,421,43.0,2018,Trumaine Johnson,2018,28,14500000,7435069.416666667,7064930.583333333
CB,D.J. Hayden,JAX,74.8,312,44.0,2018,D.J. Hayden,2018,27,6333333,7726736.083333333,-1393403.083333333
S,Bradley McDougald,SEA,74.7,606,45.0,2018,Bradley McDougald,2018,27,4500000,8001423.583333333,-3501423.583333333
S,Tre Boston,ARZ,74.1,540,47.0,2018,Tre Boston,2018,26,1500000,8043090.25,-6543090.25
S,Patrick Chung,NE,72.7,715,55.0,2018,Patrick Chung,2018,30,3900000,7626423.583333333,-3726423.583333333
S,Quandre Diggs,DET,72.7,576,55.0,2018,Quandre Diggs,2018,25,6200000,7793090.25,-1593090.25
S,Reshad Jones,MIA,72.1,462,60.0,2018,Reshad Jones,2018,30,12000000,7279548.583333333,4720451.416666667
S,Shawn Williams,CIN,71.6,566,62.0,2018,Shawn Williams,2018,27,5046250,6671215.25,-1624965.25
CB,Logan Ryan,TEN,71.6,540,62.0,2018,Logan Ryan,2018,27,10000000,6643645.833333333,3356354.166666667
S,Tony Jefferson,BLT,71.2,603,64.0,2018,Tony Jefferson,2018,26,8500000,6560312.5,1939687.5
CB,Joe Haden,PIT,70.9,616,65.0,2018,Joe Haden,2018,29,9000000,6601979.166666667,2398020.833333333
CB,Brandon Carr,BLT,70.8,629,67.0,2018,Brandon Carr,2018,31,5875000,7422812.5,-1547812.5
S,Tashaun Gipson Sr.,JAX,70.7,620,68.0,2018,Tashaun Gipson Sr.,2018,27,7200000,6954775.5,245224.5
S,T.J. McDonald,MIA,70.6,546,69.0,2018,T.J. McDonald,2018,27,6002500,6708942.166666667,-706442.166666667
CB,Orlando Scandrick,KC,70.0,598,71.0,2018,Orlando Scandrick,2018,31,3500000,7538421.333333333,-4038421.333333333
S,Michael Thomas,NYG,69.7,352,75.0,2018,Michael Thomas,2018,28,2000000,7059254.666666667,-5059254.666666667
CB,Desmond Trufant,ATL,69.5,682,78.0,2018,Desmond Trufant,2018,27,13750000,6621754.666666667,7128245.333333333
S,Darryl Roberts,NYJ,69.0,483,80.0,2018,Darryl Roberts,2018,27,583556,5928004.666666667,-5344448.666666667
CB,Richard Sherman,SF,68.9,534,81.0,2018,Richard Sherman,2018,29,9050000,5681254.666666667,3368745.333333333
CB,Josh Norman,WAS,68.9,641,81.0,2018,Josh Norman,2018,30,15000000,6102088.0,8897912.0
S,Duron Harmon,NE,68.8,511,83.0,2018,Duron Harmon,2018,27,4250000,6247713.0,-1997713.0
S,Jordan Poyer,BUF,68.4,579,86.0,2018,Jordan Poyer,2018,26,3250000,6201879.666666667,-2951879.666666667
S,Sharrod Neasman,ATL,67.8,282,89.0,2018,Sharrod Neasman,2018,26,675000,6576879.666666667,-5901879.666666667
CB,Justin Coleman,SEA,67.3,521,92.0,2018,Justin Coleman,2018,24,2914000,5556046.333333333,-2642046.333333333
CB,Malcolm Butler,TEN,67.1,544,94.0,2018,Malcolm Butler,2018,28,12250000,6049083.333333333,6200916.666666667
CB,T.J. Carrie,CLV,66.9,612,95.0,2018,T.J. Carrie,2018,27,7750000,5419916.666666667,2330083.333333333
CB,K'Waun Williams,SF,66.7,409,97.0,2018,K'Waun Williams,2018,26,2950000,4312833.333333333,-1362833.333333333
S,Jaquiski Tartt,SF,66.6,274,98.0,2018,Jaquiski Tartt,2018,26,6500000,4067000.0,2433000.0
S,Kenny Vaccaro,TEN,66.4,460,99.0,2018,Kenny Vaccaro,2018,27,1500000,3912000.0,-2412000.0
S,Glover Quin,DET,66.1,487,101.0,2018,Glover Quin,2018,32,6500000,4209916.666666667,2290083.333333333
S,Adrian Phillips,LAC,66.0,564,102.0,2018,Adrian Phillips,2018,25,1500000,4024556.8333333335,-2524556.8333333335
S,Corey Graham,PHI,65.9,559,103.0,2018,Corey Graham,2018,33,1715000,3420390.1666666665,-1705390.1666666665
CB,Coty Sensabaugh,PIT,65.7,495,106.0,2018,Coty Sensabaugh,2018,29,1300000,3357890.1666666665,-2057890.1666666665
S,Eric Reid,CAR,65.7,459,106.0,2018,Eric Reid,2018,26,1390000,3476640.1666666665,-2086640.1666666665
S,Antoine Bethea,ARZ,64.2,612,112.0,2018,Antoine Bethea,2018,33,4250000,3000806.8333333335,1249193.1666666665
CB,Tre Flowers,SEA,64.1,616,113.0,2018,Tre Flowers,2018,24,689682,2943723.5,-2254041.5
S,Tramon Williams,GB,63.3,637,118.0,2018,Tramon Williams,2018,35,5000000,2485806.8333333335,2514193.1666666665
CB,Morris Claiborne,NYJ,62.7,630,119.0,2018,Morris Claiborne,2018,28,7000000,2944140.1666666665,4055859.8333333335
CB,Captain Munnerlyn,CAR,61.6,452,124.0,2018,Captain Munnerlyn,2018,29,4375000,3657515.1666666665,717484.8333333335
CB,Bene Benwikere,LV,61.4,335,125.0,2018,Bene Benwikere,2018,27,790000,3695015.1666666665,-2905015.1666666665
CB,B.W. Webb,NYG,61.3,634,126.0,2018,B.W. Webb,2018,28,815000,3962515.1666666665,-3147515.1666666665
CB,Shareece Wright,HST,61.3,395,126.0,2018,Shareece Wright,2018,30,1005000,4077098.5,-3072098.5
CB,Brent Grimes,TB,61.3,450,126.0,2018,Brent Grimes,2018,34,7000000,4477958.333333333,2522041.666666667
CB,Jimmy Smith,BLT,61.2,433,130.0,2018,Jimmy Smith,2018,29,10275500,4936291.666666667,5339208.333333333
CB,Rafael Bush,BUF,60.9,262,133.0,2018,Rafael Bush,2018,30,1750000,4769625.0,-3019625.0
CB,Nevin Lawson,DET,60.6,517,135.0,2018,Nevin Lawson,2018,26,4600000,4988375.0,-388375.0
S,Jahleel Addae,LAC,60.5,736,136.0,2018,Jahleel Addae,2018,28,5625000,6090875.0,-465875.0
CB,Rashaan Melvin,LV,60.5,357,136.0,2018,Rashaan Melvin,2018,28,5500000,6075458.333333333,-575458.333333333
CB,Dre Kirkpatrick,CIN,60.0,483,139.0,2018,Dre Kirkpatrick,2018,28,10500000,6554208.333333333,3945791.666666667
S,Ron Parker,KC,59.6,688,141.0,2018,Ron Parker,2018,30,5000000,6491708.333333333,-1491708.333333333
S,Darian Stewart,DEN,59.6,521,141.0,2018,Darian Stewart,2018,30,7000000,6427083.333333333,572916.666666667
CB,Xavier Rhodes,MIN,58.2,455,144.0,2018,Xavier Rhodes,2018,28,14020000,6441062.5,7578937.5
S,Curtis Riley,NYG,58.1,636,145.0,2018,Curtis Riley,2018,25,630000,6391062.5,-5761062.5
CB,Bobby McCain,MIA,57.9,471,146.0,2018,Bobby McCain,2018,24,6750000,6463979.166666667,286020.833333333
CB,Buster Skrine,NYJ,57.3,440,148.0,2018,Buster Skrine,2018,28,6250000,6180645.833333333,69354.16666666698
CB,Robert Alford,ATL,56.6,601,149.0,2018,Robert Alford,2018,30,9500000,6159812.5,3340187.5
S,Jeff Heath,DAL,56.4,686,150.0,2018,Jeff Heath,2018,26,1917750,6284812.5,-4367062.5
S,Marcus Gilchrist,LV,54.4,490,152.0,2018,Marcus Gilchrist,2018,29,4000000,6534812.5,-2534812.5
S,Barry Church,JAX,49.9,405,156.0,2018,Barry Church,2018,30,6500000,5874812.5,625187.5
S,Mike Adams,CAR,49.2,598,157.0,2018,Mike Adams,2018,36,2100000,6093145.833333333,-3993145.833333333
S,Harrison Smith,MIN,91.8,701,1.0,2017,Harrison Smith,2017,28,10250000,6145833.333333333,4104166.666666667
S,Glover Quin,DET,90.6,645,6.0,2017,Glover Quin,2017,31,6500000,5875000.0,625000.0
S,Earl Thomas III,SEA,90.2,545,8.0,2017,Earl Thomas III,2017,27,10000000,6828125.0,3171875.0
S,Micah Hyde,BUF,87.7,664,11.0,2017,Micah Hyde,2017,26,6100000,7513888.888888889,-1413888.888888889
S,Jordan Poyer,BUF,87.7,636,11.0,2017,Jordan Poyer,2017,25,3250000,7790050.0,-4540050.0
CB,Patrick Robinson,PHI,87.0,641,13.0,2017,Patrick Robinson,2017,29,775000,7263681.818181818,-6488681.818181818
S,Antoine Bethea,ARZ,86.4,511,14.0,2017,Antoine Bethea,2017,32,4250000,7450041.666666667,-3200041.666666667
CB,A.J. Bouye,JAX,84.5,778,18.0,2017,A.J. Bouye,2017,25,13500000,6929208.333333333,6570791.666666667
CB,Stephon Gilmore,NE,83.0,654,20.0,2017,Stephon Gilmore,2017,26,13000000,7390666.666666667,5609333.333333333
CB,Jimmy Smith,BLT,81.9,356,22.0,2017,Jimmy Smith,2017,28,10275500,6632333.333333333,3643166.666666667
CB,Tramon Williams,ARZ,81.5,438,23.0,2017,Tramon Williams,2017,34,2000000,6195250.0,-4195250.0
CB,Aqib Talib,DEN,81.4,465,25.0,2017,Aqib Talib,2017,31,9500000,6257750.0,3242250.0
S,Andrew Sendejo,MIN,81.0,539,27.0,2017,Andrew Sendejo,2017,29,4000000,6901500.0,-2901500.0
CB,Darius Slay,DET,80.6,649,28.0,2017,Darius Slay,2017,26,12037500,6607750.0,5429750.0
S,Tre Boston,LAC,80.6,631,28.0,2017,Tre Boston,2017,24,900000,5534000.0,-4634000.0
CB,Nickell Robey-Coleman,LA,80.5,489,30.0,2017,Nickell Robey-Coleman,2017,25,855000,5450666.666666667,-4595666.666666667
S,Tyvon Branch,ARZ,79.2,361,32.0,2017,Tyvon Branch,2017,30,4000000,5386041.666666667,-1386041.666666667
CB,Chris Harris Jr.,DEN,79.1,527,33.0,2017,Chris Harris Jr.,2017,27,8500000,5379187.5,3120812.5
CB,Rashaan Melvin,IND,77.9,346,38.0,2017,Rashaan Melvin,2017,27,725000,4837520.833333333,-4112520.833333333
CB,Bryce Callahan,CHI,77.7,374,39.0,2017,Bryce Callahan,2017,25,615000,5087520.833333333,-4472520.833333333
S,Kam Chancellor,SEA,77.7,384,39.0,2017,Kam Chancellor,2017,29,12000000,4259395.833333333,7740604.166666667
CB,Robert Alford,ATL,76.7,744,42.0,2017,Robert Alford,2017,29,9500000,4430229.166666667,5069770.833333333
S,Jeff Heath,DAL,76.6,561,43.0,2017,Jeff Heath,2017,25,1917750,5504812.5,-3587062.5
CB,Jason McCourty,CLV,76.3,516,45.0,2017,Jason McCourty,2017,29,3000000,5900645.833333333,-2900645.833333333
S,Rodney McLeod,PHI,76.2,734,47.0,2017,Rodney McLeod,2017,26,7000000,5754812.5,1245187.5
S,Mike Adams,CAR,75.9,678,48.0,2017,Mike Adams,2017,35,2100000,6069395.833333333,-3969395.833333333
CB,K'Waun Williams,SF,75.3,428,49.0,2017,K'Waun Williams,2017,25,2950000,6372312.5,-3422312.5
CB,Desmond Trufant,ATL,75.1,668,50.0,2017,Desmond Trufant,2017,26,13750000,5522312.5,8227687.5
S,Malcolm Jenkins,PHI,74.5,802,55.0,2017,Malcolm Jenkins,2017,29,8750000,5313979.166666667,3436020.833333333
CB,Brent Grimes,TB,74.1,521,59.0,2017,Brent Grimes,2017,33,6750000,5695833.333333333,1054166.666666667
S,D.J. Swearinger Sr.,WAS,73.6,649,61.0,2017,D.J. Swearinger Sr.,2017,25,4500000,6487500.0,-1987500.0
S,Duron Harmon,NE,73.6,618,61.0,2017,Duron Harmon,2017,26,4250000,6445833.333333333,-2195833.333333333
S,Bradley McDougald,SEA,73.5,395,63.0,2017,Bradley McDougald,2017,26,1800000,7439166.666666667,-5639166.666666667
CB,Prince Amukamara,CHI,73.3,513,65.0,2017,Prince Amukamara,2017,27,7000000,8443333.333333334,-1443333.333333334
S,Eric Weddle,BLT,73.3,670,65.0,2017,Eric Weddle,2017,32,6500000,7348750.0,-848750.0
CB,Tyrann Mathieu,ARZ,72.6,666,67.0,2017,Tyrann Mathieu,2017,25,12500000,6945416.666666667,5554583.333333333
S,Barry Church,JAX,72.5,760,68.0,2017,Barry Church,2017,29,6500000,7174583.333333333,-674583.333333333
CB,Xavier Rhodes,MIN,72.4,644,69.0,2017,Xavier Rhodes,2017,27,14020000,7299583.333333333,6720416.666666667
CB,Josh Norman,WAS,72.2,526,71.0,2017,Josh Norman,2017,29,15000000,7037083.333333333,7962916.666666667
S,Ricardo Allen,ATL,72.1,697,72.0,2017,Ricardo Allen,2017,25,615000,7355833.333333333,-6740833.333333333
CB,Malcolm Butler,NE,71.5,770,75.0,2017,Malcolm Butler,2017,27,3910000,7000277.75,-3090277.75
S,Devin McCourty,NE,71.5,784,75.0,2017,Devin McCourty,2017,29,9500000,7166944.416666667,2333055.583333333
S,George Iloka,CIN,71.4,562,78.0,2017,George Iloka,2017,26,6000000,6541944.416666667,-541944.416666667
CB,Ross Cockrell,NYG,71.1,401,79.0,2017,Ross Cockrell,2017,25,1100000,6750277.75,-5650277.75
S,Jahleel Addae,LAC,70.6,624,80.0,2017,Jahleel Addae,2017,27,5625000,6749444.416666667,-1124444.416666667
S,Patrick Chung,NE,70.6,738,80.0,2017,Patrick Chung,2017,29,2733333,6499444.416666667,-3766111.416666667
S,Tony Jefferson,BLT,70.2,668,82.0,2017,Tony Jefferson,2017,25,8500000,6512065.166666667,1987934.833333333
S,Andre Hal,HST,69.6,563,85.0,2017,Andre Hal,2017,25,5000000,7581431.833333333,-2581431.833333333
CB,Joe Haden,PIT,69.3,412,87.0,2017,Joe Haden,2017,28,9000000,7279348.5,1720651.5
CB,Patrick Peterson,ARZ,69.2,630,88.0,2017,Patrick Peterson,2017,25,14010000,7362681.833333333,6647318.166666667
S,Reshad Jones,MIA,68.4,607,91.0,2017,Reshad Jones,2017,29,12000000,7871015.166666667,4128984.833333333
S,Eddie Jackson,CHI,68.3,627,92.0,2017,Eddie Jackson,2017,24,766449,7673098.5,-6906649.5
CB,Trumaine Johnson,LA,67.9,645,94.0,2017,Trumaine Johnson,2017,27,16742400,8153654.083333333,8588745.916666668
CB,Brandon Carr,BLT,67.7,629,97.0,2017,Brandon Carr,2017,30,5875000,7966154.083333333,-2091154.083333333
CB,Dominique Rodgers-Cromartie,NYG,67.6,393,98.0,2017,Dominique Rodgers-Cromartie,2017,30,7000000,8007820.75,-1007820.75
S,Tashaun Gipson Sr.,JAX,67.4,749,99.0,2017,Tashaun Gipson Sr.,2017,26,7200000,8049487.416666667,-849487.416666667
CB,Terence Newman,MIN,66.6,419,102.0,2017,Terence Newman,2017,38,3250000,7715320.75,-4465320.75
CB,Kareem Jackson,HST,66.1,541,106.0,2017,Kareem Jackson,2017,28,8500000,6763950.416666667,1736049.583333333
CB,Buster Skrine,NYJ,65.9,604,107.0,2017,Buster Skrine,2017,27,6250000,7116746.333333333,-866746.333333333
CB,Jamar Taylor,CLV,65.9,550,107.0,2017,Jamar Taylor,2017,26,5500000,5971546.333333333,-471546.333333333
CB,Sean Smith,LV,65.8,444,110.0,2017,Sean Smith,2017,29,9500000,5546546.333333333,3953453.666666667
CB,Logan Ryan,TEN,65.4,686,111.0,2017,Logan Ryan,2017,26,10000000,5317379.666666667,4682620.333333333
CB,Darryl Roberts,NYJ,65.2,322,115.0,2017,Darryl Roberts,2017,26,583556,5592379.666666667,-5008823.666666667
S,Mike Mitchell,PIT,64.9,433,117.0,2017,Mike Mitchell,2017,29,5000000,5571546.333333333,-571546.333333333
S,Marcus Gilchrist,HST,64.5,501,119.0,2017,Marcus Gilchrist,2017,28,3000000,5279879.666666667,-2279879.666666667
CB,Robert McClain,TB,64.1,446,122.0,2017,Robert McClain,2017,28,775000,5081963.0,-4306963.0
S,Reggie Nelson,LV,63.8,601,124.0,2017,Reggie Nelson,2017,33,4250000,4856963.0,-606963.0
CB,Dre Kirkpatrick,CIN,63.5,527,126.0,2017,Dre Kirkpatrick,2017,27,10500000,4565504.666666667,5934495.333333333
S,Darius Butler,IND,63.3,352,127.0,2017,Darius Butler,2017,30,3000000,4315504.666666667,-1315504.666666667
CB,Morris Claiborne,NYJ,62.9,534,128.0,2017,Morris Claiborne,2017,27,5000000,4600208.333333333,399791.666666667
CB,Kayvon Webster,LA,62.4,374,132.0,2017,Kayvon Webster,2017,26,3875000,4254791.666666667,-379791.666666667
CB,Davon House,GB,62.3,391,133.0,2017,Davon House,2017,27,2800000,4096458.3333333335,-1296458.3333333335
S,T.J. McDonald,MIA,62.2,328,135.0,2017,T.J. McDonald,2017,26,6002500,4396458.333333333,1606041.666666667
S,Darian Stewart,DEN,61.9,513,139.0,2017,Darian Stewart,2017,29,7000000,4458958.333333333,2541041.666666667
S,Daniel Sorensen,KC,60.5,655,140.0,2017,Daniel Sorensen,2017,27,4000000,3900625.0,99375.0
CB,Leonard Johnson,BUF,60.1,505,144.0,2017,Leonard Johnson,2017,26,855000,4122847.25,-3267847.25
S,Tavon Wilson,DET,60.1,328,144.0,2017,Tavon Wilson,2017,26,1100000,3783263.9166666665,-2683263.9166666665
CB,Captain Munnerlyn,CAR,58.9,351,147.0,2017,Captain Munnerlyn,2017,28,4375000,4252013.916666667,122986.08333333302
S,Ron Parker,KC,57.3,674,150.0,2017,Ron Parker,2017,29,5000000,4727013.916666667,272986.083333333
CB,Orlando Scandrick,DAL,55.3,388,153.0,2017,Orlando Scandrick,2017,29,3800000,4810138.916666667,-1010138.916666667
S,Kurt Coleman,CAR,52.9,525,155.0,2017,Kurt Coleman,2017,29,5666667,4768472.25,898194.75
S,Keith Tandy,TB,91.4,240,1.0,2016,Keith Tandy,2016,27,925000,7205166.666666667,-6280166.666666667
S,Devin McCourty,NE,91.1,804,2.0,2016,Devin McCourty,2016,28,9500000,7533000.0,1967000.0
CB,Chris Harris Jr.,DEN,90.2,660,3.0,2016,Chris Harris Jr.,2016,26,8500000,7435125.0,1064875.0
CB,Dominique Rodgers-Cromartie,NYG,90.2,534,3.0,2016,Dominique Rodgers-Cromartie,2016,29,7000000,6794666.666666667,205333.33333333302
S,Eric Weddle,BLT,90.0,656,5.0,2016,Eric Weddle,2016,31,6500000,6265200.0,234800.0
S,Eric Berry,KC,89.9,710,6.0,2016,Eric Berry,2016,27,10806000,5742000.0,5064000.0
CB,Aqib Talib,DEN,88.9,515,7.0,2016,Aqib Talib,2016,30,9500000,5402750.0,4097250.0
CB,Brent Grimes,TB,88.6,609,8.0,2016,Brent Grimes,2016,32,6750000,5534000.0,1216000.0
CB,A.J. Bouye,HST,87.4,576,9.0,2016,A.J. Bouye,2016,24,1671000,5193722.25,-3522722.25
S,Quintin Demps,HST,86.1,444,10.0,2016,Quintin Demps,2016,30,1500000,5068764.083333333,-3568764.083333333
CB,Malcolm Butler,NE,83.3,797,12.0,2016,Malcolm Butler,2016,26,510000,4693764.083333333,-4183764.083333333
S,D.J. Swearinger Sr.,ARZ,83.0,533,13.0,2016,D.J. Swearinger Sr.,2016,24,1671000,4195847.416666667,-2524847.416666667
CB,Terence Newman,MIN,83.0,459,13.0,2016,Terence Newman,2016,37,2500000,4298472.416666667,-1798472.416666667
S,Lardarius Webb,BLT,81.7,649,17.0,2016,Lardarius Webb,2016,30,5416667,3715139.0833333335,1701527.9166666665
S,Kam Chancellor,SEA,81.6,507,19.0,2016,Kam Chancellor,2016,28,7000502,4320139.083333333,2680362.916666667
CB,Darius Butler,IND,81.4,338,20.0,2016,Darius Butler,2016,29,2500000,5014222.416666667,-2514222.416666667
S,Ricardo Allen,ATL,81.2,918,21.0,2016,Ricardo Allen,2016,24,525000,5101972.416666667,-4576972.416666667
CB,Darius Slay,DET,80.4,510,22.0,2016,Darius Slay,2016,25,12037500,6226139.083333333,5811360.916666667
CB,William Gay,PIT,80.0,691,23.0,2016,William Gay,2016,31,2500000,6478555.75,-3978555.75
CB,Patrick Peterson,ARZ,79.8,648,24.0,2016,Patrick Peterson,2016,24,14010000,6361889.083333333,7648110.916666667
S,Earl Thomas III,SEA,79.6,416,26.0,2016,Earl Thomas III,2016,26,10000000,5995916.833333333,4004083.166666667
S,Jahleel Addae,LAC,79.5,319,27.0,2016,Jahleel Addae,2016,26,2553000,5614625.0,-3061625.0
CB,Richard Sherman,SEA,79.3,706,28.0,2016,Richard Sherman,2016,28,14000000,5921916.666666667,8078083.333333333
S,Glover Quin,DET,77.5,676,29.0,2016,Glover Quin,2016,30,4700000,6732333.333333333,-2032333.333333333
S,Tavon Wilson,DET,77.3,434,30.0,2016,Tavon Wilson,2016,25,1100000,6458375.0,-5358375.0
S,Will Blackmon,WAS,76.9,366,31.0,2016,Will Blackmon,2016,31,1025000,7041708.333333333,-6016708.333333333
S,Mike Adams,IND,75.9,617,34.0,2016,Mike Adams,2016,34,2425000,6013458.333333333,-3588458.333333333
S,Morgan Burnett,GB,75.6,709,35.0,2016,Morgan Burnett,2016,27,6187500,5652347.25,535152.75
S,Harrison Smith,MIN,75.1,564,36.0,2016,Harrison Smith,2016,27,10250000,5897930.583333333,4352069.416666667
S,Malcolm Jenkins,PHI,74.5,643,39.0,2016,Malcolm Jenkins,2016,28,8750000,5147930.583333333,3602069.416666667
CB,Sean Smith,LV,74.0,561,41.0,2016,Sean Smith,2016,28,9500000,5110430.583333333,4389569.416666667
S,Tony Jefferson,ARZ,73.9,573,42.0,2016,Tony Jefferson,2016,24,1671000,6268763.916666667,-4597763.916666667
S,Kurt Coleman,CAR,73.3,661,44.0,2016,Kurt Coleman,2016,28,5666667,6766680.583333333,-1100013.583333333
CB,Jamar Taylor,CLV,73.2,533,46.0,2016,Jamar Taylor,2016,25,5500000,7439597.25,-1939597.25
S,Ron Parker,KC,72.8,723,49.0,2016,Ron Parker,2016,28,5000000,6973972.25,-1973972.25
S,Reggie Nelson,LV,71.7,671,51.0,2016,Reggie Nelson,2016,32,4250000,6703138.916666667,-2453138.916666667
CB,Josh Norman,WAS,71.7,650,51.0,2016,Josh Norman,2016,28,15000000,6394493.083333333,8605506.916666668
S,Rodney McLeod,PHI,71.6,643,53.0,2016,Rodney McLeod,2016,25,7000000,6352826.416666667,647173.583333333
CB,Byron Maxwell,MIA,71.5,539,54.0,2016,Byron Maxwell,2016,28,10500000,7376243.083333333,3123756.916666667
CB,Ross Cockrell,PIT,71.1,812,56.0,2016,Ross Cockrell,2016,24,600000,7243604.166666667,-6643604.166666667
S,Darian Stewart,DEN,71.1,633,56.0,2016,Darian Stewart,2016,28,7000000,7493604.166666667,-493604.166666667
S,Shawn Williams,CIN,71.0,571,58.0,2016,Shawn Williams,2016,25,5046250,7368604.166666667,-2322354.166666667
S,Jairus Byrd,NO,70.2,583,61.0,2016,Jairus Byrd,2016,29,9000000,7431104.166666667,1568895.833333333
CB,Trumaine Johnson,LA,70.0,605,63.0,2016,Trumaine Johnson,2016,26,13952000,6681104.166666667,7270895.833333333
S,Corey Graham,BUF,69.8,599,65.0,2016,Corey Graham,2016,30,4075000,6414437.5,-2339437.5
CB,Kareem Jackson,HST,69.6,541,67.0,2016,Kareem Jackson,2016,27,8500000,5739437.5,2760562.5
CB,Tramaine Brock Sr.,SF,69.5,588,68.0,2016,Tramaine Brock Sr.,2016,27,3500000,5902187.5,-2402187.5
S,Mike Mitchell,PIT,69.0,797,72.0,2016,Mike Mitchell,2016,28,5000000,5673020.833333333,-673020.833333333
S,George Iloka,CIN,68.0,665,81.0,2016,George Iloka,2016,25,6000000,6108791.666666667,-108791.66666666698
CB,Orlando Scandrick,DAL,67.9,497,82.0,2016,Orlando Scandrick,2016,28,3800000,5921291.666666667,-2121291.666666667
S,Dwight Lowery,LAC,67.9,640,82.0,2016,Dwight Lowery,2016,30,2400000,5227375.0,-2827375.0
S,Bradley McDougald,TB,67.4,622,85.0,2016,Bradley McDougald,2016,25,2553000,5200291.666666667,-2647291.666666667
S,Isa Abdul-Quddus,MIA,67.3,592,86.0,2016,Isa Abdul-Quddus,2016,27,4250000,4950291.666666667,-700291.666666667
CB,Jimmy Smith,BLT,67.2,380,88.0,2016,Jimmy Smith,2016,27,10275500,5241958.333333333,5033541.666666667
CB,Johnathan Joseph,HST,67.2,480,88.0,2016,Johnathan Joseph,2016,32,6750000,5423069.416666667,1326930.583333333
S,T.J. Ward,DEN,66.7,582,91.0,2016,T.J. Ward,2016,29,5625000,4983486.083333333,641513.916666667
CB,Captain Munnerlyn,MIN,66.5,461,92.0,2016,Captain Munnerlyn,2016,27,3750000,5458486.083333333,-1708486.083333333
CB,Prince Amukamara,JAX,66.3,546,93.0,2016,Prince Amukamara,2016,26,5500000,5965361.083333333,-465361.083333333
CB,Tramon Williams,CLV,65.8,381,95.0,2016,Tramon Williams,2016,33,7000000,5935944.416666667,1064055.583333333
CB,Jason McCourty,TEN,65.6,557,98.0,2016,Jason McCourty,2016,29,7173333,5915111.083333333,1258221.916666667
CB,Rashaan Melvin,IND,65.5,419,99.0,2016,Rashaan Melvin,2016,26,725000,5893819.416666667,-5168819.416666667
CB,Robert Alford,ATL,65.5,903,99.0,2016,Robert Alford,2016,28,9500000,6500003.75,2999996.25
CB,David Amerson,LV,64.9,621,103.0,2016,David Amerson,2016,24,8482500,6156253.75,2326246.25
CB,Brice McCain,TEN,64.1,636,107.0,2016,Brice McCain,2016,29,2200000,6204864.833333333,-4004864.833333333
S,Andrew Sendejo,MIN,64.1,556,107.0,2016,Andrew Sendejo,2016,28,4000000,6204864.833333333,-2204864.833333333
CB,Brandon Carr,DAL,64.0,751,109.0,2016,Brandon Carr,2016,29,10020000,6663198.166666667,3356801.833333333
CB,Darrelle Revis,NYJ,63.8,545,110.0,2016,Darrelle Revis,2016,30,14024212,6135420.416666667,7888791.583333333
S,Rafael Bush,DET,63.8,367,110.0,2016,Rafael Bush,2016,28,1500000,6333337.083333333,-4833337.083333333
CB,Shareece Wright,BLT,63.4,426,115.0,2016,Shareece Wright,2016,28,4333333,5597920.416666667,-1264587.416666667
S,Marcus Gilchrist,NYJ,62.7,510,118.0,2016,Marcus Gilchrist,2016,27,5500000,5087712.083333333,412287.916666667
S,Tyrann Mathieu,ARZ,62.3,362,121.0,2016,Tyrann Mathieu,2016,24,12500000,6029378.75,6470621.25
CB,Sterling Moore,NO,62.3,522,121.0,2016,Sterling Moore,2016,26,840000,6133545.416666667,-5293545.416666667
CB,Leodis McKelvin,PHI,62.2,373,123.0,2016,Leodis McKelvin,2016,30,3100000,5819378.75,-2719378.75
S,Duke Ihenacho,WAS,61.9,396,124.0,2016,Duke Ihenacho,2016,26,675000,4732777.75,-4057777.75
CB,Nolan Carroll,PHI,61.4,582,128.0,2016,Nolan Carroll,2016,29,2360000,4664027.75,-2304027.75
CB,Joe Haden,CLV,61.3,482,129.0,2016,Joe Haden,2016,26,13500000,4359166.666666667,9140833.333333332
S,Antoine Bethea,SF,59.4,609,133.0,2016,Antoine Bethea,2016,31,5250000,4380000.0,870000.0
CB,Buster Skrine,NYJ,59.2,499,134.0,2016,Buster Skrine,2016,26,6250000,3566111.0833333335,2683888.9166666665
S,Donte Whitner,WAS,57.2,356,140.0,2016,Donte Whitner,2016,30,985000,3566111.0833333335,-2581111.0833333335
CB,B.W. Webb,NO,56.8,419,141.0,2016,B.W. Webb,2016,25,675000,3907777.75,-3232777.75
S,Michael Thomas,MIA,56.7,362,142.0,2016,Michael Thomas,2016,25,675000,4601527.75,-3926527.75
CB,Jeremy Lane,SEA,55.2,561,145.0,2016,Jeremy Lane,2016,25,5750000,4738194.416666667,1011805.583333333
S,Patrick Chung,NE,54.4,773,146.0,2016,Patrick Chung,2016,28,2733333,3676527.75,-943194.75
CB,Corey White,BUF,54.3,264,147.0,2016,Corey White,2016,25,840000,3655694.4166666665,-2815694.4166666665
S,Tashaun Gipson Sr.,JAX,53.1,635,149.0,2016,Tashaun Gipson Sr.,2016,25,7200000,3968194.4166666665,3231805.5833333335
CB,Vontae Davis,IND,52.7,526,151.0,2016,Vontae Davis,2016,27,9000000,4152777.75,4847222.25
CB,Tracy Porter,CHI,49.4,576,154.0,2016,Tracy Porter,2016,29,4000000,4144423.5833333335,-144423.5833333335
CB,Leonard Johnson,CAR,46.3,348,157.0,2016,Leonard Johnson,2016,26,760000,4204840.25,-3444840.25
CB,Perrish Cox,TEN,42.9,429,159.0,2016,Perrish Cox,2016,29,5000000,4892340.25,107659.75
S,Earl Thomas III,SEA,90.6,686,2.0,2015,Earl Thomas III,2015,25,10000000,5987458.333333333,4012541.666666667
S,Charles Woodson,LV,90.1,737,3.0,2015,Charles Woodson,2015,38,3200000,6346392.857142857,-3146392.8571428573
CB,Josh Norman,CAR,85.7,856,5.0,2015,Josh Norman,2015,27,574750,5894760.375,-5320010.375
S,Kurt Coleman,CAR,84.3,827,7.0,2015,Kurt Coleman,2015,26,1400000,6017898.111111111,-4617898.111111111
CB,Richard Sherman,SEA,79.9,688,9.0,2015,Richard Sherman,2015,27,14000000,5628608.3,8371391.7
CB,Johnathan Joseph,HST,79.9,580,9.0,2015,Johnathan Joseph,2015,31,6750000,5980553.0,769447.0
CB,Chris Harris Jr.,DEN,79.2,835,13.0,2015,Chris Harris Jr.,2015,25,8500000,6065506.916666667,2434493.083333333
S,Patrick Chung,NE,78.8,667,14.0,2015,Patrick Chung,2015,27,2733333,5544673.583333333,-2811340.583333333
S,Reshad Jones,MIA,78.0,625,16.0,2015,Reshad Jones,2015,27,7003000,5322090.25,1680909.75
S,Darian Stewart,DEN,77.7,647,18.0,2015,Darian Stewart,2015,26,2125000,5704750.0,-3579750.0
S,Devin McCourty,NE,77.1,694,20.0,2015,Devin McCourty,2015,27,9500000,6004750.0,3495250.0
CB,Dominique Rodgers-Cromartie,NYG,76.6,555,22.0,2015,Dominique Rodgers-Cromartie,2015,28,7000000,5504750.0,1495250.0
CB,Captain Munnerlyn,MIN,76.4,558,24.0,2015,Captain Munnerlyn,2015,26,3750000,5138583.333333333,-1388583.333333333
CB,Delvin Breaux,NO,75.8,579,26.0,2015,Delvin Breaux,2015,25,529000,4945875.0,-4416875.0
S,Malcolm Jenkins,PHI,75.8,733,26.0,2015,Malcolm Jenkins,2015,27,5166667,5176430.583333333,-9763.583333333023
S,Mike Mitchell,PIT,75.4,784,29.0,2015,Mike Mitchell,2015,27,5000000,4635347.25,364652.75
S,Eric Weddle,LAC,75.3,448,30.0,2015,Eric Weddle,2015,30,8000000,4729097.25,3270902.75
S,Rodney McLeod,LA,74.9,715,32.0,2015,Rodney McLeod,2015,24,2356000,4749930.583333333,-2393930.583333333
S,Morgan Burnett,GB,74.4,506,33.0,2015,Morgan Burnett,2015,26,6187500,4958263.916666667,1229236.083333333
CB,Sean Smith,KC,74.0,642,36.0,2015,Sean Smith,2015,27,5500000,5229097.25,270902.75
CB,Malcolm Butler,NE,73.0,798,40.0,2015,Malcolm Butler,2015,25,510000,5560013.916666667,-5050013.916666667
S,Walter Thurmond,PHI,72.6,729,43.0,2015,Walter Thurmond,2015,27,3250000,5712833.5,-2462833.5
CB,Sam Shields,GB,72.6,501,43.0,2015,Sam Shields,2015,27,9750000,5754500.166666667,3995499.833333333
CB,Aqib Talib,DEN,72.5,780,46.0,2015,Aqib Talib,2015,29,9500000,5504500.166666667,3995499.833333333
S,Donte Whitner,CLV,71.6,494,48.0,2015,Donte Whitner,2015,29,7000000,6058166.833333333,941833.166666667
S,Reggie Nelson,CIN,71.6,730,48.0,2015,Reggie Nelson,2015,31,4500000,5591291.833333333,-1091291.833333333
S,Kam Chancellor,SEA,71.4,472,50.0,2015,Kam Chancellor,2015,27,7000502,5220458.5,1780043.5
S,Marcus Gilchrist,NYJ,70.8,696,53.0,2015,Marcus Gilchrist,2015,26,5500000,5490458.5,9541.5
S,Ron Parker,KC,70.6,794,55.0,2015,Ron Parker,2015,27,5000000,6388309.5,-1388309.5
CB,Vontae Davis,IND,70.1,636,56.0,2015,Vontae Davis,2015,26,9000000,5742476.166666667,3257523.833333333
S,Michael Thomas,MIA,70.1,367,56.0,2015,Michael Thomas,2015,24,585000,5138309.5,-4553309.5
S,Will Allen,PIT,68.9,617,62.0,2015,Will Allen,2015,32,1050000,5049767.833333333,-3999767.833333333
S,Antrel Rolle,CHI,68.6,236,63.0,2015,Antrel Rolle,2015,32,3750000,4966434.5,-1216434.5
CB,Darrelle Revis,NYJ,68.5,584,64.0,2015,Darrelle Revis,2015,29,14024212,4508059.333333333,9516152.666666668
CB,Patrick Robinson,LAC,68.5,448,64.0,2015,Patrick Robinson,2015,27,2000000,4716392.666666667,-2716392.666666667
CB,Terence Newman,MIN,68.2,625,67.0,2015,Terence Newman,2015,36,2250000,4768476.0,-2518476.0
S,Da'Norris Searcy,TEN,68.2,490,67.0,2015,Da'Norris Searcy,2015,26,5937500,4143476.0,1794024.0
CB,Tramaine Brock Sr.,SF,68.0,592,70.0,2015,Tramaine Brock Sr.,2015,26,3500000,4147226.0,-647226.0
CB,William Gay,PIT,67.8,788,71.0,2015,William Gay,2015,30,1500000,4132226.0,-2632226.0
CB,Brent Grimes,MIA,67.6,535,72.0,2015,Brent Grimes,2015,31,8000000,3994726.0,4005274.0
S,T.J. Ward,DEN,67.4,571,73.0,2015,T.J. Ward,2015,28,5625000,3534375.0,2090625.0
S,Isa Abdul-Quddus,DET,66.9,403,75.0,2015,Isa Abdul-Quddus,2015,26,1500000,3494791.6666666665,-1994791.6666666665
CB,Trevin Wade,NYG,66.8,371,76.0,2015,Trevin Wade,2015,25,630000,3758680.5833333335,-3128680.5833333335
S,Quintin Demps,HST,66.4,519,78.0,2015,Quintin Demps,2015,30,870000,4013888.9166666665,-3143888.9166666665
S,Tyvon Branch,KC,66.3,411,79.0,2015,Tyvon Branch,2015,28,2100000,3793084.75,-1693084.75
CB,Kareem Jackson,HST,65.7,429,80.0,2015,Kareem Jackson,2015,26,8500000,4251418.083333333,4248581.916666667
CB,Sterling Moore,TB,65.7,412,80.0,2015,Sterling Moore,2015,25,1525000,3830584.75,-2305584.75
CB,Lardarius Webb,BLT,65.4,558,82.0,2015,Lardarius Webb,2015,29,5416667,3545730.5833333335,1870936.4166666665
S,Jairus Byrd,NO,65.0,514,87.0,2015,Jairus Byrd,2015,28,9000000,3760313.9166666665,5239686.083333334
CB,Robert Alford,ATL,64.9,555,88.0,2015,Robert Alford,2015,26,850350,4218230.583333333,-3367880.583333333
CB,Tramon Williams,CLV,64.3,551,91.0,2015,Tramon Williams,2015,32,7000000,4194480.583333333,2805519.416666667
CB,Shareece Wright,BLT,63.7,325,92.0,2015,Shareece Wright,2015,27,2950000,4436147.25,-1486147.25
S,Barry Church,DAL,63.6,508,94.0,2015,Barry Church,2015,27,2206750,3894480.5833333335,-1687730.5833333335
S,Corey Graham,BUF,63.4,612,96.0,2015,Corey Graham,2015,29,4075000,3944480.5833333335,130519.41666666651
CB,Davon House,JAX,63.2,647,99.0,2015,Davon House,2015,25,6125000,3572258.3333333335,2552741.6666666665
S,Bradley McDougald,TB,63.2,518,99.0,2015,Bradley McDougald,2015,24,585000,2972258.3333333335,-2387258.3333333335
CB,Perrish Cox,TEN,63.0,400,101.0,2015,Perrish Cox,2015,28,5000000,3103479.1666666665,1896520.8333333335
CB,Charles Tillman,CAR,62.6,490,102.0,2015,Charles Tillman,2015,34,2000000,2672229.1666666665,-672229.1666666665
S,Roman Harper,CAR,62.5,724,103.0,2015,Roman Harper,2015,32,2125000,2495145.8333333335,-370145.8333333335
S,Dwight Lowery,IND,62.3,659,105.0,2015,Dwight Lowery,2015,29,950000,3167541.6666666665,-2217541.6666666665
S,Kendrick Lewis,BLT,62.3,574,105.0,2015,Kendrick Lewis,2015,28,1800000,3219625.0,-1419625.0
S,Mike Adams,IND,62.0,487,108.0,2015,Mike Adams,2015,33,2425000,2771291.6666666665,-346291.6666666665
CB,Nolan Carroll,PHI,61.8,456,109.0,2015,Nolan Carroll,2015,28,1825000,2822541.6666666665,-997541.6666666665
CB,Kyle Wilson,NO,61.6,368,110.0,2015,Kyle Wilson,2015,27,825000,3240875.0,-2415875.0
CB,Jimmy Smith,BLT,61.0,624,111.0,2015,Jimmy Smith,2015,26,10275500,3949208.3333333335,6326291.666666666
S,Glover Quin,DET,60.8,569,112.0,2015,Glover Quin,2015,29,4700000,3980458.3333333335,719541.6666666665
CB,Phillip Adams,ATL,60.6,322,113.0,2015,Phillip Adams,2015,26,745000,4484625.0,-3739625.0
S,Rashad Johnson,ARZ,60.6,635,113.0,2015,Rashad Johnson,2015,29,1200000,5022125.0,-3822125.0
CB,Brandon Carr,DAL,59.3,601,116.0,2015,Brandon Carr,2015,28,10020000,4899208.333333333,5120791.666666667
CB,Byron Maxwell,PHI,58.4,552,120.0,2015,Byron Maxwell,2015,27,10500000,5247125.0,5252875.0
CB,Darius Butler,IND,57.6,413,122.0,2015,Darius Butler,2015,28,2500000,5250875.0,-2750875.0
S,Michael Griffin,TEN,57.5,526,124.0,2015,Michael Griffin,2015,30,7000000,4623750.0,2376250.0
S,Dashon Goldson,WAS,57.3,640,126.0,2015,Dashon Goldson,2015,30,8250000,4523750.0,3726250.0
CB,Will Blackmon,WAS,57.1,548,127.0,2015,Will Blackmon,2015,30,950000,4998125.0,-4048125.0
CB,Cary Williams,WAS,57.1,377,127.0,2015,Cary Williams,2015,30,6000000,5398125.0,601875.0
CB,Tracy Porter,CHI,56.9,523,131.0,2015,Tracy Porter,2015,28,870000,5229791.666666667,-4359791.666666667
CB,Brice McCain,MIA,56.4,400,133.0,2015,Brice McCain,2015,28,2750000,4875625.0,-2125625.0
CB,Jerraud Powers,ARZ,56.2,579,134.0,2015,Jerraud Powers,2015,27,3500000,4750625.0,-1250625.0
CB,Alterraun Verner,TB,55.5,386,136.0,2015,Alterraun Verner,2015,26,6437500,4216041.666666667,2221458.333333333
S,William Moore,ATL,55.3,289,137.0,2015,William Moore,2015,29,6000000,3601041.6666666665,2398958.3333333335
CB,Antonio Cromartie,NYJ,53.6,604,140.0,2015,Antonio Cromartie,2015,27,8000000,3583958.3333333335,4416041.666666666
CB,Buster Skrine,NYJ,52.5,530,143.0,2015,Buster Skrine,2015,25,6250000,3280291.6666666665,2969708.3333333335
S,Andrew Sendejo,MIN,51.7,533,145.0,2015,Andrew Sendejo,2015,27,1000000,3402236.0833333335,-2402236.0833333335
CB,Neiko Thorpe,LV,51.2,351,146.0,2015,Neiko Thorpe,2015,25,585000,3568902.75,-2983902.75
S,Brandon Meriweather,NYG,50.9,512,147.0,2015,Brandon Meriweather,2015,31,870000,4035569.4166666665,-3165569.4166666665
CB,E.J. Biggers,PHI,49.9,403,149.0,2015,E.J. Biggers,2015,27,745000,3915777.75,-3170777.75
S,Tashaun Gipson Sr.,CLV,49.7,465,150.0,2015,Tashaun Gipson Sr.,2015,24,2356000,4165777.75,-1809777.75
S,Sergio Brown,JAX,47.4,329,153.0,2015,Sergio Brown,2015,26,2333333,3681361.0833333335,-1348028.0833333335
CB,Greg Toler,IND,42.0,437,158.0,2015,Greg Toler,2015,30,4750000,4327194.416666667,422805.583333333
CB,Brandon Flowers,LAC,38.1,384,159.0,2015,Brandon Flowers,2015,29,9100000,4910527.75,4189472.25
CB,Brandon Browner,NO,27.4,633,160.0,2015,Brandon Browner,2015,30,5000000,5253444.416666667,-253444.41666666698
CB,Vontae Davis,IND,93.3,638,1.0,2014,Vontae Davis,2014,25,9000000,7189500.0,1810500.0
CB,Chris Harris Jr.,DEN,92.0,722,2.0,2014,Chris Harris Jr.,2014,24,2187000,7591000.0,-5404000.0
CB,Richard Sherman,SEA,90.5,730,3.0,2014,Richard Sherman,2014,26,14000000,7329625.0,6670375.0
S,Eric Weddle,LAC,90.3,617,4.0,2014,Eric Weddle,2014,29,8000000,7848555.555555556,151444.44444444403
S,Glover Quin,DET,88.1,737,6.0,2014,Glover Quin,2014,28,4700000,7165700.0,-2465700.0
S,Antoine Bethea,SF,87.7,649,7.0,2014,Antoine Bethea,2014,29,5250000,6787000.0,-1537000.0
S,Earl Thomas III,SEA,87.3,719,9.0,2014,Earl Thomas III,2014,24,10000000,6805000.0,3195000.0
CB,Sean Smith,KC,87.1,627,10.0,2014,Sean Smith,2014,26,5500000,6180000.0,-680000.0
CB,Darrelle Revis,NE,84.1,761,12.0,2014,Darrelle Revis,2014,28,12000000,6129000.0,5871000.0
S,Mike Adams,IND,82.3,749,14.0,2014,Mike Adams,2014,33,1020000,5047333.333333333,-4027333.333333333
CB,Orlando Scandrick,DAL,81.4,629,15.0,2014,Orlando Scandrick,2014,27,3000000,4720250.0,-1720250.0
S,Reshad Jones,MIA,81.0,449,18.0,2014,Reshad Jones,2014,26,7003000,4403583.333333333,2599416.666666667
S,Dawan Landry,NYJ,80.6,594,19.0,2014,Dawan Landry,2014,31,1500000,4216083.333333333,-2716083.333333333
S,James Ihedigbo,DET,80.0,600,20.0,2014,James Ihedigbo,2014,30,1575000,3966125.1666666665,-2391125.1666666665
CB,Rashean Mathis,DET,79.4,708,21.0,2014,Rashean Mathis,2014,33,1020000,3882791.8333333335,-2862791.8333333335
CB,Corey Graham,BUF,79.3,490,22.0,2014,Corey Graham,2014,28,4075000,2954041.8333333335,1120958.1666666665
S,Kurt Coleman,KC,79.2,332,23.0,2014,Kurt Coleman,2014,25,900000,3452375.1666666665,-2552375.1666666665
CB,Brandon Flowers,LAC,79.0,497,25.0,2014,Brandon Flowers,2014,28,3000000,3294041.8333333335,-294041.8333333335
S,Kam Chancellor,SEA,78.2,635,26.0,2014,Kam Chancellor,2014,26,7000502,3293791.8333333335,3706710.1666666665
S,Reggie Nelson,CIN,78.2,724,26.0,2014,Reggie Nelson,2014,30,4500000,3599347.4166666665,900652.5833333335
S,Jim Leonhard,CLV,78.1,337,28.0,2014,Jim Leonhard,2014,31,855000,3593097.4166666665,-2738097.4166666665
S,Donte Whitner,CLV,78.1,679,28.0,2014,Donte Whitner,2014,28,7000000,3633097.4166666665,3366902.5833333335
S,Patrick Chung,NE,77.6,576,30.0,2014,Patrick Chung,2014,26,1100000,3829972.4166666665,-2729972.4166666665
CB,Dominique Rodgers-Cromartie,NYG,77.1,471,31.0,2014,Dominique Rodgers-Cromartie,2014,27,7000000,3863305.75,3136694.25
S,Malcolm Jenkins,PHI,75.9,707,32.0,2014,Malcolm Jenkins,2014,26,5166667,4425805.75,740861.25
S,Ryan Mundy,CHI,75.4,563,33.0,2014,Ryan Mundy,2014,29,1500000,4092430.5833333335,-2592430.5833333335
CB,William Gay,PIT,74.2,615,36.0,2014,William Gay,2014,29,1500000,3812222.25,-2312222.25
CB,Alterraun Verner,TB,74.1,500,37.0,2014,Alterraun Verner,2014,25,6437500,4256597.25,2180902.75
S,Darian Stewart,BLT,73.7,546,38.0,2014,Darian Stewart,2014,25,1300000,3721159.75,-2421159.75
CB,Johnathan Joseph,HST,73.6,558,39.0,2014,Johnathan Joseph,2014,30,9750000,4096159.75,5653840.25
S,Nate Allen,PHI,73.6,657,39.0,2014,Nate Allen,2014,26,3000000,3804493.0833333335,-804493.0833333335
S,Husain Abdullah,KC,72.7,623,43.0,2014,Husain Abdullah,2014,28,1137500,4165604.1666666665,-3028104.1666666665
S,Morgan Burnett,GB,71.2,639,47.0,2014,Morgan Burnett,2014,25,6187500,4207270.833333333,1980229.166666667
CB,Josh Norman,CAR,71.2,448,47.0,2014,Josh Norman,2014,26,574750,4266166.666666667,-3691416.666666667
CB,Tim Jennings,CHI,70.9,627,49.0,2014,Tim Jennings,2014,30,5600000,4219291.666666667,1380708.333333333
CB,Jerraud Powers,ARZ,70.9,571,49.0,2014,Jerraud Powers,2014,26,3500000,4423458.333333333,-923458.333333333
CB,Aqib Talib,DEN,69.7,671,55.0,2014,Aqib Talib,2014,28,9500000,4277625.0,5222375.0
CB,Darius Butler,IND,69.4,528,56.0,2014,Darius Butler,2014,27,2000000,4090958.3333333335,-2090958.3333333335
S,Barry Church,DAL,68.8,624,58.0,2014,Barry Church,2014,26,2206750,4062416.6666666665,-1855666.6666666665
S,Troy Polamalu,PIT,68.0,475,63.0,2014,Troy Polamalu,2014,32,5875000,3604708.3333333335,2270291.6666666665
CB,Captain Munnerlyn,MIN,67.8,631,64.0,2014,Captain Munnerlyn,2014,25,3750000,4369312.5,-619312.5
CB,Brent Grimes,MIA,67.8,598,64.0,2014,Brent Grimes,2014,30,8000000,3972437.5,4027562.5
S,Dwight Lowery,ATL,67.5,624,67.0,2014,Dwight Lowery,2014,28,760000,3868270.8333333335,-3108270.8333333335
S,Kendrick Lewis,HST,66.9,685,70.0,2014,Kendrick Lewis,2014,27,795000,3548826.4166666665,-2753826.4166666665
CB,Perrish Cox,SF,66.4,588,74.0,2014,Perrish Cox,2014,27,695000,3590493.0833333335,-2895493.0833333335
CB,Leon Hall,CIN,66.3,611,75.0,2014,Leon Hall,2014,29,9750000,3456597.25,6293402.75
CB,Alan Ball,JAX,66.1,306,76.0,2014,Alan Ball,2014,28,837500,3435763.9166666665,-2598263.9166666665
S,Louis Delmas,MIA,65.6,508,77.0,2014,Louis Delmas,2014,26,2250000,3189513.9166666665,-939513.9166666665
CB,Cary Williams,PHI,65.4,704,78.0,2014,Cary Williams,2014,29,5666667,2814513.9166666665,2852153.0833333335
S,Charles Woodson,LV,65.4,625,78.0,2014,Charles Woodson,2014,37,2500000,3084513.9166666665,-584513.9166666665
S,Ron Parker,KC,63.8,617,85.0,2014,Ron Parker,2014,26,600000,3616041.6666666665,-3016041.6666666665
S,T.J. Ward,DEN,63.7,743,86.0,2014,T.J. Ward,2014,27,5625000,4370625.0,1254375.0
CB,Brice McCain,PIT,63.4,462,89.0,2014,Brice McCain,2014,27,795000,4252569.416666667,-3457569.416666667
CB,Antonio Cromartie,ARZ,63.3,678,90.0,2014,Antonio Cromartie,2014,29,3500000,4391111.083333333,-891111.083333333
CB,Kyle Arrington,NE,62.9,406,92.0,2014,Kyle Arrington,2014,27,4000000,4661944.416666667,-661944.416666667
CB,Jason McCourty,TEN,62.6,613,93.0,2014,Jason McCourty,2014,27,7173333,4268888.833333333,2904444.166666667
CB,Sam Shields,GB,62.5,559,94.0,2014,Sam Shields,2014,26,9750000,4560555.5,5189444.5
CB,Lardarius Webb,BLT,62.5,633,94.0,2014,Lardarius Webb,2014,28,8333333,4554011.75,3779321.25
CB,Terence Newman,CIN,62.2,548,96.0,2014,Terence Newman,2014,35,2500000,4085261.8333333335,-1585261.8333333335
CB,Cortland Finnegan,MIA,61.3,434,100.0,2014,Cortland Finnegan,2014,30,5500000,4310678.5,1189321.5
CB,Darrin Walls,NYJ,61.0,473,103.0,2014,Darrin Walls,2014,25,950000,4177345.1666666665,-3227345.1666666665
S,LaRon Landry,IND,60.8,367,104.0,2014,LaRon Landry,2014,29,6000000,3944011.8333333335,2055988.1666666665
S,Jimmy Wilson,MIA,60.6,474,106.0,2014,Jimmy Wilson,2014,27,521475,3493109.0833333335,-2971634.0833333335
S,Major Wright,TB,59.8,298,109.0,2014,Major Wright,2014,25,1,2909775.75,-2909774.75
CB,Tarell Brown,LV,59.8,524,109.0,2014,Tarell Brown,2014,29,3500000,2611164.6666666665,888835.3333333335
S,Rafael Bush,NO,57.2,305,115.0,2014,Rafael Bush,2014,26,1900000,3237831.3333333335,-1337831.3333333335
S,Rashad Johnson,ARZ,57.0,721,116.0,2014,Rashad Johnson,2014,28,1200000,2862831.3333333335,-1662831.3333333335
S,Thomas DeCoud,CAR,56.0,413,119.0,2014,Thomas DeCoud,2014,28,1762500,2866998.0,-1104498.0
S,Stevie Brown,NYG,55.9,345,120.0,2014,Stevie Brown,2014,26,2750000,2486248.0,263752.0
CB,Greg Toler,IND,55.9,710,120.0,2014,Greg Toler,2014,29,4750000,2490291.75,2259708.25
CB,Brandon Carr,DAL,55.7,708,122.0,2014,Brandon Carr,2014,27,10020000,2667375.0,7352625.0
S,Quintin Demps,NYG,55.5,389,123.0,2014,Quintin Demps,2014,28,1000000,2594458.3333333335,-1594458.3333333335
S,Brandon Meriweather,WAS,55.4,364,124.0,2014,Brandon Meriweather,2014,30,1000000,2506987.5,-1506987.5
CB,Robert McClain,ATL,55.4,407,124.0,2014,Robert McClain,2014,25,1431000,2823654.1666666665,-1392654.1666666665
S,Brandian Ross,LV,54.8,439,127.0,2014,Brandian Ross,2014,24,570000,3143445.8333333335,-2573445.8333333335
S,Roman Harper,CAR,54.2,634,129.0,2014,Roman Harper,2014,31,2125000,2975112.5,-850112.5
CB,Bradley Fletcher,PHI,53.6,640,130.0,2014,Bradley Fletcher,2014,27,2625000,3005112.5,-380112.5
CB,Robert Alford,ATL,52.9,367,132.0,2014,Robert Alford,2014,25,850350,2215624.1666666665,-1365274.1666666665
S,Mike Mitchell,PIT,52.6,656,134.0,2014,Mike Mitchell,2014,26,5000000,2198540.8333333335,2801459.1666666665
CB,Brandon Browner,NE,51.9,475,135.0,2014,Brandon Browner,2014,29,5600000,2281874.1666666665,3318125.8333333335
CB,Cassius Vaughn,DET,51.1,324,137.0,2014,Cassius Vaughn,2014,26,730000,2780957.5,-2050957.5
CB,Keenan Lewis,NO,50.2,573,138.0,2014,Keenan Lewis,2014,27,5110000,3316790.8333333335,1793209.1666666665
CB,Chykie Brown,NYG,50.2,340,138.0,2014,Chykie Brown,2014,27,546140,3205957.5,-2659817.5
CB,Antoine Cason,BLT,48.1,423,145.0,2014,Antoine Cason,2014,27,795000,3072207.5,-2277207.5
S,George Wilson,TEN,48.1,482,145.0,2014,George Wilson,2014,32,2000000,3055181.25,-1055181.25
S,Antrel Rolle,NYG,47.7,627,147.0,2014,Antrel Rolle,2014,31,7420000,3151014.5833333335,4268985.416666666
S,Michael Griffin,TEN,47.5,629,149.0,2014,Michael Griffin,2014,29,7000000,3371847.9166666665,3628152.0833333335
CB,E.J. Biggers,WAS,44.5,351,151.0,2014,E.J. Biggers,2014,26,795000,3887347.9166666665,-3092347.9166666665
S,Ryan Clark,WAS,42.9,617,154.0,2014,Ryan Clark,2014,34,1020000,3919847.9166666665,-2899847.9166666665
CB,Shareece Wright,LAC,41.5,496,156.0,2014,Shareece Wright,2014,27,646035,4457711.416666667,-3811676.416666667
CB,Cortez Allen,PIT,34.7,290,159.0,2014,Cortez Allen,2014,25,6150000,5058128.083333333,1091871.916666667
S,Dashon Goldson,TB,31.8,454,160.0,2014,Dashon Goldson,2014,29,8250000,6224794.75,2025205.25
S,Jairus Byrd,BUF,89.4,401,2.0,2013,Jairus Byrd,2013,26,6916000,8880528.166666666,-1964528.166666666
CB,Brent Grimes,MIA,88.7,650,4.0,2013,Brent Grimes,2013,29,5500000,7800881.285714285,-2300881.2857142854
S,Kam Chancellor,SEA,87.0,746,6.0,2013,Kam Chancellor,2013,25,7000502,7753271.125,-752769.125
S,Eric Weddle,LAC,85.9,728,7.0,2013,Eric Weddle,2013,28,8000000,7323278.0,676722.0
CB,Darrelle Revis,TB,84.7,587,10.0,2013,Darrelle Revis,2013,27,16000000,7090950.2,8909049.8
S,Troy Polamalu,PIT,83.8,650,13.0,2013,Troy Polamalu,2013,32,9866667,6582682.0,3283985.0
CB,Tramaine Brock Sr.,SF,82.8,574,15.0,2013,Tramaine Brock Sr.,2013,24,1323000,6125791.833333333,-4802791.833333333
S,Antrel Rolle,NYG,81.7,686,18.0,2013,Antrel Rolle,2013,30,7420000,5941125.166666667,1478874.833333333
S,Donte Whitner,SF,80.5,734,21.0,2013,Donte Whitner,2013,28,3883333,6170291.833333333,-2286958.833333333
CB,Dominique Rodgers-Cromartie,DEN,80.3,612,22.0,2013,Dominique Rodgers-Cromartie,2013,26,5000000,6184694.416666667,-1184694.416666667
CB,William Gay,PIT,80.3,581,22.0,2013,William Gay,2013,28,1500000,5587819.416666667,-4087819.416666667
CB,Captain Munnerlyn,CAR,79.5,679,25.0,2013,Captain Munnerlyn,2013,24,1100000,4948930.5,-3848930.5
S,Glover Quin,DET,79.0,644,26.0,2013,Glover Quin,2013,27,4700000,4186291.5833333335,513708.4166666665
CB,Tramon Williams,GB,77.6,669,29.0,2013,Tramon Williams,2013,30,8250000,4240624.916666667,4009375.083333333
CB,Jason McCourty,TEN,77.3,635,31.0,2013,Jason McCourty,2013,26,7173333,3872291.5833333335,3301041.4166666665
CB,Alan Ball,JAX,76.6,589,33.0,2013,Alan Ball,2013,27,837500,3601180.5,-2763680.5
CB,Lardarius Webb,BLT,76.4,607,34.0,2013,Lardarius Webb,2013,27,8333333,3997013.8333333335,4336319.166666666
CB,Will Blackmon,JAX,75.9,388,35.0,2013,Will Blackmon,2013,28,715000,4226180.5,-3511180.5
CB,Corey Graham,BLT,75.6,483,36.0,2013,Corey Graham,2013,27,1975000,4218263.833333333,-2243263.833333333
CB,Orlando Scandrick,DAL,75.5,689,37.0,2013,Orlando Scandrick,2013,26,3000000,4055763.8333333335,-1055763.8333333335
CB,Trumaine McBride,NYG,75.1,394,38.0,2013,Trumaine McBride,2013,27,630000,3794097.1666666665,-3164097.1666666665
CB,Johnathan Joseph,HST,74.9,481,39.0,2013,Johnathan Joseph,2013,29,9750000,3346319.4166666665,6403680.583333334
CB,Leodis McKelvin,BUF,74.5,559,40.0,2013,Leodis McKelvin,2013,27,4250000,3354861.0833333335,895138.9166666665
CB,Drayton Florence,CAR,74.3,467,41.0,2013,Drayton Florence,2013,32,1005000,2738750.0,-1733750.0
S,Chris Clemons,MIA,73.9,673,43.0,2013,Chris Clemons,2013,27,2750000,2887500.0,-137500.0
CB,Keenan Lewis,NO,73.5,602,44.0,2013,Keenan Lewis,2013,26,5110000,3306250.0,1803750.0
S,Charles Woodson,LV,73.2,643,45.0,2013,Charles Woodson,2013,36,1800000,3139583.3333333335,-1339583.3333333335
CB,Chris Crocker,CIN,72.9,387,46.0,2013,Chris Crocker,2013,32,940000,3187083.3333333335,-2247083.3333333335
CB,Rashean Mathis,DET,72.8,486,47.0,2013,Rashean Mathis,2013,32,940000,2418039.5833333335,-1478039.5833333335
CB,Terence Newman,CIN,72.5,535,49.0,2013,Terence Newman,2013,34,2500000,2122206.25,377793.75
S,Michael Griffin,TEN,72.4,541,50.0,2013,Michael Griffin,2013,28,7000000,2207039.5833333335,4792960.416666666
S,Mike Mitchell,CAR,71.7,635,52.0,2013,Mike Mitchell,2013,25,1000000,2311206.25,-1311206.25
S,Rashad Johnson,ARZ,71.6,458,53.0,2013,Rashad Johnson,2013,27,1200000,1968706.25,-768706.25
CB,Jimmy Wilson,MIA,71.5,447,54.0,2013,Jimmy Wilson,2013,26,521475,2037456.25,-1515981.25
CB,Terrell Thomas,NYG,71.1,415,55.0,2013,Terrell Thomas,2013,27,700000,2275789.5833333335,-1575789.5833333335
CB,Sam Shields,GB,70.8,543,56.0,2013,Sam Shields,2013,25,2023000,2572456.25,-549456.25
CB,Kyle Arrington,NE,70.7,570,57.0,2013,Kyle Arrington,2013,26,4000000,2548018.75,1451981.25
S,Darian Stewart,LA,70.3,374,60.0,2013,Darian Stewart,2013,24,1000000,2173018.75,-1173018.75
CB,Bradley Fletcher,PHI,70.0,642,61.0,2013,Bradley Fletcher,2013,26,2625000,2193852.0833333335,431147.9166666665
CB,Tim Jennings,CHI,70.0,568,61.0,2013,Tim Jennings,2013,29,3800000,2260518.75,1539481.25
S,Reggie Nelson,CIN,68.8,664,67.0,2013,Reggie Nelson,2013,29,4500000,3052062.5,1447937.5
S,Barry Church,DAL,68.6,626,69.0,2013,Barry Church,2013,25,2206750,3285395.8333333335,-1078645.8333333335
S,Jamarca Sanford,MIN,68.4,485,71.0,2013,Jamarca Sanford,2013,27,2500000,3575145.8333333335,-1075145.8333333335
CB,DeAngelo Hall,WAS,68.4,581,71.0,2013,DeAngelo Hall,2013,29,1250000,3306812.5,-2056812.5
S,Bernard Pollard,TEN,68.2,632,73.0,2013,Bernard Pollard,2013,28,2000000,3765145.8333333335,-1765145.8333333335
CB,Brandon Carr,DAL,67.7,694,75.0,2013,Brandon Carr,2013,26,10020000,3592645.8333333335,6427354.166666666
S,Ryan Clark,PIT,67.2,644,77.0,2013,Ryan Clark,2013,33,3500000,3351395.8333333335,148604.1666666665
CB,Sean Smith,KC,67.0,707,78.0,2013,Sean Smith,2013,25,5500000,3381395.8333333335,2118604.1666666665
CB,Zackary Bowman,CHI,67.0,324,78.0,2013,Zackary Bowman,2013,28,780000,3669722.25,-2889722.25
S,Antoine Bethea,IND,66.9,695,80.0,2013,Antoine Bethea,2013,28,6500000,3836388.9166666665,2663611.0833333335
S,Rafael Bush,NO,66.7,413,81.0,2013,Rafael Bush,2013,25,555000,4232222.25,-3677222.25
S,Yeremiah Bell,ARZ,65.5,717,87.0,2013,Yeremiah Bell,2013,35,905000,4149305.5833333335,-3244305.5833333335
CB,Aqib Talib,NE,65.5,568,87.0,2013,Aqib Talib,2013,27,4860000,3635763.9166666665,1224236.0833333335
CB,Cary Williams,PHI,65.4,778,89.0,2013,Cary Williams,2013,28,5666667,3469097.25,2197569.75
CB,Josh Wilson,WAS,65.4,569,89.0,2013,Josh Wilson,2013,28,4500000,3081626.4166666665,1418373.5833333335
S,William Moore,ATL,65.2,605,91.0,2013,William Moore,2013,27,6000000,3627043.0833333335,2372956.9166666665
S,Quintin Mikell,CAR,65.1,452,92.0,2013,Quintin Mikell,2013,32,1005000,3150376.4166666665,-2145376.4166666665
S,Louis Delmas,DET,64.6,655,95.0,2013,Louis Delmas,2013,25,3857500,3270793.0833333335,586706.9166666665
CB,Mike Jenkins,LV,64.1,549,97.0,2013,Mike Jenkins,2013,28,1500000,3487043.0833333335,-1987043.0833333335
CB,Robert Alford,ATL,63.2,388,100.0,2013,Robert Alford,2013,24,850350,3767459.75,-2917109.75
CB,Carlos Rogers,SF,63.2,684,100.0,2013,Carlos Rogers,2013,31,7325000,3491070.8333333335,3833929.1666666665
S,James Ihedigbo,BLT,63.2,645,100.0,2013,James Ihedigbo,2013,29,780000,3616070.8333333335,-2836070.8333333335
CB,Darius Butler,IND,63.2,558,100.0,2013,Darius Butler,2013,26,2000000,3168570.8333333335,-1168570.8333333335
CB,Jerraud Powers,ARZ,62.9,712,106.0,2013,Jerraud Powers,2013,25,3500000,3209820.8333333335,290179.1666666665
CB,Brandon Flowers,KC,62.2,587,109.0,2013,Brandon Flowers,2013,26,8225000,3055029.1666666665,5169970.833333334
S,Steve Gregory,NE,61.9,607,110.0,2013,Steve Gregory,2013,30,2350000,3513612.5,-1163612.5
S,LaRon Landry,IND,61.9,542,110.0,2013,LaRon Landry,2013,28,6000000,3958375.0,2041625.0
S,Andrew Sendejo,MIN,61.5,474,112.0,2013,Andrew Sendejo,2013,25,630000,3419208.3333333335,-2789208.3333333335
S,Dawan Landry,NYJ,60.6,673,114.0,2013,Dawan Landry,2013,30,1500000,3631986.0833333335,-2131986.0833333335
S,Mike Adams,DEN,59.8,572,117.0,2013,Mike Adams,2013,31,2000000,3590319.4166666665,-1590319.4166666665
S,Reshad Jones,MIA,57.8,677,125.0,2013,Reshad Jones,2013,25,7003000,3881986.0833333335,3121013.9166666665
S,Morgan Burnett,GB,54.8,545,131.0,2013,Morgan Burnett,2013,24,6187500,3592402.75,2595097.25
CB,Richard Marshall,LAC,54.1,503,135.0,2013,Richard Marshall,2013,28,855000,3646569.4166666665,-2791569.4166666665
S,Patrick Chung,PHI,54.0,513,136.0,2013,Patrick Chung,2013,25,3333333,3813236.0833333335,-479903.0833333335
CB,Tracy Porter,LV,53.9,619,137.0,2013,Tracy Porter,2013,26,1500000,4448236.083333333,-2948236.083333333
CB,Ike Taylor,PIT,53.6,641,138.0,2013,Ike Taylor,2013,33,7000000,4739902.75,2260097.25
CB,Greg Toler,IND,53.1,286,142.0,2013,Greg Toler,2013,28,4750000,4627072.333333333,122927.66666666698
S,Brandon Meriweather,WAS,51.7,454,144.0,2013,Brandon Meriweather,2013,29,3000000,4335155.666666667,-1335155.666666667
CB,Antonio Cromartie,NYJ,50.5,673,146.0,2013,Antonio Cromartie,2013,29,8000000,3944530.6666666665,4055469.3333333335
S,Dashon Goldson,TB,50.3,497,148.0,2013,Dashon Goldson,2013,28,8250000,4019114.0,4230886.0
CB,Chris Houston,DET,50.1,459,149.0,2013,Chris Houston,2013,28,5000000,4408002.916666667,591997.083333333
CB,Shareece Wright,LAC,49.3,596,150.0,2013,Shareece Wright,2013,26,646035,4796891.833333333,-4150856.833333333
S,Thomas DeCoud,ATL,42.4,517,155.0,2013,Thomas DeCoud,2013,26,3500000,4588558.5,-1088558.5
S,E.J. Biggers,WAS,38.3,296,156.0,2013,E.J. Biggers,2013,25,1500000,4751058.5,-3251058.5
CB,Brice McCain,HST,31.8,418,158.0,2013,Brice McCain,2013,26,1750000,5063558.5,-3313558.5
S,Eric Weddle,LAC,92.2,652,3.0,2012,Eric Weddle,2012,27,8000000,6723611.166666667,1276388.833333333
CB,Charles Tillman,CHI,92.2,582,3.0,2012,Charles Tillman,2012,31,6166667,5943095.285714285,223571.71428571455
S,Reggie Nelson,CIN,90.2,590,8.0,2012,Reggie Nelson,2012,28,4500000,6433541.75,-1933541.75
S,Kerry Rhodes,ARZ,88.5,553,11.0,2012,Kerry Rhodes,2012,29,6700000,6107592.666666667,592407.333333333
S,Quintin Mikell,LA,88.1,612,12.0,2012,Quintin Mikell,2012,31,6750000,6168833.4,581166.5999999996
CB,Brandon Flowers,KC,85.7,454,13.0,2012,Brandon Flowers,2012,25,8225000,6260151.545454546,1964848.4545454541
CB,Greg Toler,ARZ,84.2,200,17.0,2012,Greg Toler,2012,27,1260000,5984305.583333333,-4724305.583333333
S,Troy Polamalu,PIT,83.0,245,18.0,2012,Troy Polamalu,2012,31,9866667,5634305.583333333,4232361.416666667
S,Ryan Clark,PIT,83.0,538,18.0,2012,Ryan Clark,2012,32,3500000,5544027.75,-2044027.75
CB,Antoine Winfield,MIN,82.3,698,20.0,2012,Antoine Winfield,2012,34,6720000,5419027.75,1300972.25
CB,Jason McCourty,TEN,81.4,651,22.0,2012,Jason McCourty,2012,25,7173333,5673194.416666667,1500138.583333333
S,George Wilson,BUF,80.9,526,23.0,2012,George Wilson,2012,30,2950000,5185694.416666667,-2235694.416666667
CB,Tim Jennings,CHI,80.0,596,25.0,2012,Tim Jennings,2012,28,3800000,4664861.083333333,-864861.083333333
CB,Sheldon Brown,CLV,79.5,541,28.0,2012,Sheldon Brown,2012,32,5083333,4604861.083333333,478471.916666667
S,Ronde Barber,TB,79.4,703,29.0,2012,Ronde Barber,2012,36,3000000,3851388.8333333335,-851388.8333333335
CB,Leon Hall,CIN,79.2,588,30.0,2012,Leon Hall,2012,27,9750000,4226388.833333333,5523611.166666667
CB,Joselio Hanson,LV,76.6,388,32.0,2012,Joselio Hanson,2012,30,900000,3700972.1666666665,-2800972.1666666665
CB,Corey Graham,BLT,76.5,566,33.0,2012,Corey Graham,2012,26,1975000,3174204.8333333335,-1199204.8333333335
S,Stevie Brown,NYG,75.8,491,37.0,2012,Stevie Brown,2012,24,540000,3303371.5,-2763371.5
CB,Terence Newman,CIN,75.6,581,39.0,2012,Terence Newman,2012,33,825000,3037954.8333333335,-2212954.8333333335
CB,Antonio Cromartie,NYJ,75.4,558,40.0,2012,Antonio Cromartie,2012,28,8000000,2778232.6666666665,5221767.333333334
CB,Brandon Browner,SEA,73.9,539,44.0,2012,Brandon Browner,2012,27,415000,2936566.0,-2521566.0
S,William Moore,ATL,73.8,526,45.0,2012,William Moore,2012,27,852125,2374066.0,-1521941.0
CB,Josh Wilson,WAS,73.3,736,46.0,2012,Josh Wilson,2012,27,4500000,2853232.6666666665,1646767.3333333335
CB,Tony Carter,DEN,72.9,404,48.0,2012,Tony Carter,2012,25,615000,3574066.0,-2959066.0
S,Usama Young,CLV,72.9,364,48.0,2012,Usama Young,2012,26,1966667,4341566.0,-2374899.0
CB,Asante Samuel,ATL,72.8,555,50.0,2012,Asante Samuel,2012,31,4900000,4343649.333333333,556350.666666667
CB,Chris Houston,DET,72.5,568,51.0,2012,Chris Houston,2012,27,3000000,4395732.666666667,-1395732.666666667
S,Tyvon Branch,LV,72.3,500,54.0,2012,Tyvon Branch,2012,25,6650000,4878816.0,1771184.0
CB,Champ Bailey,DEN,71.9,667,56.0,2012,Champ Bailey,2012,33,10625000,5247388.916666667,5377611.083333333
CB,Johnathan Joseph,HST,71.5,612,58.0,2012,Johnathan Joseph,2012,28,9750000,5539055.583333333,4210944.416666667
S,Abram Elam,KC,70.2,262,63.0,2012,Abram Elam,2012,30,850000,6098222.25,-5248222.25
CB,Dunta Robinson,ATL,69.7,633,66.0,2012,Dunta Robinson,2012,29,8625000,6039333.333333333,2585666.666666667
S,Dashon Goldson,SF,68.8,780,68.0,2012,Dashon Goldson,2012,27,6212000,6214333.333333333,-2333.333333333023
CB,Jabari Greer,NO,68.7,522,69.0,2012,Jabari Greer,2012,29,5275000,6042458.333333333,-767458.333333333
CB,Michael Huff,LV,68.6,560,70.0,2012,Michael Huff,2012,28,8000000,5779958.333333333,2220041.666666667
CB,Carlos Rogers,SF,68.5,783,71.0,2012,Carlos Rogers,2012,30,7325000,5186208.333333333,2138791.666666667
CB,Keenan Lewis,PIT,68.5,565,71.0,2012,Keenan Lewis,2012,25,1260000,5137597.25,-3877597.25
CB,Ike Taylor,PIT,68.3,384,73.0,2012,Ike Taylor,2012,32,7000000,5175097.25,1824902.75
CB,Kyle Arrington,NE,67.8,620,75.0,2012,Kyle Arrington,2012,25,937500,5289680.583333333,-4352180.583333333
S,Thomas DeCoud,ATL,67.7,686,77.0,2012,Thomas DeCoud,2012,25,3500000,5459513.916666667,-1959513.916666667
S,LaRon Landry,NYJ,67.6,555,78.0,2012,LaRon Landry,2012,27,3500000,5180513.916666667,-1680513.916666667
CB,DeAngelo Hall,WAS,67.6,746,78.0,2012,DeAngelo Hall,2012,28,9166667,5348847.25,3817819.75
CB,Marcus Trufant,SEA,67.5,330,80.0,2012,Marcus Trufant,2012,31,1300000,4871763.916666667,-3571763.916666667
CB,Cortland Finnegan,LA,66.8,623,84.0,2012,Cortland Finnegan,2012,28,10000000,4933430.583333333,5066569.416666667
CB,Tramon Williams,GB,66.2,754,86.0,2012,Tramon Williams,2012,29,8250000,4458430.583333333,3791569.416666667
CB,Cary Williams,BLT,65.6,825,88.0,2012,Cary Williams,2012,27,1927000,4593847.25,-2666847.25
CB,Brandon Carr,DAL,65.3,584,90.0,2012,Brandon Carr,2012,25,10020000,4498013.916666667,5521986.083333333
S,Haruki Nakamura,CAR,65.0,313,92.0,2012,Haruki Nakamura,2012,25,1600000,4643847.25,-3043847.25
S,Mike Adams,DEN,65.0,652,92.0,2012,Mike Adams,2012,30,2000000,4088291.6666666665,-2088291.6666666665
CB,Jacob Lacey,DET,64.8,368,94.0,2012,Jacob Lacey,2012,24,1300000,4096625.0,-2796625.0
S,Bernard Pollard,BLT,64.5,723,96.0,2012,Bernard Pollard,2012,27,2562500,3721625.0,-1159125.0
S,Steve Gregory,NE,64.0,568,98.0,2012,Steve Gregory,2012,29,2350000,3108291.6666666665,-758291.6666666665
S,Nate Clements,CIN,63.1,397,101.0,2012,Nate Clements,2012,32,5250000,3047708.3333333335,2202291.6666666665
CB,Cedric Griffin,WAS,62.9,289,104.0,2012,Cedric Griffin,2012,29,2500000,2556458.3333333335,-56458.33333333349
S,Yeremiah Bell,NYJ,62.8,569,105.0,2012,Yeremiah Bell,2012,30,1400000,2964791.6666666665,-1564791.6666666665
S,Dawan Landry,JAX,62.4,614,108.0,2012,Dawan Landry,2012,29,5500000,3121736.0833333335,2378263.9166666665
CB,Kelvin Hayden,CHI,62.0,307,109.0,2012,Kelvin Hayden,2012,28,890000,3360625.0,-2470625.0
S,Craig Dahl,LA,61.9,633,110.0,2012,Craig Dahl,2012,26,1200000,3221250.0,-2021250.0
S,Adrian Wilson,ARZ,60.6,414,114.0,2012,Adrian Wilson,2012,32,4125000,3073312.5,1051687.5
S,Antoine Bethea,IND,60.1,654,116.0,2012,Antoine Bethea,2012,27,6500000,2769145.8333333335,3730854.1666666665
S,Donte Whitner,SF,59.8,782,118.0,2012,Donte Whitner,2012,27,3883333,2718729.1666666665,1164603.8333333335
S,Gerald Sensabaugh,DAL,59.1,551,119.0,2012,Gerald Sensabaugh,2012,29,4166667,2872895.8333333335,1293771.1666666665
S,Madieu Williams,WAS,58.7,728,122.0,2012,Madieu Williams,2012,30,890000,3032895.8333333335,-2142895.8333333335
CB,Josh Norman,CAR,58.7,470,122.0,2012,Josh Norman,2012,24,574750,3032895.8333333335,-2458145.8333333335
S,Jordan Babineaux,TEN,58.6,460,124.0,2012,Jordan Babineaux,2012,29,1600000,3391229.1666666665,-1791229.1666666665
S,Tom Zbikowski,IND,58.6,420,124.0,2012,Tom Zbikowski,2012,26,1895000,3464145.8333333335,-1569145.8333333335
CB,Aaron Ross,JAX,58.4,399,126.0,2012,Aaron Ross,2012,29,3250000,3128729.1666666665,121270.83333333349
S,Antrel Rolle,NYG,58.3,583,127.0,2012,Antrel Rolle,2012,29,7420000,2848574.3333333335,4571425.666666666
S,Erik Coleman,DET,57.1,283,128.0,2012,Erik Coleman,2012,29,890000,2880221.1666666665,-1990221.1666666665
S,Charles Godfrey,CAR,56.5,592,130.0,2012,Charles Godfrey,2012,26,5500000,2861057.5,2638942.5
S,Danieal Manning,HST,56.1,765,132.0,2012,Danieal Manning,2012,29,5000000,3813161.6666666665,1186838.3333333335
CB,William Gay,ARZ,55.1,564,136.0,2012,William Gay,2012,26,2475000,3748578.3333333335,-1273578.3333333335
CB,Jimmy Wilson,MIA,55.0,423,137.0,2012,Jimmy Wilson,2012,25,521475,3639411.6666666665,-3117936.6666666665
CB,Quentin Jammer,LAC,54.0,625,140.0,2012,Quentin Jammer,2012,32,4546429,3472745.0,1073684.0
S,Chris Prosinski,JAX,53.9,396,141.0,2012,Chris Prosinski,2012,25,660036,3458578.3333333335,-2798542.3333333335
CB,Nnamdi Asomugha,PHI,53.8,549,142.0,2012,Nnamdi Asomugha,2012,31,12000000,3967745.0,8032255.0
S,Matt Giordano,LV,53.7,488,143.0,2012,Matt Giordano,2012,29,825000,4030245.0,-3205245.0
CB,Ellis Lankster,NYJ,52.9,254,145.0,2012,Ellis Lankster,2012,24,585000,3942085.4545454546,-3357085.4545454546
S,Atari Bigby,LAC,51.6,388,147.0,2012,Atari Bigby,2012,30,1250000,4088794.0,-2838794.0
CB,Corey Webster,NYG,49.9,592,150.0,2012,Corey Webster,2012,29,7250000,4485162.777777778,2764837.222222222
S,Michael Griffin,TEN,45.1,643,157.0,2012,Michael Griffin,2012,27,7000000,4477504.5,2522495.5
S,Roman Harper,NO,41.5,663,159.0,2012,Roman Harper,2012,29,6250000,5022857.142857143,1227142.8571428573
