index,player_name,year_signed,age,contract_length,value,average/year
0,Aaron Jones,2021,26,4,"$48,000,000",12000000
0,Aaron Jones,2022,27,4,"$48,000,000",12000000
0,Aaron Jones,2023,28,4,"$48,000,000",12000000
0,Aaron Jones,2024,29,4,"$48,000,000",12000000
1,Adrian Peterson,2021,35,1,"$1,075,000",1075000
2,Alex Collins,2021,26,1,"$990,000",990000
3,Alfred Morris,2021,32,1,"$1,075,000",1075000
4,Ameer Abdullah,2021,27,1,"$990,000",990000
5,Austin Walter,2021,24,1,"$780,000",780000
6,Bo Scarbrough,2021,24,1,"$780,000",780000
7,Boston Scott,2021,25,1,"$920,000",920000
8,Brian Hill,2021,25,1,"$990,000",990000
9,Buddy Howell,2021,24,1,"$1,500,000",1500000
10,C.J. Marable,2021,24,3,"$2,428,000",809333
10,C.J. Marable,2022,25,3,"$2,428,000",809333
10,C.J. Marable,2023,26,3,"$2,428,000",809333
11,C.J. Prosise,2021,26,1,"$990,000",990000
12,Carlos Hyde,2021,30,2,"$4,500,000",2250000
12,Carlos Hyde,2022,31,2,"$4,500,000",2250000
13,Christian Wade,2021,29,1,"$660,000",660000
14,Chris Carson,2021,26,2,"$10,425,000",5212500
14,Chris Carson,2022,27,2,"$10,425,000",5212500
15,Cordarrelle Patterson,2021,30,1,"$3,000,000",3000000
16,Corey Clement,2021,26,1,"$990,000",990000
17,Craig Reynolds,2021,24,2,"$1,815,000",907500
17,Craig Reynolds,2022,25,2,"$1,815,000",907500
18,D'Onta Foreman,2021,25,1,"$920,000",920000
19,Damien Williams,2021,28,1,"$1,500,000",1500000
20,Darius Clark,2021,24,1,"$660,000",660000
21,Darius Jackson,2021,27,1,"$850,000",850000
22,Darrel Williams,2021,25,1,"$1,600,000",1600000
23,David Johnson,2021,29,1,"$5,000,000",5000000
24,Dedrick Mills,2021,24,3,"$2,435,000",811667
24,Dedrick Mills,2022,25,3,"$2,435,000",811667
24,Dedrick Mills,2023,26,3,"$2,435,000",811667
25,Derrick Gore,2021,26,1,"$660,000",660000
26,Devine Ozigbo,2021,24,1,"$850,000",850000
27,Devonta Freeman,2021,29,1,"$1,075,000",1075000
28,Devontae Booker,2021,28,2,"$5,500,000",2750000
28,Devontae Booker,2022,29,2,"$5,500,000",2750000
29,Dontrell Hilliard,2021,25,1,"$1,200,000",1200000
30,Duke Johnson Jr.,2021,27,1,"$990,000",990000
31,Dwayne Washington,2021,26,1,"$1,127,500",1127500
32,Elijah McGuire,2021,26,1,"$850,000",850000
33,Giovani Bernard,2021,29,1,"$1,212,500",1212500
34,Gus Edwards,2021,26,2,"$9,000,000",4500000
34,Gus Edwards,2022,27,2,"$9,000,000",4500000
35,Ito Smith,2021,25,1,"$920,000",920000
36,Jamaal Williams,2021,25,2,"$6,000,000",3000000
36,Jamaal Williams,2022,26,2,"$6,000,000",3000000
37,James Conner,2021,25,1,"$1,750,000",1750000
38,James White,2021,29,1,"$2,462,500",2462500
39,Jaylen Samuels,2021,24,1,"$920,000",920000
40,Jeff Wilson Jr.,2021,25,1,"$2,050,000",2050000
41,Jeremy Cox,2021,24,1,"$780,000",780000
42,Jeremy McNichols,2021,25,1,"$868,889",868889
43,Jerick McKinnon,2021,28,1,"$990,000",990000
44,John Kelly,2021,24,1,"$850,000",850000
45,Jonathan Williams,2021,26,1,"$990,000",990000
46,Jordan Chunn,2021,25,1,"$660,000",660000
47,Jordan Howard,2021,26,1,"$990,000",990000
48,Jordan Scarlett,2021,25,1,"$780,000",780000
49,Jordan Wilkins,2021,26,1,"$920,000",920000
50,Josh Adams,2021,24,1,"$1,180,000",1180000
51,Kalen Ballage,2021,25,1,"$920,000",920000
52,Kenjon Barner,2021,31,1,"$990,000",990000
53,Kenyan Drake,2021,27,2,"$11,000,000",5500000
53,Kenyan Drake,2022,28,2,"$11,000,000",5500000
54,Kerrith Whyte,2021,24,1,"$780,000",780000
55,Khalfani Muhammad,2021,26,1,"$660,000",660000
56,Lamar Miller,2021,29,1,"$1,212,500",1212500
57,Latavius Murray,2021,30,1,"$1,075,000",1075000
58,Leonard Fournette,2021,26,1,"$3,250,000",3250000
59,Malcolm Brown,2021,27,1,"$1,750,000",1750000
60,Mark Ingram II,2021,31,1,"$2,500,000",2500000
61,Marlon Mack,2021,25,1,"$2,000,000",2000000
62,Matt Breida,2021,26,1,"$1,055,000",1055000
63,Mike Boone,2021,25,2,"$3,850,000",1925000
63,Mike Boone,2022,26,2,"$3,850,000",1925000
64,Mike Davis,2021,28,2,"$5,500,000",2750000
64,Mike Davis,2022,29,2,"$5,500,000",2750000
65,Nathan Cottrell,2021,24,1,"$780,000",780000
66,Nick Chubb,2021,25,3,"$36,600,000",12200000
66,Nick Chubb,2022,26,3,"$36,600,000",12200000
66,Nick Chubb,2023,27,3,"$36,600,000",12200000
67,Nyheim Hines,2021,24,3,"$18,600,000",6200000
67,Nyheim Hines,2022,25,3,"$18,600,000",6200000
67,Nyheim Hines,2023,26,3,"$18,600,000",6200000
68,Patrick Laird,2021,25,1,"$850,000",850000
69,Paul Perkins,2021,26,1,"$920,000",920000
70,Peyton Barber,2021,26,1,"$990,000",990000
71,Phillip Lindsay,2021,26,1,"$3,250,000",3250000
72,Qadree Ollison,2021,24,1,"$850,000",850000
73,Rex Burkhead,2021,30,1,"$1,500,000",1500000
74,Ryan Nall,2021,25,1,"$850,000",850000
75,Ryquell Armstead,2021,24,1,"$850,000",850000
76,Samaje Perine,2021,25,2,"$3,300,000",1650000
76,Samaje Perine,2022,26,2,"$3,300,000",1650000
77,Sandro Platzgummer,2021,24,1,"$660,000",660000
78,Taiwan Jones,2021,31,1,"$1,750,000",1750000
79,Tevin Coleman,2021,27,1,"$1,100,000",1100000
80,Theo Riddick,2021,29,1,"$1,175,000",1175000
81,Tony Brooks-James,2021,26,1,"$780,000",780000
82,Trenton Cannon,2021,27,1,"$920,000",920000
83,Trey Edmunds,2021,26,1,"$990,000",990000
84,Trey Ragas,2021,24,3,"$2,425,000",808333
84,Trey Ragas,2022,25,3,"$2,425,000",808333
84,Trey Ragas,2023,26,3,"$2,425,000",808333
85,Troymaine Pope,2021,27,1,"$990,000",990000
86,Ty'Son Williams,2021,24,1,"$660,000",660000
87,Tyler Gaffney,2021,29,1,"$660,000",660000
88,Wayne Gallman,2021,26,1,"$990,000",990000
89,Wendell Smallwood,2021,26,1,"$920,000",920000
90,Adrian Peterson,2020,35,1,"$1,050,000",1050000
91,Alfred Morris,2020,31,1,"$1,050,000",1050000
92,Alvin Kamara,2020,25,5,"$75,000,000",15000000
92,Alvin Kamara,2021,26,5,"$75,000,000",15000000
92,Alvin Kamara,2022,27,5,"$75,000,000",15000000
92,Alvin Kamara,2023,28,5,"$75,000,000",15000000
92,Alvin Kamara,2024,29,5,"$75,000,000",15000000
93,Ameer Abdullah,2020,26,1,"$1,047,500",1047500
94,Austin Ekeler,2020,24,4,"$24,500,000",6125000
94,Austin Ekeler,2021,25,4,"$24,500,000",6125000
94,Austin Ekeler,2022,26,4,"$24,500,000",6125000
94,Austin Ekeler,2023,27,4,"$24,500,000",6125000
95,Brian Hill,2020,24,1,"$2,133,000",2133000
96,C.J. Prosise,2020,25,1,"$825,000",825000
97,Carlos Hyde,2020,29,1,"$2,750,000",2750000
98,Chris Thompson,2020,29,1,"$1,400,000",1400000
99,Christian Wade,2020,28,2,"$1,401,000",700500
100,Corey Clement,2020,25,1,"$825,000",825000
101,D.J. Foster,2020,26,1,"$910,000",910000
102,Dalvin Cook,2020,25,5,"$63,000,000",12600000
102,Dalvin Cook,2021,26,5,"$63,000,000",12600000
102,Dalvin Cook,2022,27,5,"$63,000,000",12600000
102,Dalvin Cook,2023,28,5,"$63,000,000",12600000
102,Dalvin Cook,2024,29,5,"$63,000,000",12600000
103,Dalyn Dawkins,2020,25,2,"$1,670,000",835000
103,Dalyn Dawkins,2021,26,2,"$1,670,000",835000
104,Dare Ogunbowale,2020,25,1,"$675,000",675000
105,Darius Jackson,2020,26,1,"$750,000",750000
106,DeAndre Washington,2020,27,1,"$1,047,500",1047500
107,Derrick Gore,2020,25,1,"$610,000",610000
108,Derrick Henry,2020,26,4,"$50,000,000",12500000
108,Derrick Henry,2021,27,4,"$50,000,000",12500000
108,Derrick Henry,2022,28,4,"$50,000,000",12500000
108,Derrick Henry,2023,29,4,"$50,000,000",12500000
109,Devonta Freeman,2020,28,1,"$1,350,000",1350000
110,Devontae Booker,2020,27,1,"$1,047,500",1047500
111,Dion Lewis,2020,29,1,"$1,550,000",1550000
112,Dontrell Hilliard,2020,25,1,"$750,000",750000
113,Dwayne Washington,2020,25,1,"$1,047,500",1047500
114,Elijah McGuire,2020,25,1,"$750,000",750000
115,Frank Gore,2020,36,1,"$1,050,000",1050000
116,Gus Edwards,2020,24,1,"$750,000",750000
117,J.D. McKissic,2020,26,2,"$3,270,000",1635000
117,J.D. McKissic,2021,27,2,"$3,270,000",1635000
118,Jalen Richard,2020,26,2,"$7,000,000",3500000
118,Jalen Richard,2021,27,2,"$7,000,000",3500000
119,James Gilbert,2020,24,3,"$2,287,000",762333
119,James Gilbert,2021,25,3,"$2,287,000",762333
119,James Gilbert,2022,26,3,"$2,287,000",762333
120,Jeff Wilson Jr.,2020,24,1,"$750,000",750000
121,Jerick McKinnon,2020,27,1,"$1,160,000",1160000
122,Joe Mixon,2020,24,4,"$48,000,000",12000000
122,Joe Mixon,2021,25,4,"$48,000,000",12000000
122,Joe Mixon,2022,26,4,"$48,000,000",12000000
122,Joe Mixon,2023,27,4,"$48,000,000",12000000
123,Jonathan Hilliman,2020,24,2,"$1,532,000",766000
123,Jonathan Hilliman,2021,25,2,"$1,532,000",766000
124,Jonathan Williams,2020,25,1,"$825,000",825000
125,Jordan Chunn,2020,24,2,"$1,390,000",695000
126,Jordan Howard,2020,25,2,"$9,750,000",4875000
127,Kalen Ballage,2020,24,1,"$825,000",825000
128,Kareem Hunt,2020,24,2,"$12,000,000",6000000
128,Kareem Hunt,2021,25,2,"$12,000,000",6000000
129,Kenjon Barner,2020,31,1,"$910,000",910000
130,Kenyan Drake,2020,25,1,"$8,483,000",8483000
131,Khalfani Muhammad,2020,25,2,"$1,390,000",695000
132,Lamar Miller,2020,29,1,"$1,050,000",1050000
133,Le'Veon Bell,2020,27,1,"$1,000,000",1000000
134,LeSean McCoy,2020,32,1,"$1,050,000",1050000
135,Leonard Fournette,2020,25,1,"$2,000,000",2000000
136,Marcus Murphy,2020,28,1,"$741,000",741000
137,Mark Thompson,2020,25,1,"$610,000",610000
138,Matt Breida,2020,25,1,"$3,259,000",3259000
139,Melvin Gordon III,2020,26,2,"$16,000,000",8000000
139,Melvin Gordon III,2021,27,2,"$16,000,000",8000000
140,Napolean Maxwell,2020,24,3,"$2,286,500",762167
140,Napolean Maxwell,2021,25,3,"$2,286,500",762167
140,Napolean Maxwell,2022,26,3,"$2,286,500",762167
141,Patrick Carr,2020,24,3,"$2,286,000",762000
141,Patrick Carr,2021,25,3,"$2,286,000",762000
141,Patrick Carr,2022,26,3,"$2,286,000",762000
142,Peyton Barber,2020,26,2,"$3,000,000",1500000
143,Ralph Webb,2020,25,1,"$610,000",610000
144,Rex Burkhead,2020,30,1,"$3,000,000",3000000
145,Rod Smith,2020,27,1,"$910,000",910000
146,Rodney Smith,2020,24,3,"$2,300,000",766667
146,Rodney Smith,2021,25,3,"$2,300,000",766667
146,Rodney Smith,2022,26,3,"$2,300,000",766667
147,Senorise Perry,2020,28,1,"$910,000",910000
148,Shaun Wilson,2020,24,2,"$1,525,000",762500
148,Shaun Wilson,2021,25,2,"$1,525,000",762500
149,Taiwan Jones,2020,31,1,"$1,750,000",1750000
150,Tarik Cohen,2020,25,3,"$17,250,000",5750000
150,Tarik Cohen,2021,26,3,"$17,250,000",5750000
150,Tarik Cohen,2022,27,3,"$17,250,000",5750000
151,Theo Riddick,2020,29,1,"$910,000",910000
152,Todd Gurley II,2020,25,1,"$5,500,000",5500000
153,Tony Brooks-James,2020,25,1,"$675,000",675000
154,Tra Carson,2020,27,1,"$775,000",775000
155,Trey Edmunds,2020,25,1,"$825,000",825000
156,Troymaine Pope,2020,26,1,"$750,000",750000
157,Tyler Ervin,2020,26,1,"$1,047,500",1047500
158,Wendell Smallwood,2020,26,1,"$910,000",910000
159,William Stanback,2020,25,2,"$1,540,000",770000
159,William Stanback,2021,26,2,"$1,540,000",770000
160,Adrian Peterson,2019,33,2,"$5,030,000",2515000
161,Akeem Hunt,2019,26,1,"$720,000",720000
162,Alfred Blue,2019,27,1,"$895,000",895000
163,Alfred Morris,2019,30,1,"$1,020,000",1020000
164,Ameer Abdullah,2019,25,1,"$810,000",810000
165,Andre Ellington,2019,30,1,"$805,000",805000
166,Benny Cunningham,2019,28,1,"$895,000",895000
167,Bilal Powell,2019,30,1,"$1,020,000",1020000
168,Brandon Bolden,2019,29,2,"$3,700,000",1850000
168,Brandon Bolden,2020,30,2,"$3,700,000",1850000
169,Brandon Wilds,2019,25,2,"$1,380,000",690000
169,Brandon Wilds,2020,26,2,"$1,380,000",690000
170,C.J. Anderson,2019,28,1,"$1,500,000",1500000
171,Cameron Artis-Payne,2019,28,1,"$895,000",895000
172,Carlos Hyde,2019,28,1,"$2,800,000",2800000
173,Charcandrick West,2019,27,1,"$805,000",805000
174,Christian Wade,2019,27,3,"$1,755,000",585000
175,Cordarrelle Patterson,2019,27,2,"$10,000,000",5000000
175,Cordarrelle Patterson,2020,28,2,"$10,000,000",5000000
176,Corey Grant,2019,27,1,"$895,000",895000
177,D.J. Foster,2019,25,1,"$645,000",645000
178,Dalyn Dawkins,2019,24,2,"$1,230,000",615000
179,Dare Ogunbowale,2019,24,2,"$1,080,000",540000
180,Darren Sproles,2019,36,1,"$1,330,000",1330000
181,David Fluellen,2019,27,1,"$720,000",720000
182,David Williams,2019,25,1,"$570,000",570000
183,De'Angelo Henderson,2019,26,1,"$645,000",645000
184,Derrick Gore,2019,24,3,"$1,755,000",585000
185,Devante Mays,2019,24,2,"$1,230,000",615000
185,Devante Mays,2020,25,2,"$1,230,000",615000
186,Donnel Pumphrey,2019,24,2,"$1,080,000",540000
186,Donnel Pumphrey,2020,25,2,"$1,080,000",540000
187,Doug Martin,2019,29,1,"$1,020,000",1020000
188,Elijah McGuire,2019,25,1,"$645,000",645000
189,Ezekiel Elliott,2019,24,6,"$90,000,000",15000000
189,Ezekiel Elliott,2020,25,6,"$90,000,000",15000000
189,Ezekiel Elliott,2021,26,6,"$90,000,000",15000000
189,Ezekiel Elliott,2022,27,6,"$90,000,000",15000000
189,Ezekiel Elliott,2023,28,6,"$90,000,000",15000000
189,Ezekiel Elliott,2024,29,6,"$90,000,000",15000000
190,Frank Gore,2019,35,1,"$2,000,000",2000000
191,Giovani Bernard,2019,27,2,"$9,700,000",4850000
191,Giovani Bernard,2020,28,2,"$9,700,000",4850000
192,Isaiah Crowell,2019,26,1,"$1,000,000",1000000
193,J.D. McKissic,2019,24,1,"$720,000",720000
194,Jacquizz Rodgers,2019,29,1,"$805,000",805000
195,Jalen Richard,2019,25,1,"$3,095,000",3095000
196,Javorius Allen,2019,27,1,"$850,000",850000
197,Jay Ajayi,2019,25,1,"$805,000",805000
198,Jordan Chunn,2019,24,2,"$1,080,000",540000
199,Josh Ferguson,2019,25,2,"$1,380,000",690000
199,Josh Ferguson,2020,26,2,"$1,380,000",690000
200,Kenjon Barner,2019,29,1,"$895,000",895000
201,Kenneth Dixon,2019,24,2,"$1,230,000",615000
201,Kenneth Dixon,2020,25,2,"$1,230,000",615000
202,Kenneth Farrow,2019,26,2,"$1,230,000",615000
202,Kenneth Farrow,2020,27,2,"$1,230,000",615000
203,Kerwynn Williams,2019,27,1,"$805,000",805000
204,Khalfani Muhammad,2019,24,2,"$1,080,000",540000
205,Latavius Murray,2019,29,4,"$14,400,000",3600000
205,Latavius Murray,2020,30,4,"$14,400,000",3600000
205,Latavius Murray,2022,32,4,"$14,400,000",3600000
206,Le'Veon Bell,2019,27,4,"$52,500,000",13125000
206,Le'Veon Bell,2021,29,4,"$52,500,000",13125000
206,Le'Veon Bell,2022,30,4,"$52,500,000",13125000
207,LeSean McCoy,2019,31,1,"$3,000,000",3000000
208,Mack Brown,2019,27,1,"$645,000",645000
209,Malcolm Brown,2019,25,2,"$3,300,000",1650000
209,Malcolm Brown,2020,26,2,"$3,300,000",1650000
210,Manasseh Garner,2019,27,1,"$495,000",495000
211,Mark Ingram II,2019,29,3,"$15,000,000",5000000
211,Mark Ingram II,2020,30,3,"$15,000,000",5000000
212,Mark Thompson,2019,24,2,"$1,080,000",540000
213,Marshawn Lynch,2019,32,1,"$1,030,000",1030000
214,Martez Carter,2019,25,1,"$495,000",495000
215,Matt Dayes,2019,24,1,"$645,000",645000
216,Mike Davis,2019,26,2,"$6,000,000",3000000
216,Mike Davis,2020,27,2,"$6,000,000",3000000
217,Paul Perkins,2019,24,1,"$720,000",720000
218,Peyton Barber,2019,25,1,"$2,125,000",2125000
219,Raheem Mostert,2019,26,3,"$8,700,000",2900000
219,Raheem Mostert,2020,27,3,"$8,700,000",2900000
219,Raheem Mostert,2021,28,3,"$8,700,000",2900000
220,Ralph Webb,2019,24,1,"$495,000",495000
221,Robert Turbin,2019,29,1,"$930,000",930000
222,Rod Smith,2019,27,1,"$805,000",805000
223,Russell Hansbrough,2019,25,1,"$570,000",570000
224,Senorise Perry,2019,27,1,"$810,000",810000
225,Spencer Ware,2019,27,1,"$1,305,000",1305000
226,T.J. Yeldon,2019,25,2,"$3,200,000",1600000
226,T.J. Yeldon,2020,26,2,"$3,200,000",1600000
227,Taiwan Jones,2019,30,1,"$1,020,000",1020000
228,Tevin Coleman,2019,25,2,"$8,500,000",4250000
228,Tevin Coleman,2020,26,2,"$8,500,000",4250000
229,Theo Riddick,2019,28,1,"$2,500,000",2500000
230,Thomas Rawls,2019,25,1,"$825,000",825000
231,Tony Brooks-James,2019,24,3,"$1,755,000",585000
232,Trey Edmunds,2019,24,2,"$1,380,000",690000
233,Troymaine Pope,2019,25,1,"$645,000",645000
234,Tyler Ervin,2019,25,1,"$720,000",720000
235,Xavier Turner,2019,24,3,"$1,765,000",588333
235,Xavier Turner,2020,25,3,"$1,765,000",588333
235,Xavier Turner,2021,26,3,"$1,765,000",588333
236,Zach Zenner,2019,28,1,"$805,000",805000
237,Adrian Peterson,2018,33,1,"$1,015,000",1015000
238,Akeem Judd,2018,25,1,"$480,000",480000
239,Alfred Blue,2018,27,1,"$880,000",880000
240,Alfred Morris,2018,29,1,"$790,000",790000
241,Benny Cunningham,2018,27,1,"$1,050,000",1050000
242,Branden Oliver,2018,27,1,"$705,000",705000
243,Brandon Bolden,2018,28,1,"$880,000",880000
244,Brandon Radcliff,2018,24,2,"$1,050,000",525000
244,Brandon Radcliff,2019,25,2,"$1,050,000",525000
245,Brandon Wilds,2018,24,2,"$1,200,000",600000
246,Bronson Hill,2018,25,1,"$555,000",555000
247,C.J. Anderson,2018,27,1,"$1,750,000",1750000
248,Carlos Hyde,2018,27,3,"$15,250,000",5083333
249,Charcandrick West,2018,27,1,"$790,000",790000
250,Charles Sims,2018,27,1,"$1,000,000",1000000
251,Chris Ivory,2018,29,2,"$5,500,000",2750000
251,Chris Ivory,2019,30,2,"$5,500,000",2750000
252,Corey Grant,2018,26,1,"$2,914,000",2914000
253,Damien Williams,2018,26,2,"$5,100,000",2550000
253,Damien Williams,2019,27,2,"$5,100,000",2550000
254,Dare Ogunbowale,2018,24,1,"$480,000",480000
255,Darius Jackson,2018,24,2,"$1,200,000",600000
255,Darius Jackson,2019,25,2,"$1,200,000",600000
256,Darren Sproles,2018,34,1,"$1,400,000",1400000
257,David Johnson,2018,26,3,"$39,000,000",13000000
257,David Johnson,2019,27,3,"$39,000,000",13000000
257,David Johnson,2020,28,3,"$39,000,000",13000000
258,De'Angelo Henderson,2018,26,1,"$555,000",555000
259,Detrez Newsome,2018,24,3,"$1,710,000",570000
259,Detrez Newsome,2019,25,3,"$1,710,000",570000
259,Detrez Newsome,2020,26,3,"$1,710,000",570000
260,Dion Lewis,2018,27,4,"$19,800,000",4950000
260,Dion Lewis,2019,28,4,"$19,800,000",4950000
260,Dion Lewis,2021,30,4,"$19,800,000",4950000
261,Doug Martin,2018,29,1,"$1,475,000",1475000
262,Duke Johnson Jr.,2018,24,3,"$15,610,000",5203333
262,Duke Johnson Jr.,2019,25,3,"$15,610,000",5203333
262,Duke Johnson Jr.,2020,26,3,"$15,610,000",5203333
263,Dwayne Washington,2018,24,2,"$1,350,000",675000
263,Dwayne Washington,2019,25,2,"$1,350,000",675000
264,Fitz Toussaint,2018,27,1,"$790,000",790000
265,Frank Gore,2018,34,1,"$1,105,000",1105000
266,George Atkinson,2018,25,2,"$1,350,000",675000
266,George Atkinson,2019,26,2,"$1,350,000",675000
267,Isaiah Crowell,2018,25,3,"$12,000,000",4000000
267,Isaiah Crowell,2020,27,3,"$12,000,000",4000000
268,J.D. McKissic,2018,24,1,"$630,000",630000
269,Jalen Simmons,2018,25,1,"$480,000",480000
270,Jamaal Charles,2018,31,1,"$1,015,000",1015000
271,Jeremy Hill,2018,25,1,"$1,500,000",1500000
272,Jeremy Langford,2018,26,2,"$1,200,000",600000
272,Jeremy Langford,2019,27,2,"$1,200,000",600000
273,Jerick McKinnon,2018,25,4,"$30,000,000",7500000
273,Jerick McKinnon,2019,26,4,"$30,000,000",7500000
274,Jhurrell Pressley,2018,26,1,"$480,000",480000
275,Jonathan Stewart,2018,30,2,"$6,800,000",3400000
275,Jonathan Stewart,2019,31,2,"$6,800,000",3400000
276,Josh Rounds,2018,24,2,"$1,050,000",525000
276,Josh Rounds,2019,25,2,"$1,050,000",525000
277,Keith Ford,2018,24,3,"$1,710,000",570000
277,Keith Ford,2019,25,3,"$1,710,000",570000
277,Keith Ford,2020,26,3,"$1,710,000",570000
278,Kelvin Taylor,2018,24,2,"$1,050,000",525000
278,Kelvin Taylor,2019,25,2,"$1,050,000",525000
279,Kenjon Barner,2018,29,1,"$855,000",855000
280,Kenneth Farrow,2018,25,1,"$555,000",555000
281,Kenny Hilliard,2018,26,2,"$1,050,000",525000
281,Kenny Hilliard,2019,27,2,"$1,050,000",525000
282,Kerwynn Williams,2018,26,1,"$790,000",790000
283,Knile Davis,2018,26,1,"$790,000",790000
284,Le'Veon Bell,2018,26,1,"$14,544,000",14544000
285,LeGarrette Blount,2018,31,1,"$2,000,000",2000000
286,Lenard Tillery,2018,24,1,"$480,000",480000
287,Mack Brown,2018,26,1,"$630,000",630000
288,Malcolm Brown,2018,24,1,"$630,000",630000
289,Martez Carter,2018,25,3,"$1,710,000",570000
289,Martez Carter,2020,27,3,"$1,710,000",570000
290,Matt Jones,2018,25,2,"$1,510,000",755000
290,Matt Jones,2019,26,2,"$1,510,000",755000
291,Mike Davis,2018,25,1,"$1,350,000",1350000
292,Peyton Barber,2018,24,1,"$630,000",630000
293,Raheem Mostert,2018,25,1,"$705,000",705000
294,Rex Burkhead,2018,27,3,"$9,750,000",3250000
294,Rex Burkhead,2019,28,3,"$9,750,000",3250000
295,Shane Vereen,2018,29,1,"$1,050,000",1050000
296,Stevan Ridley,2018,29,1,"$790,000",790000
297,Taiwan Jones,2018,29,1,"$880,000",880000
298,Terrance West,2018,27,1,"$790,000",790000
299,Terrell Watson,2018,24,1,"$555,000",555000
300,Thomas Rawls,2018,24,1,"$705,000",705000
301,Tion Green,2018,24,1,"$555,000",555000
302,Tra Carson,2018,25,2,"$1,050,000",525000
302,Tra Carson,2019,26,2,"$1,050,000",525000
303,Travaris Cadet,2018,29,1,"$880,000",880000
304,Troymaine Pope,2018,24,2,"$1,200,000",600000
305,Zach Zenner,2018,26,1,"$1,050,000",1050000
306,Adrian Peterson,2017,32,2,"$7,000,000",3500000
307,Akeem Hunt,2017,24,2,"$1,320,000",660000
307,Akeem Hunt,2018,25,2,"$1,320,000",660000
308,Akeem Judd,2017,24,3,"$1,672,000",557333
308,Akeem Judd,2019,26,3,"$1,672,000",557333
309,Andre Ellington,2017,28,1,"$905,000",905000
310,Andre Williams,2017,24,1,"$690,000",690000
311,Benny Cunningham,2017,26,1,"$855,000",855000
312,Bernard Pierce,2017,26,1,"$775,000",775000
313,Bishop Sankey,2017,24,1,"$690,000",690000
314,Bobby Rainey Jr.,2017,29,1,"$775,000",775000
315,Branden Oliver,2017,25,1,"$800,000",800000
316,Brandon Bolden,2017,27,1,"$855,000",855000
317,Brandon Brown-Dukes,2017,25,1,"$465,000",465000
318,Brandon Radcliff,2017,24,3,"$1,665,000",555000
319,Brandon Wegher,2017,26,2,"$1,170,000",585000
319,Brandon Wegher,2018,27,2,"$1,170,000",585000
320,C.J. Spiller,2017,29,1,"$980,000",980000
321,Cedric Peerman,2017,30,1,"$1,150,000",1150000
322,Chris Johnson,2017,31,1,"$1,000,000",1000000
323,Chris Thompson,2017,26,2,"$7,006,800",3503400
323,Chris Thompson,2018,27,2,"$7,006,800",3503400
324,Christine Michael,2017,26,1,"$800,000",800000
325,Cordarrelle Patterson,2017,25,2,"$8,500,000",4250000
325,Cordarrelle Patterson,2018,26,2,"$8,500,000",4250000
326,Damien Williams,2017,24,1,"$1,797,000",1797000
327,Daniel Lasco,2017,24,2,"$1,170,000",585000
327,Daniel Lasco,2018,25,2,"$1,170,000",585000
328,Danny Woodhead,2017,32,3,"$8,800,000",2933333
328,Danny Woodhead,2018,33,3,"$8,800,000",2933333
328,Danny Woodhead,2019,34,3,"$8,800,000",2933333
329,Darren McFadden,2017,29,1,"$980,000",980000
330,Daryl Richardson,2017,27,1,"$690,000",690000
331,Daryl Virgies,2017,26,3,"$1,665,000",555000
331,Daryl Virgies,2018,27,3,"$1,665,000",555000
331,Daryl Virgies,2019,28,3,"$1,665,000",555000
332,David Fluellen,2017,24,2,"$1,170,000",585000
332,David Fluellen,2018,25,2,"$1,170,000",585000
333,De'Angelo Henderson,2017,24,4,"$2,545,153",636288
333,De'Angelo Henderson,2020,27,4,"$2,545,153",636288
334,Devonta Freeman,2017,25,5,"$41,250,000",8250000
334,Devonta Freeman,2018,26,5,"$41,250,000",8250000
334,Devonta Freeman,2019,27,5,"$41,250,000",8250000
335,Dreamius Smith,2017,24,1,"$465,000",465000
336,DuJuan Harris,2017,28,1,"$775,000",775000
337,Eddie Lacy,2017,26,1,"$4,250,000",4250000
338,Fitz Toussaint,2017,26,1,"$690,000",690000
339,Fozzy Whittaker,2017,28,2,"$2,500,000",1250000
339,Fozzy Whittaker,2018,29,2,"$2,500,000",1250000
340,George Winn,2017,26,2,"$1,320,000",660000
340,George Winn,2018,27,2,"$1,320,000",660000
341,Isaiah Crowell,2017,24,1,"$2,746,000",2746000
342,Jacquizz Rodgers,2017,27,2,"$3,300,000",1650000
342,Jacquizz Rodgers,2018,28,2,"$3,300,000",1650000
343,Jalen Simmons,2017,24,1,"$465,000",465000
344,Jamaal Charles,2017,30,1,"$2,500,000",2500000
345,James White,2017,25,3,"$12,000,000",4000000
345,James White,2018,26,3,"$12,000,000",4000000
345,James White,2019,27,3,"$12,000,000",4000000
346,Jhurrell Pressley,2017,25,2,"$1,020,000",510000
347,Joe Banyard,2017,28,1,"$690,000",690000
348,Johnathan Grimes,2017,27,1,"$775,000",775000
349,Jonathan Stewart,2017,30,1,"$8,000,000",8000000
350,Jordan Todman,2017,27,1,"$775,000",775000
351,Kenjon Barner,2017,27,1,"$815,000",815000
352,Kenny Hilliard,2017,25,2,"$1,020,000",510000
353,Knile Davis,2017,25,1,"$775,000",775000
354,Lance Dunbar,2017,27,1,"$1,500,000",1500000
355,Latavius Murray,2017,27,3,"$15,000,000",5000000
355,Latavius Murray,2018,28,3,"$15,000,000",5000000
356,Le'Veon Bell,2017,25,1,"$12,120,000",12120000
357,LeGarrette Blount,2017,30,1,"$1,250,000",1250000
358,Manasseh Garner,2017,24,3,"$1,665,000",555000
358,Manasseh Garner,2018,25,3,"$1,665,000",555000
359,Marcus Murphy,2017,25,3,"$1,965,000",655000
359,Marcus Murphy,2018,26,3,"$1,965,000",655000
359,Marcus Murphy,2019,27,3,"$1,965,000",655000
360,Marshawn Lynch,2017,31,2,"$9,000,000",4500000
360,Marshawn Lynch,2018,32,2,"$9,000,000",4500000
361,Matt Asiata,2017,29,1,"$775,000",775000
362,Matt Jones,2017,24,2,"$1,334,000",667000
363,Mike Davis,2017,24,1,"$615,000",615000
364,Mike Gillislee,2017,26,2,"$6,400,000",3200000
364,Mike Gillislee,2018,27,2,"$6,400,000",3200000
365,Mike James,2017,25,1,"$775,000",775000
366,Orleans Darkwa,2017,25,1,"$1,100,000",1100000
367,Rex Burkhead,2017,26,1,"$3,150,000",3150000
368,Robert Turbin,2017,27,2,"$2,700,000",1350000
368,Robert Turbin,2018,28,2,"$2,700,000",1350000
369,Rod Smith,2017,24,2,"$1,320,000",660000
369,Rod Smith,2018,25,2,"$1,320,000",660000
370,Ronnie Hillman,2017,25,1,"$775,000",775000
371,Senorise Perry,2017,25,2,"$1,170,000",585000
371,Senorise Perry,2018,26,2,"$1,170,000",585000
372,Shaun Draughn,2017,29,1,"$1,000,000",1000000
373,Stephen Houston,2017,25,1,"$465,000",465000
374,Stevan Ridley,2017,28,1,"$775,000",775000
375,Storm Johnson,2017,24,2,"$1,170,000",585000
375,Storm Johnson,2018,25,2,"$1,170,000",585000
376,Taiwan Jones,2017,29,1,"$775,000",775000
377,Terrance West,2017,26,1,"$1,797,000",1797000
378,Tim Hightower,2017,30,1,"$1,107,000",1107000
379,Travaris Cadet,2017,28,1,"$855,000",855000
380,Trey Williams,2017,24,2,"$1,170,000",585000
380,Trey Williams,2018,25,2,"$1,170,000",585000
381,Tyler Gaffney,2017,25,1,"$615,000",615000
382,Abou Toure,2016,24,1,"$450,000",450000
383,Alfred Morris,2016,27,2,"$3,500,000",1750000
383,Alfred Morris,2017,28,2,"$3,500,000",1750000
384,Antone Smith,2016,30,1,"$760,000",760000
385,Arian Foster,2016,29,1,"$1,500,000",1500000
386,Benny Cunningham,2016,25,1,"$1,671,000",1671000
387,Bernard Pierce,2016,26,1,"$760,000",760000
388,Bilal Powell,2016,27,3,"$11,250,000",3750000
388,Bilal Powell,2017,28,3,"$11,250,000",3750000
388,Bilal Powell,2018,29,3,"$11,250,000",3750000
389,Bobby Rainey Jr.,2016,28,1,"$840,000",840000
390,Brandon Brown-Dukes,2016,24,3,"$1,620,000",540000
390,Brandon Brown-Dukes,2018,26,3,"$1,620,000",540000
391,C.J. Anderson,2016,25,4,"$18,000,000",4500000
391,C.J. Anderson,2017,26,4,"$18,000,000",4500000
392,C.J. Spiller,2016,28,1,"$885,000",885000
393,Charcandrick West,2016,24,2,"$3,600,000",1800000
393,Charcandrick West,2017,25,2,"$3,600,000",1800000
394,Chase Reynolds,2016,28,1,"$862,500",862500
395,Chris Ivory,2016,27,5,"$32,000,000",6400000
395,Chris Ivory,2017,28,5,"$32,000,000",6400000
395,Chris Ivory,2020,31,5,"$32,000,000",6400000
396,Chris Johnson,2016,30,1,"$1,500,000",1500000
397,Chris Thompson,2016,25,1,"$675,000",675000
398,Christine Michael,2016,25,1,"$725,000",725000
399,Cyrus Gray,2016,26,1,"$675,000",675000
400,Dan Herron,2016,27,1,"$760,000",760000
401,Daniel Thomas,2016,28,1,"$760,000",760000
402,Darren Sproles,2016,33,1,"$4,500,000",4500000
403,Daryl Richardson,2016,25,2,"$1,290,000",645000
404,DeMarco Murray,2016,28,4,"$25,250,000",6312500
404,DeMarco Murray,2017,29,4,"$25,250,000",6312500
404,DeMarco Murray,2018,30,4,"$25,250,000",6312500
404,DeMarco Murray,2019,31,4,"$25,250,000",6312500
405,Dexter McCluster,2016,27,1,"$760,000",760000
406,Dominique Williams,2016,25,2,"$1,000,000",500000
406,Dominique Williams,2017,26,2,"$1,000,000",500000
407,Donald Brown,2016,28,1,"$965,000",965000
408,Doug Martin,2016,27,5,"$35,750,000",7150000
408,Doug Martin,2017,28,5,"$35,750,000",7150000
408,Doug Martin,2020,31,5,"$35,750,000",7150000
409,Dri Archer,2016,24,1,"$607,000",607000
410,George Winn,2016,25,1,"$600,000",600000
411,Giovani Bernard,2016,24,3,"$15,500,000",5166667
411,Giovani Bernard,2017,25,3,"$15,500,000",5166667
411,Giovani Bernard,2018,26,3,"$15,500,000",5166667
412,Jacquizz Rodgers,2016,26,1,"$840,000",840000
413,Jalen Simmons,2016,24,3,"$1,620,000",540000
414,James Starks,2016,30,2,"$6,000,000",3000000
414,James Starks,2017,31,2,"$6,000,000",3000000
415,Johnathan Grimes,2016,26,1,"$900,000",900000
416,Joique Bell,2016,29,1,"$760,000",760000
417,Jordan Todman,2016,26,1,"$760,000",760000
418,Justin Forsett,2016,30,2,"$6,000,000",3000000
418,Justin Forsett,2017,31,2,"$6,000,000",3000000
419,Kenny Hilliard,2016,24,2,"$990,000",495000
420,Khiry Robinson,2016,26,2,"$1,450,000",725000
420,Khiry Robinson,2017,27,2,"$1,450,000",725000
421,Knile Davis,2016,24,1,"$675,000",675000
422,Lache Seastrunk,2016,24,1,"$525,000",525000
423,Lamar Miller,2016,24,4,"$26,000,000",6500000
423,Lamar Miller,2017,25,4,"$26,000,000",6500000
423,Lamar Miller,2018,26,4,"$26,000,000",6500000
423,Lamar Miller,2019,27,4,"$26,000,000",6500000
424,Lance Dunbar,2016,26,1,"$1,250,000",1250000
425,LeGarrette Blount,2016,29,1,"$1,000,000",1000000
426,Mack Brown,2016,24,2,"$990,000",495000
426,Mack Brown,2017,25,2,"$990,000",495000
427,Marion Grice,2016,24,1,"$525,000",525000
428,Matt Asiata,2016,28,1,"$840,000",840000
429,Matt Forte,2016,30,3,"$12,000,000",4000000
429,Matt Forte,2017,31,3,"$12,000,000",4000000
429,Matt Forte,2018,32,3,"$12,000,000",4000000
430,Mike Gillislee,2016,25,1,"$600,000",600000
431,Mike James,2016,24,1,"$675,000",675000
432,Orleans Darkwa,2016,24,1,"$600,000",600000
433,Paul Lasike,2016,25,2,"$990,000",495000
433,Paul Lasike,2017,26,2,"$990,000",495000
434,Reggie Bush,2016,31,1,"$1,500,000",1500000
435,Robert Hughes,2016,26,1,"$600,000",600000
436,Robert Turbin,2016,26,1,"$760,000",760000
437,Ronnie Hillman,2016,24,1,"$2,000,000",2000000
438,Shaun Draughn,2016,28,1,"$860,000",860000
439,Spencer Ware,2016,24,2,"$3,600,000",1800000
439,Spencer Ware,2017,25,2,"$3,600,000",1800000
440,Stephen Houston,2016,24,1,"$450,000",450000
441,Stevan Ridley,2016,27,1,"$840,000",840000
442,Terrance West,2016,25,1,"$600,000",600000
443,Theo Riddick,2016,25,3,"$11,550,000",3850000
443,Theo Riddick,2017,26,3,"$11,550,000",3850000
443,Theo Riddick,2018,27,3,"$11,550,000",3850000
444,Tim Hightower,2016,29,1,"$840,000",840000
445,Travaris Cadet,2016,26,1,"$760,000",760000
446,Trent Richardson,2016,25,1,"$675,000",675000
447,Vick Ballard,2016,25,1,"$525,000",525000
448,Abou Toure,2015,24,3,"$1,575,000",525000
448,Abou Toure,2017,26,3,"$1,575,000",525000
449,Adrian Peterson,2015,30,3,"$42,000,000",14000000
449,Adrian Peterson,2016,31,3,"$42,000,000",14000000
450,Ahmad Bradshaw,2015,29,1,"$870,000",870000
451,Antone Smith,2015,29,1,"$1,400,000",1400000
452,Bilal Powell,2015,26,1,"$2,000,000",2000000
453,Bobby Rainey Jr.,2015,27,1,"$1,542,000",1542000
454,Brandon Bolden,2015,24,2,"$2,320,000",1160000
454,Brandon Bolden,2016,25,2,"$2,320,000",1160000
455,Brandon Wegher,2015,24,3,"$1,577,500",525833
455,Brandon Wegher,2016,25,3,"$1,577,500",525833
456,C.J. Spiller,2015,27,4,"$16,000,000",4000000
456,C.J. Spiller,2018,30,4,"$16,000,000",4000000
457,Cameron Artis-Payne,2015,24,4,"$2,446,254",611564
457,Cameron Artis-Payne,2016,25,4,"$2,446,254",611564
457,Cameron Artis-Payne,2017,26,4,"$2,446,254",611564
457,Cameron Artis-Payne,2018,27,4,"$2,446,254",611564
458,Cedric Peerman,2015,28,2,"$2,130,000",1065000
458,Cedric Peerman,2016,29,2,"$2,130,000",1065000
459,Chase Reynolds,2015,27,1,"$585,000",585000
460,Chris Johnson,2015,29,1,"$2,000,000",2000000
461,Chris Ogbonnaya,2015,28,1,"$770,000",770000
462,Chris Polk,2015,25,1,"$760,000",760000
463,Christine Michael,2015,24,1,"$585,000",585000
464,Cierre Wood,2015,24,1,"$510,000",510000
465,Dan Herron,2015,26,1,"$660,000",660000
466,Daniel Thomas,2015,27,1,"$745,000",745000
467,Danny Woodhead,2015,29,2,"$5,500,000",2750000
467,Danny Woodhead,2016,30,2,"$5,500,000",2750000
468,Darren McFadden,2015,27,2,"$3,000,000",1500000
468,Darren McFadden,2016,28,2,"$3,000,000",1500000
469,DeAngelo Williams,2015,31,2,"$4,000,000",2000000
469,DeAngelo Williams,2016,32,2,"$4,000,000",2000000
470,DeMarco Murray,2015,27,5,"$40,000,000",8000000
471,Demitrius Bronson,2015,24,2,"$960,000",480000
471,Demitrius Bronson,2016,25,2,"$960,000",480000
472,Dion Lewis,2015,25,2,"$2,600,000",1300000
472,Dion Lewis,2016,26,2,"$2,600,000",1300000
473,Dominique Williams,2015,24,2,"$960,000",480000
474,Donald Brown,2015,28,2,"$6,500,000",3250000
475,DuJuan Harris,2015,26,2,"$1,420,000",710000
475,DuJuan Harris,2016,27,2,"$1,420,000",710000
476,Evan Royster,2015,27,1,"$585,000",585000
477,Fitz Toussaint,2015,24,2,"$1,110,000",555000
477,Fitz Toussaint,2016,25,2,"$1,110,000",555000
478,Fozzy Whittaker,2015,26,2,"$1,360,000",680000
478,Fozzy Whittaker,2016,27,2,"$1,360,000",680000
479,Frank Gore,2015,31,3,"$12,000,000",4000000
479,Frank Gore,2016,32,3,"$12,000,000",4000000
479,Frank Gore,2017,33,3,"$12,000,000",4000000
480,Fred Jackson,2015,33,1,"$2,600,000",2600000
481,Isaiah Pead,2015,25,1,"$660,000",660000
482,Jacquizz Rodgers,2015,25,1,"$785,000",785000
483,Jalen Parmele,2015,29,1,"$745,000",745000
484,Jarryd Hayne,2015,27,3,"$1,583,000",527667
484,Jarryd Hayne,2016,28,3,"$1,583,000",527667
484,Jarryd Hayne,2017,29,3,"$1,583,000",527667
485,Jeff Demps,2015,25,2,"$1,100,000",550000
485,Jeff Demps,2016,26,2,"$1,100,000",550000
486,Joe Banyard,2015,26,2,"$1,260,000",630000
486,Joe Banyard,2016,27,2,"$1,260,000",630000
487,Jonas Gray,2015,24,2,"$1,110,000",555000
487,Jonas Gray,2016,25,2,"$1,110,000",555000
488,Jordan Todman,2015,25,1,"$765,000",765000
489,Justin Forsett,2015,29,3,"$9,000,000",3000000
490,Kendall Hunter,2015,26,1,"$760,000",760000
491,Kenjon Barner,2015,25,2,"$1,110,000",555000
491,Kenjon Barner,2016,26,2,"$1,110,000",555000
492,LaMichael James,2015,25,1,"$680,000",680000
493,Lance Dunbar,2015,25,1,"$1,542,000",1542000
494,LeSean McCoy,2015,26,5,"$40,000,000",8000000
494,LeSean McCoy,2016,27,5,"$40,000,000",8000000
494,LeSean McCoy,2017,28,5,"$40,000,000",8000000
494,LeSean McCoy,2018,29,5,"$40,000,000",8000000
495,Luke Lundy,2015,26,3,"$1,575,000",525000
495,Luke Lundy,2016,27,3,"$1,575,000",525000
495,Luke Lundy,2017,28,3,"$1,575,000",525000
496,Marcus Murphy,2015,24,4,"$2,349,289",587322
496,Marcus Murphy,2016,25,4,"$2,349,289",587322
497,Mark Ingram II,2015,25,4,"$16,000,000",4000000
497,Mark Ingram II,2016,26,4,"$16,000,000",4000000
497,Mark Ingram II,2017,27,4,"$16,000,000",4000000
497,Mark Ingram II,2018,28,4,"$16,000,000",4000000
498,Marshawn Lynch,2015,28,2,"$24,000,000",12000000
498,Marshawn Lynch,2016,29,2,"$24,000,000",12000000
499,Matt Asiata,2015,27,1,"$800,000",800000
500,Michael Dyer,2015,24,3,"$1,576,500",525500
500,Michael Dyer,2016,25,3,"$1,576,500",525500
500,Michael Dyer,2017,26,3,"$1,576,500",525500
501,Michael Ford,2015,25,1,"$510,000",510000
502,Michael Hill,2015,25,2,"$1,100,000",550000
502,Michael Hill,2016,26,2,"$1,100,000",550000
503,Mike Gillislee,2015,24,1,"$585,000",585000
504,Paul Lasike,2015,24,3,"$1,575,500",525167
505,Pierre Thomas,2015,30,1,"$870,000",870000
506,Reggie Bush,2015,30,1,"$2,500,000",2500000
507,Robert Turbin,2015,25,1,"$660,000",660000
508,Roy Helu,2015,26,2,"$4,100,000",2050000
508,Roy Helu,2016,27,2,"$4,100,000",2050000
509,Ryan Mathews,2015,27,3,"$11,000,000",3666667
509,Ryan Mathews,2016,28,3,"$11,000,000",3666667
509,Ryan Mathews,2017,29,3,"$11,000,000",3666667
510,Ryan Williams,2015,24,2,"$1,500,000",750000
510,Ryan Williams,2016,25,2,"$1,500,000",750000
511,Shane Vereen,2015,25,3,"$12,350,000",4116667
511,Shane Vereen,2016,26,3,"$12,350,000",4116667
511,Shane Vereen,2017,27,3,"$12,350,000",4116667
512,Shaun Draughn,2015,27,1,"$660,000",660000
513,Stevan Ridley,2015,26,1,"$1,250,000",1250000
514,Steven Jackson,2015,31,1,"$970,000",970000
515,Taiwan Jones,2015,25,3,"$4,355,000",1451667
515,Taiwan Jones,2016,26,3,"$4,355,000",1451667
516,Terreance Cobb,2015,24,1,"$435,000",435000
517,Tim Hightower,2015,28,1,"$745,000",745000
518,Travaris Cadet,2015,26,2,"$1,715,000",857500
519,Trent Richardson,2015,24,2,"$3,850,000",1925000
520,Zach Boren,2015,24,1,"$435,000",435000
521,Zurlon Tipton,2015,24,2,"$1,110,000",555000
521,Zurlon Tipton,2016,25,2,"$1,110,000",555000
522,Ahmad Bradshaw,2014,27,1,"$855,000",855000
523,Alfonso Smith,2014,27,1,"$645,000",645000
524,Andre Brown,2014,27,1,"$645,000",645000
525,Anthony Allen,2014,25,2,"$1,230,000",615000
525,Anthony Allen,2015,26,2,"$1,230,000",615000
526,Anthony Dixon,2014,26,3,"$3,600,000",1200000
526,Anthony Dixon,2015,27,3,"$3,600,000",1200000
526,Anthony Dixon,2016,28,3,"$3,600,000",1200000
527,Ben Tate,2014,25,2,"$6,200,000",3100000
527,Ben Tate,2015,26,2,"$6,200,000",3100000
528,Bobby Rainey Jr.,2014,26,1,"$570,000",570000
529,Chris Johnson,2014,28,2,"$8,000,000",4000000
530,Chris Ogbonnaya,2014,27,1,"$730,000",730000
531,Daniel Thomas,2014,26,1,"$645,000",645000
532,Darren McFadden,2014,26,1,"$1,750,000",1750000
533,Darren Sproles,2014,30,3,"$10,500,000",3500000
533,Darren Sproles,2015,31,3,"$10,500,000",3500000
534,Deji Karim,2014,27,1,"$730,000",730000
535,Demitrius Bronson,2014,24,3,"$1,530,000",510000
536,Dexter McCluster,2014,25,3,"$9,000,000",3000000
536,Dexter McCluster,2015,26,3,"$9,000,000",3000000
537,Donald Brown,2014,26,3,"$10,500,000",3500000
538,Fitz Toussaint,2014,24,3,"$1,530,000",510000
539,Fozzy Whittaker,2014,25,1,"$495,000",495000
540,Glenn Winston,2014,25,3,"$1,530,000",510000
540,Glenn Winston,2015,26,3,"$1,530,000",510000
540,Glenn Winston,2016,27,3,"$1,530,000",510000
541,Jalen Parmele,2014,28,1,"$730,000",730000
542,Jamaal Charles,2014,27,2,"$18,100,000",9050000
542,Jamaal Charles,2015,28,2,"$18,100,000",9050000
543,James Sims,2014,31,3,"$1,530,000",510000
543,James Sims,2015,32,3,"$1,530,000",510000
543,James Sims,2016,33,3,"$1,530,000",510000
544,James Starks,2014,28,2,"$3,250,000",1625000
544,James Starks,2015,29,2,"$3,250,000",1625000
545,Jeremy Stewart,2014,24,2,"$1,230,000",615000
545,Jeremy Stewart,2015,25,2,"$1,230,000",615000
546,Jewel Hampton,2014,24,2,"$1,080,000",540000
546,Jewel Hampton,2015,25,2,"$1,080,000",540000
547,Joe McKnight,2014,25,1,"$645,000",645000
548,Joique Bell,2014,27,3,"$9,300,000",3100000
548,Joique Bell,2015,28,3,"$9,300,000",3100000
549,Jonathan Dwyer,2014,24,1,"$795,000",795000
550,Jordan Todman,2014,24,1,"$645,000",645000
551,Justin Forsett,2014,28,1,"$730,000",730000
552,Knowshon Moreno,2014,26,1,"$3,000,000",3000000
553,Kory Sheets,2014,28,1,"$525,000",525000
554,LaMichael James,2014,24,1,"$570,000",570000
555,LeGarrette Blount,2014,27,2,"$3,850,000",1925000
555,LeGarrette Blount,2015,28,2,"$3,850,000",1925000
556,Leon Washington,2014,31,1,"$920,000",920000
557,Matt Asiata,2014,26,1,"$570,000",570000
558,Maurice Jones-Drew,2014,29,3,"$7,500,000",2500000
558,Maurice Jones-Drew,2015,30,3,"$7,500,000",2500000
558,Maurice Jones-Drew,2016,31,3,"$7,500,000",2500000
559,Michael Bush,2014,29,1,"$730,000",730000
560,Michael Hill,2014,24,2,"$1,080,000",540000
561,Michael Smith,2014,25,1,"$495,000",495000
562,Miguel Maysonet,2014,24,1,"$420,000",420000
563,Peyton Hillis,2014,28,2,"$1,800,000",900000
563,Peyton Hillis,2015,29,2,"$1,800,000",900000
564,Phillip Tanner,2014,25,1,"$645,000",645000
565,Pierre Thomas,2014,29,2,"$4,000,000",2000000
566,Rashad Jennings,2014,28,4,"$10,000,000",2500000
566,Rashad Jennings,2015,29,4,"$10,000,000",2500000
566,Rashad Jennings,2016,30,4,"$10,000,000",2500000
566,Rashad Jennings,2017,31,4,"$10,000,000",2500000
567,Robert Hughes,2014,24,2,"$1,080,000",540000
567,Robert Hughes,2015,25,2,"$1,080,000",540000
568,Ronnie Brown,2014,32,1,"$855,000",855000
569,Ryan Williams,2014,24,1,"$730,000",730000
570,Shaun Draughn,2014,26,1,"$570,000",570000
571,Tauren Poole,2014,24,1,"$420,000",420000
572,Toby Gerhart,2014,26,3,"$10,500,000",3500000
572,Toby Gerhart,2015,27,3,"$10,500,000",3500000
572,Toby Gerhart,2016,28,3,"$10,500,000",3500000
573,William Powell,2014,26,2,"$1,080,000",540000
573,William Powell,2015,27,2,"$1,080,000",540000
574,Ahmad Bradshaw,2013,27,1,"$2,000,000",2000000
575,Alfonso Smith,2013,26,1,"$555,000",555000
576,Andre Brown,2013,26,1,"$2,023,000",2023000
577,Andre Ellington,2013,24,4,"$2,263,864",565966
577,Andre Ellington,2014,25,4,"$2,263,864",565966
577,Andre Ellington,2015,26,4,"$2,263,864",565966
577,Andre Ellington,2016,27,4,"$2,263,864",565966
578,Anthony Allen,2013,24,1,"$555,000",555000
579,Antone Smith,2013,27,2,"$1,425,000",712500
579,Antone Smith,2014,28,2,"$1,425,000",712500
580,Bernard Scott,2013,29,1,"$791,250",791250
581,Bobby Rainey Jr.,2013,25,1,"$480,000",480000
582,Brandon Jackson,2013,27,1,"$715,000",715000
583,Brandon Jacobs,2013,31,1,"$840,000",840000
584,Brock Bolen,2013,28,1,"$630,000",630000
585,Cedric Peerman,2013,26,2,"$2,165,000",1082500
585,Cedric Peerman,2014,27,2,"$2,165,000",1082500
586,Chad Spann,2013,24,2,"$900,000",450000
586,Chad Spann,2014,25,2,"$900,000",450000
587,Chase Reynolds,2013,25,2,"$900,000",450000
587,Chase Reynolds,2014,26,2,"$900,000",450000
588,Chris Gronkowski,2013,26,1,"$630,000",630000
589,Chris Ivory,2013,25,3,"$6,000,000",2000000
589,Chris Ivory,2014,26,3,"$6,000,000",2000000
589,Chris Ivory,2015,27,3,"$6,000,000",2000000
590,Chris Ogbonnaya,2013,26,2,"$1,525,000",762500
591,Chris Rainey,2013,24,2,"$1,050,000",525000
591,Chris Rainey,2014,25,2,"$1,050,000",525000
592,Danny Woodhead,2013,28,2,"$3,500,000",1750000
592,Danny Woodhead,2014,29,2,"$3,500,000",1750000
593,Darius Reynaud,2013,28,1,"$1,015,000",1015000
594,DeAngelo Williams,2013,29,3,"$10,000,000",3333333
594,DeAngelo Williams,2014,30,3,"$10,000,000",3333333
595,Deji Karim,2013,26,1,"$630,000",630000
596,Delone Carter,2013,25,2,"$1,200,000",600000
596,Delone Carter,2014,26,2,"$1,200,000",600000
597,Devin Moore,2013,27,2,"$1,050,000",525000
597,Devin Moore,2014,28,2,"$1,050,000",525000
598,Felix Jones,2013,26,1,"$780,000",780000
599,Jalen Parmele,2013,27,1,"$715,000",715000
600,Jeremiah Johnson,2013,25,1,"$480,000",480000
601,Jeremy Stewart,2013,24,1,"$480,000",480000
602,Joe Banyard,2013,24,3,"$1,485,000",495000
602,Joe Banyard,2014,25,3,"$1,485,000",495000
603,Joique Bell,2013,26,1,"$630,000",630000
604,Josh Vaughan,2013,26,2,"$1,200,000",600000
604,Josh Vaughan,2014,27,2,"$1,200,000",600000
605,Justin Forsett,2013,27,2,"$2,250,000",1125000
606,Kahlil Bell,2013,26,1,"$715,000",715000
607,Kenjon Barner,2013,24,4,"$2,265,800",566450
607,Kenjon Barner,2014,25,4,"$2,265,800",566450
608,LaRod Stephens-Howling,2013,26,1,"$780,000",780000
609,Lance Ball,2013,27,1,"$1,323,000",1323000
610,LeGarrette Blount,2013,26,1,"$1,750,000",1750000
611,Leon Washington,2013,30,1,"$1,300,000",1300000
612,Lex Hilliard,2013,28,1,"$715,000",715000
613,Lonyae Miller,2013,24,1,"$480,000",480000
614,Michael Cox,2013,24,4,"$2,205,896",551474
614,Michael Cox,2014,25,4,"$2,205,896",551474
614,Michael Cox,2015,26,4,"$2,205,896",551474
614,Michael Cox,2016,27,4,"$2,205,896",551474
615,Mike Goodson,2013,25,3,"$6,900,000",2300000
615,Mike Goodson,2014,26,3,"$6,900,000",2300000
615,Mike Goodson,2015,27,3,"$6,900,000",2300000
616,Mossis Madu,2013,25,2,"$1,050,000",525000
616,Mossis Madu,2014,26,2,"$1,050,000",525000
617,Peyton Hillis,2013,27,1,"$715,000",715000
618,Rashad Jennings,2013,28,1,"$630,000",630000
619,Rashard Mendenhall,2013,25,1,"$2,500,000",2500000
620,Reggie Bush,2013,28,4,"$16,000,000",4000000
620,Reggie Bush,2014,29,4,"$16,000,000",4000000
621,Ronnie Brown,2013,31,1,"$1,050,000",1050000
622,Ryan Torain,2013,26,1,"$715,000",715000
623,Shaun Draughn,2013,25,1,"$480,000",480000
624,Shonn Greene,2013,27,3,"$10,000,000",3333333
624,Shonn Greene,2014,28,3,"$10,000,000",3333333
624,Shonn Greene,2015,29,3,"$10,000,000",3333333
625,Spencer Larsen,2013,29,1,"$715,000",715000
626,Steven Jackson,2013,29,3,"$12,000,000",4000000
626,Steven Jackson,2014,30,3,"$12,000,000",4000000
627,Tashard Choice,2013,28,2,"$1,445,000",722500
627,Tashard Choice,2014,29,2,"$1,445,000",722500
628,William Powell,2013,24,1,"$480,000",480000
629,Willis McGahee,2013,31,1,"$940,000",940000
630,Aaron Brown,2012,26,1,"$615,000",615000
631,Alfonso Smith,2012,24,1,"$465,000",465000
632,Andre Brown,2012,25,1,"$465,000",465000
633,Antone Smith,2012,26,1,"$540,000",540000
634,Arian Foster,2012,25,5,"$43,500,000",8700000
634,Arian Foster,2013,26,5,"$43,500,000",8700000
634,Arian Foster,2014,27,5,"$43,500,000",8700000
634,Arian Foster,2015,28,5,"$43,500,000",8700000
635,Armond Smith,2012,25,3,"$1,665,000",555000
635,Armond Smith,2013,26,3,"$1,665,000",555000
635,Armond Smith,2014,27,3,"$1,665,000",555000
636,Baron Batch,2012,24,1,"$465,000",465000
637,BenJarvus Green-Ellis,2012,26,3,"$9,000,000",3000000
637,BenJarvus Green-Ellis,2013,27,3,"$9,000,000",3000000
637,BenJarvus Green-Ellis,2014,28,3,"$9,000,000",3000000
638,Bobby Rainey Jr.,2012,24,3,"$1,441,500",480500
639,Brandon Jacobs,2012,29,1,"$1,600,000",1600000
640,Brit Miller,2012,25,1,"$615,000",615000
641,Brock Bolen,2012,26,1,"$615,000",615000
642,Cedric Benson,2012,29,1,"$825,000",825000
643,Cedric Peerman,2012,25,1,"$540,000",540000
644,Chase Reynolds,2012,24,2,"$870,000",435000
645,Chris Ogbonnaya,2012,25,1,"$540,000",540000
646,Chris Rainey,2012,24,4,"$2,281,652",570413
646,Chris Rainey,2015,27,4,"$2,281,652",570413
647,Chris Taylor,2012,28,1,"$700,000",700000
648,Darius Reynaud,2012,27,1,"$615,000",615000
649,Eddie Williams,2012,24,1,"$540,000",540000
650,Fred Jackson,2012,31,2,"$8,700,000",4350000
650,Fred Jackson,2013,32,2,"$8,700,000",4350000
651,Graig Cooper,2012,24,1,"$390,000",390000
652,Herb Donaldson,2012,26,2,"$870,000",435000
652,Herb Donaldson,2013,27,2,"$870,000",435000
653,Issac Redman,2012,27,1,"$540,000",540000
654,Jacob Hester,2012,26,2,"$1,415,000",707500
654,Jacob Hester,2013,27,2,"$1,415,000",707500
655,Jalen Parmele,2012,26,1,"$615,000",615000
656,James Bryant,2012,26,1,"$390,000",390000
657,Jason Snelling,2012,28,3,"$4,000,000",1333333
657,Jason Snelling,2013,29,3,"$4,000,000",1333333
657,Jason Snelling,2014,30,3,"$4,000,000",1333333
658,Javarris James,2012,24,1,"$465,000",465000
659,Javarris Williams,2012,25,1,"$390,000",390000
660,Jeremiah Johnson,2012,24,1,"$465,000",465000
661,Jerome Messam,2012,26,3,"$1,440,000",480000
661,Jerome Messam,2013,27,3,"$1,440,000",480000
661,Jerome Messam,2014,28,3,"$1,440,000",480000
662,Johnny White,2012,24,1,"$465,000",465000
663,Jonathan Stewart,2012,25,5,"$36,500,000",7300000
663,Jonathan Stewart,2013,26,5,"$36,500,000",7300000
663,Jonathan Stewart,2014,27,5,"$36,500,000",7300000
663,Jonathan Stewart,2015,28,5,"$36,500,000",7300000
663,Jonathan Stewart,2016,29,5,"$36,500,000",7300000
664,Joseph Addai,2012,28,1,"$1,100,000",1100000
665,Justin Forsett,2012,26,1,"$700,000",700000
666,Kahlil Bell,2012,25,1,"$1,260,000",1260000
667,Keiland Williams,2012,26,2,"$1,170,000",585000
667,Keiland Williams,2013,27,2,"$1,170,000",585000
668,Keith Toston,2012,25,1,"$465,000",465000
669,Kevin Smith,2012,25,1,"$765,000",765000
670,Kregg Lumpkin,2012,27,1,"$700,000",700000
671,LaRod Stephens-Howling,2012,24,1,"$1,927,000",1927000
672,Lance Ball,2012,26,1,"$540,000",540000
673,LeGarrette Blount,2012,25,1,"$540,000",540000
674,Lex Hilliard,2012,28,1,"$665,000",665000
675,Lorenzo Booker,2012,28,1,"$700,000",700000
676,Lousaka Polite,2012,30,1,"$700,000",700000
677,Marshawn Lynch,2012,25,4,"$30,000,000",7500000
677,Marshawn Lynch,2013,26,4,"$30,000,000",7500000
677,Marshawn Lynch,2014,27,4,"$30,000,000",7500000
678,Matt Asiata,2012,24,2,"$870,000",435000
678,Matt Asiata,2013,25,2,"$870,000",435000
679,Matt Forte,2012,26,4,"$30,400,000",7600000
679,Matt Forte,2013,27,4,"$30,400,000",7600000
679,Matt Forte,2014,28,4,"$30,400,000",7600000
679,Matt Forte,2015,29,4,"$30,400,000",7600000
680,Mewelde Moore,2012,29,1,"$825,000",825000
681,Michael Bush,2012,27,4,"$14,000,000",3500000
681,Michael Bush,2013,28,4,"$14,000,000",3500000
681,Michael Bush,2015,30,4,"$14,000,000",3500000
682,Moran Norris,2012,33,1,"$990,000",990000
683,Ovie Mughelli,2012,31,1,"$890,000",890000
684,Peyton Hillis,2012,26,1,"$2,800,000",2800000
685,Rashawn Jackson,2012,24,1,"$390,000",390000
686,Ray Rice,2012,25,5,"$35,000,000",7000000
686,Ray Rice,2013,26,5,"$35,000,000",7000000
686,Ray Rice,2014,27,5,"$35,000,000",7000000
686,Ray Rice,2015,28,5,"$35,000,000",7000000
686,Ray Rice,2016,29,5,"$35,000,000",7000000
687,Richard Medlin,2012,25,2,"$870,000",435000
687,Richard Medlin,2013,26,2,"$870,000",435000
688,Richard Murphy,2012,25,2,"$870,000",435000
688,Richard Murphy,2013,26,2,"$870,000",435000
689,Rock Cartwright,2012,32,1,"$950,000",950000
690,Ronnie Brown,2012,29,1,"$1,000,000",1000000
691,Ryan Grant,2012,29,1,"$750,000",750000
692,Ryan Mahaffey,2012,24,2,"$1,020,000",510000
692,Ryan Mahaffey,2013,25,2,"$1,020,000",510000
693,Ryan Torain,2012,25,1,"$615,000",615000
694,Spencer Larsen,2012,28,2,"$1,700,000",850000
695,Steve Slaton,2012,26,1,"$700,000",700000
696,Tashard Choice,2012,27,1,"$700,000",700000
697,Thomas Clayton,2012,27,1,"$615,000",615000
698,Tim Hightower,2012,25,1,"$750,000",750000
699,Tristan Davis,2012,25,2,"$795,000",397500
699,Tristan Davis,2013,26,2,"$795,000",397500
700,Tyrell Sutton,2012,25,2,"$1,170,000",585000
700,Tyrell Sutton,2013,26,2,"$1,170,000",585000
701,Xavier Omon,2012,26,1,"$615,000",615000
702,Adrian Peterson,2011,26,6,"$86,280,000",14380000
702,Adrian Peterson,2012,27,6,"$86,280,000",14380000
702,Adrian Peterson,2013,28,6,"$86,280,000",14380000
702,Adrian Peterson,2014,29,6,"$86,280,000",14380000
703,Ahmad Bradshaw,2011,25,4,"$18,000,000",4500000
703,Ahmad Bradshaw,2012,26,4,"$18,000,000",4500000
704,Andre Brown,2011,24,1,"$450,000",450000
705,Arian Foster,2011,24,1,"$525,000",525000
706,Armond Smith,2011,24,3,"$1,395,000",465000
707,BenJarvus Green-Ellis,2011,26,1,"$1,835,000",1835000
708,Brandon Jackson,2011,25,2,"$4,500,000",2250000
708,Brandon Jackson,2012,26,2,"$4,500,000",2250000
709,Brock Bolen,2011,25,1,"$525,000",525000
710,Carnell Williams,2011,29,1,"$735,000",735000
711,Cedric Benson,2011,28,1,"$4,500,000",4500000
712,Charles Ali,2011,25,1,"$480,000",480000
713,Chauncey Washington,2011,24,2,"$1,205,000",602500
713,Chauncey Washington,2012,25,2,"$1,205,000",602500
714,Chester Taylor,2011,31,1,"$810,000",810000
715,Chris Henry,2011,25,1,"$555,000",555000
716,Chris Jennings,2011,25,1,"$405,000",405000
717,Chris Johnson,2011,25,4,"$53,975,000",13493750
717,Chris Johnson,2012,26,4,"$53,975,000",13493750
717,Chris Johnson,2013,27,4,"$53,975,000",13493750
718,Curtis Brinkley,2011,25,2,"$945,000",472500
718,Curtis Brinkley,2012,26,2,"$945,000",472500
719,D.J. Ware,2011,25,3,"$2,040,000",680000
719,D.J. Ware,2012,26,3,"$2,040,000",680000
719,D.J. Ware,2013,27,3,"$2,040,000",680000
720,Danny Woodhead,2011,25,2,"$1,675,000",837500
720,Danny Woodhead,2012,26,2,"$1,675,000",837500
721,Darius Reynaud,2011,26,1,"$585,500",585500
722,Darren Sproles,2011,28,4,"$14,000,000",3500000
722,Darren Sproles,2012,29,4,"$14,000,000",3500000
722,Darren Sproles,2013,30,4,"$14,000,000",3500000
723,DeAngelo Williams,2011,28,5,"$43,000,000",8600000
723,DeAngelo Williams,2012,29,5,"$43,000,000",8600000
724,Derrick Ward,2011,30,1,"$1,750,000",1750000
725,Dominique Lindsay,2011,24,1,"$330,000",330000
726,Eldra Buckley,2011,25,1,"$480,000",480000
727,Frank Gore,2011,28,3,"$19,212,550",6404183
727,Frank Gore,2012,29,3,"$19,212,550",6404183
727,Frank Gore,2013,30,3,"$19,212,550",6404183
728,Fui Vakapuna,2011,26,1,"$480,000",480000
729,Ian Johnson,2011,24,1,"$96,900",96900
730,Jason Snelling,2011,27,1,"$1,000,000",1000000
731,Jehuu Caulcrick,2011,27,1,"$405,000",405000
732,Jerious Norwood,2011,28,1,"$685,000",685000
733,Jerome Harrison,2011,27,1,"$735,000",735000
734,Joique Bell,2011,25,2,"$1,005,000",502500
734,Joique Bell,2012,26,2,"$1,005,000",502500
735,Joseph Addai,2011,28,3,"$14,000,000",4666667
735,Joseph Addai,2013,30,3,"$14,000,000",4666667
736,Josh Vaughan,2011,24,1,"$405,000",405000
737,Kahlil Bell,2011,24,1,"$480,000",480000
738,Kevin Faulk,2011,35,1,"$910,000",910000
739,Kevin Smith,2011,24,1,"$600,000",600000
740,Korey Hall,2011,27,2,"$2,110,000",1055000
740,Korey Hall,2012,28,2,"$2,110,000",1055000
741,Larry Johnson,2011,31,1,"$810,000",810000
742,Leon Washington,2011,28,4,"$12,500,000",3125000
742,Leon Washington,2012,29,4,"$12,500,000",3125000
743,Lex Hilliard,2011,26,1,"$525,000",525000
744,Marion Barber,2011,27,2,"$4,500,000",2250000
744,Marion Barber,2012,28,2,"$4,500,000",2250000
745,Matt Asiata,2011,24,3,"$1,396,000",465333
746,Matt Clapp,2011,24,1,"$330,000",330000
747,Matt Lawrence,2011,30,1,"$525,000",525000
748,Mewelde Moore,2011,28,1,"$860,000",860000
749,Michael Bennett,2011,32,1,"$890,000",890000
750,Michael Bush,2011,27,1,"$2,610,000",2610000
751,Pierre Thomas,2011,26,4,"$11,200,000",2800000
751,Pierre Thomas,2012,27,4,"$11,200,000",2800000
751,Pierre Thomas,2013,28,4,"$11,200,000",2800000
752,Reagan Maui'a,2011,27,2,"$1,425,000",712500
752,Reagan Maui'a,2012,28,2,"$1,425,000",712500
753,Reggie Bush,2011,25,2,"$9,750,000",4875000
753,Reggie Bush,2012,26,2,"$9,750,000",4875000
754,Richard Murphy,2011,24,3,"$1,395,000",465000
755,Ricky Williams,2011,34,2,"$2,600,000",1300000
755,Ricky Williams,2012,35,2,"$2,600,000",1300000
756,Rock Cartwright,2011,31,1,"$910,000",910000
757,Ronnie Brown,2011,29,1,"$1,250,000",1250000
758,Sammy Morris,2011,33,1,"$960,000",960000
759,Tim Hightower,2011,24,1,"$1,835,000",1835000
760,Tyrell Sutton,2011,24,1,"$480,000",480000
761,Willis McGahee,2011,29,4,"$9,500,000",2375000
761,Willis McGahee,2012,30,4,"$9,500,000",2375000
761,Willis McGahee,2014,32,4,"$9,500,000",2375000
762,Antone Smith,2010,24,2,"$725,000",362500
762,Antone Smith,2011,25,2,"$725,000",362500
763,Brian Westbrook,2010,30,1,"$1,250,000",1250000
764,Carnell Williams,2010,28,1,"$2,303,400",2303400
765,Chad Simpson,2010,24,3,"$1,675,000",558333
765,Chad Simpson,2011,25,3,"$1,675,000",558333
765,Chad Simpson,2012,26,3,"$1,675,000",558333
766,Chester Taylor,2010,30,4,"$12,500,000",3125000
766,Chester Taylor,2012,32,4,"$12,500,000",3125000
766,Chester Taylor,2013,33,4,"$12,500,000",3125000
767,D.J. Ware,2010,25,1,"$525,000",525000
768,Danny Woodhead,2010,25,1,"$395,000",395000
769,Darren Sproles,2010,26,1,"$7,281,300",7281300
770,Derrick Ward,2010,29,1,"$630,000",630000
771,Devin Moore,2010,24,3,"$1,215,000",405000
771,Devin Moore,2011,25,3,"$1,215,000",405000
771,Devin Moore,2012,26,3,"$1,215,000",405000
772,Dominic Rhodes,2010,30,1,"$755,000",755000
773,J.J. Arrington,2010,26,1,"$780,000",780000
774,Jalen Parmele,2010,24,1,"$470,000",470000
775,Jason Snelling,2010,26,1,"$1,684,000",1684000
776,Jerious Norwood,2010,26,1,"$1,759,000",1759000
777,Jerome Harrison,2010,26,1,"$1,759,000",1759000
778,Julius Jones,2010,28,1,"$630,000",630000
779,Justin Fargas,2010,29,1,"$1,505,000",1505000
780,Keiland Williams,2010,24,3,"$1,215,000",405000
780,Keiland Williams,2011,25,3,"$1,215,000",405000
781,Kenneth Darby,2010,27,1,"$470,000",470000
782,Kevin Faulk,2010,33,1,"$2,000,000",2000000
783,Kolby Smith,2010,25,1,"$545,000",545000
784,LaDainian Tomlinson,2010,30,2,"$5,200,000",2600000
784,LaDainian Tomlinson,2011,31,2,"$5,200,000",2600000
785,Ladell Betts,2010,31,1,"$800,000",800000
786,Lance Ball,2010,24,2,"$807,800",403900
786,Lance Ball,2011,25,2,"$807,800",403900
787,Larry Johnson,2010,30,3,"$10,500,000",3500000
787,Larry Johnson,2012,32,3,"$10,500,000",3500000
788,Lendale White,2010,25,2,"$1,270,000",635000
788,Lendale White,2011,26,2,"$1,270,000",635000
789,Leon Washington,2010,27,1,"$1,759,000",1759000
790,Lorenzo Booker,2010,25,2,"$1,025,000",512500
790,Lorenzo Booker,2011,26,2,"$1,025,000",512500
791,Manase Tonga,2010,25,3,"$1,160,000",386667
791,Manase Tonga,2011,26,3,"$1,160,000",386667
791,Manase Tonga,2012,27,3,"$1,160,000",386667
792,Matt Lawrence,2010,29,1,"$395,000",395000
793,Michael Bennett,2010,31,1,"$1,250,000",1250000
794,Mike Bell,2010,26,1,"$1,700,000",1700000
795,Nehemiah Broughton,2010,27,1,"$470,000",470000
796,Pierre Thomas,2010,25,1,"$1,684,000",1684000
797,Reagan Maui'a,2010,25,1,"$470,000",470000
798,Ricky Williams,2010,32,1,"$4,550,000",4550000
799,Rock Cartwright,2010,30,1,"$755,000",755000
800,Ronnie Brown,2010,28,1,"$3,969,239",3969239
801,Ryan Moats,2010,27,1,"$1,176,000",1176000
802,Thomas Clayton,2010,25,2,"$875,000",437500
802,Thomas Clayton,2011,26,2,"$875,000",437500
803,Thomas Jones,2010,31,2,"$5,000,000",2500000
803,Thomas Jones,2011,32,2,"$5,000,000",2500000
804,Willie Parker,2010,29,1,"$850,000",850000
805,Aaron Stecker,2009,33,1,"$745,000",745000
806,Ahman Green,2009,31,1,"$845,001",845001
807,Alvin Pearman,2009,26,2,"$1,250,000",625000
807,Alvin Pearman,2010,27,2,"$1,250,000",625000
808,Anthony Alridge,2009,25,3,"$1,185,000",395000
808,Anthony Alridge,2010,26,3,"$1,185,000",395000
808,Anthony Alridge,2011,27,3,"$1,185,000",395000
809,Bernard Scott,2009,25,4,"$1,827,510",456878
809,Bernard Scott,2010,26,4,"$1,827,510",456878
809,Bernard Scott,2011,27,4,"$1,827,510",456878
809,Bernard Scott,2012,28,4,"$1,827,510",456878
810,Brandon Jacobs,2009,26,4,"$25,000,000",6250000
810,Brandon Jacobs,2010,27,4,"$25,000,000",6250000
810,Brandon Jacobs,2011,28,4,"$25,000,000",6250000
811,Cedric Benson,2009,26,2,"$6,500,000",3250000
811,Cedric Benson,2010,27,2,"$6,500,000",3250000
812,Charles Ali,2009,24,1,"$460,000",460000
813,Correll Buckhalter,2009,30,4,"$9,700,000",2425000
813,Correll Buckhalter,2010,31,4,"$9,700,000",2425000
813,Correll Buckhalter,2011,32,4,"$9,700,000",2425000
813,Correll Buckhalter,2012,33,4,"$9,700,000",2425000
814,D.J. Ware,2009,24,1,"$460,000",460000
815,Darren Sproles,2009,25,1,"$6,621,000",6621000
816,Derrick Ward,2009,28,4,"$17,000,000",4250000
816,Derrick Ward,2012,31,4,"$17,000,000",4250000
817,Dominic Rhodes,2009,29,2,"$2,450,000",1225000
818,Edgerrin James,2009,31,1,"$2,000,000",2000000
819,Fred Jackson,2009,28,4,"$7,500,000",1875000
819,Fred Jackson,2010,29,4,"$7,500,000",1875000
819,Fred Jackson,2011,30,4,"$7,500,000",1875000
820,Fred Taylor,2009,32,2,"$5,000,000",2500000
820,Fred Taylor,2010,33,2,"$5,000,000",2500000
821,Fui Vakapuna,2009,25,4,"$1,750,000",437500
821,Fui Vakapuna,2010,26,4,"$1,750,000",437500
821,Fui Vakapuna,2012,28,4,"$1,750,000",437500
822,Issac Redman,2009,24,3,"$1,187,000",395667
822,Issac Redman,2010,25,3,"$1,187,000",395667
822,Issac Redman,2011,26,3,"$1,187,000",395667
823,J.J. Arrington,2009,25,4,"$8,760,000",2190000
823,J.J. Arrington,2011,27,4,"$8,760,000",2190000
823,J.J. Arrington,2012,28,4,"$8,760,000",2190000
824,Jason Wright,2009,26,2,"$2,000,000",1000000
824,Jason Wright,2010,27,2,"$2,000,000",1000000
825,Justin Green,2009,26,1,"$535,000",535000
826,Kevin Jones,2009,26,2,"$3,500,000",1750000
826,Kevin Jones,2010,27,2,"$3,500,000",1750000
827,LaDainian Tomlinson,2009,29,3,"$17,875,000",5958333
828,Larry Johnson,2009,29,1,"$620,000",620000
829,Lex Hilliard,2009,24,2,"$705,000",352500
829,Lex Hilliard,2010,25,2,"$705,000",352500
830,Lousaka Polite,2009,27,3,"$3,700,000",1233333
830,Lousaka Polite,2010,28,3,"$3,700,000",1233333
830,Lousaka Polite,2011,29,3,"$3,700,000",1233333
831,Matt Lawrence,2009,28,1,"$310,000",310000
832,Maurice Morris,2009,29,3,"$7,000,000",2333333
832,Maurice Morris,2010,30,3,"$7,000,000",2333333
832,Maurice Morris,2011,31,3,"$7,000,000",2333333
833,Moran Norris,2009,30,3,"$5,000,000",1666667
833,Moran Norris,2010,31,3,"$5,000,000",1666667
833,Moran Norris,2011,32,3,"$5,000,000",1666667
834,Rashad Jennings,2009,24,4,"$1,788,450",447113
834,Rashad Jennings,2010,25,4,"$1,788,450",447113
834,Rashad Jennings,2011,26,4,"$1,788,450",447113
834,Rashad Jennings,2012,27,4,"$1,788,450",447113
835,Ricky Williams,2009,31,1,"$5,000,000",5000000
836,Thomas Clayton,2009,24,1,"$385,000",385000
837,Tim Castille,2009,24,2,"$1,005,000",502500
837,Tim Castille,2010,25,2,"$1,005,000",502500
838,Verron Haynes,2009,30,1,"$620,000",620000
839,Aaron Stecker,2008,32,1,"$1,300,000",1300000
840,Adimchinobi Echemandu,2008,27,1,"$605,000",605000
841,Allen Patrick,2008,24,3,"$1,182,000",394000
841,Allen Patrick,2009,25,3,"$1,182,000",394000
841,Allen Patrick,2010,26,3,"$1,182,000",394000
842,Alvin Pearman,2008,25,2,"$1,140,000",570000
843,Anthony Alridge,2008,24,3,"$1,730,000",576667
844,Casey Cramer,2008,25,2,"$1,225,000",612500
844,Casey Cramer,2009,26,2,"$1,225,000",612500
845,Cedric Benson,2008,25,1,"$525,000",525000
846,Clinton Portis,2008,26,6,"$46,120,000",7686667
846,Clinton Portis,2009,27,6,"$46,120,000",7686667
846,Clinton Portis,2010,28,6,"$46,120,000",7686667
846,Clinton Portis,2011,29,6,"$46,120,000",7686667
846,Clinton Portis,2012,30,6,"$46,120,000",7686667
846,Clinton Portis,2013,31,6,"$46,120,000",7686667
847,Dan Kreider,2008,31,1,"$730,000",730000
848,Derrick Ward,2008,27,1,"$1,400,000",1400000
849,Dominic Rhodes,2008,28,1,"$645,000",645000
850,Earnest Graham,2008,27,4,"$11,050,000",2762500
850,Earnest Graham,2009,28,4,"$11,050,000",2762500
850,Earnest Graham,2010,29,4,"$11,050,000",2762500
850,Earnest Graham,2011,30,4,"$11,050,000",2762500
851,Jamal Lewis,2008,28,3,"$17,000,000",5666667
851,Jamal Lewis,2009,29,3,"$17,000,000",5666667
851,Jamal Lewis,2010,30,3,"$17,000,000",5666667
852,Jason Wright,2008,25,1,"$1,000,000",1000000
853,Jesse Chatman,2008,28,1,"$645,000",645000
854,Julius Jones,2008,26,4,"$11,800,000",2950000
854,Julius Jones,2009,27,4,"$11,800,000",2950000
854,Julius Jones,2011,29,4,"$11,800,000",2950000
855,Justin Fargas,2008,27,3,"$14,300,000",4766667
855,Justin Fargas,2009,28,3,"$14,300,000",4766667
856,Justin Green,2008,25,1,"$927,000",927000
857,Kevin Jones,2008,25,1,"$762,500",762500
858,Luke Lawton,2008,27,2,"$980,000",490000
858,Luke Lawton,2009,28,2,"$980,000",490000
859,Marcus Thomas,2008,24,4,"$1,856,985",464246
859,Marcus Thomas,2009,25,4,"$1,856,985",464246
859,Marcus Thomas,2010,26,4,"$1,856,985",464246
859,Marcus Thomas,2011,27,4,"$1,856,985",464246
860,Marion Barber,2008,24,7,"$45,000,000",6428571
860,Marion Barber,2009,25,7,"$45,000,000",6428571
860,Marion Barber,2010,26,7,"$45,000,000",6428571
860,Marion Barber,2013,29,7,"$45,000,000",6428571
860,Marion Barber,2014,30,7,"$45,000,000",6428571
861,Mewelde Moore,2008,25,3,"$4,950,000",1650000
861,Mewelde Moore,2009,26,3,"$4,950,000",1650000
861,Mewelde Moore,2010,27,3,"$4,950,000",1650000
862,Michael Bennett,2008,29,2,"$2,750,000",1375000
862,Michael Bennett,2009,30,2,"$2,750,000",1375000
863,Michael Turner,2008,25,6,"$34,500,000",5750000
863,Michael Turner,2009,26,6,"$34,500,000",5750000
863,Michael Turner,2010,27,6,"$34,500,000",5750000
863,Michael Turner,2011,28,6,"$34,500,000",5750000
863,Michael Turner,2012,29,6,"$34,500,000",5750000
863,Michael Turner,2013,30,6,"$34,500,000",5750000
864,Patrick Cobbs,2008,24,3,"$2,655,000",885000
864,Patrick Cobbs,2009,25,3,"$2,655,000",885000
864,Patrick Cobbs,2010,26,3,"$2,655,000",885000
865,Rock Cartwright,2008,28,3,"$3,050,000",1016667
865,Rock Cartwright,2009,29,3,"$3,050,000",1016667
866,Rudi Johnson,2008,28,1,"$1,100,000",1100000
867,Ryan Grant,2008,25,4,"$20,000,000",5000000
867,Ryan Grant,2009,26,4,"$20,000,000",5000000
867,Ryan Grant,2010,27,4,"$20,000,000",5000000
867,Ryan Grant,2011,28,4,"$20,000,000",5000000
868,Ryan Moats,2008,25,2,"$980,000",490000
868,Ryan Moats,2009,26,2,"$980,000",490000
869,Shaun Alexander,2008,31,1,"$730,000",730000
870,Steven Jackson,2008,25,6,"$44,805,000",7467500
870,Steven Jackson,2009,26,6,"$44,805,000",7467500
870,Steven Jackson,2010,27,6,"$44,805,000",7467500
870,Steven Jackson,2011,28,6,"$44,805,000",7467500
870,Steven Jackson,2012,29,6,"$44,805,000",7467500
871,T.J. Duckett,2008,26,5,"$13,355,000",2671000
871,T.J. Duckett,2009,27,5,"$13,355,000",2671000
871,T.J. Duckett,2010,28,5,"$13,355,000",2671000
871,T.J. Duckett,2011,29,5,"$13,355,000",2671000
871,T.J. Duckett,2012,30,5,"$13,355,000",2671000
872,Tatum Bell,2008,27,1,"$1,600,000",1600000
873,Vernand Morency,2008,27,1,"$927,000",927000
874,Warrick Dunn,2008,32,2,"$6,000,000",3000000
874,Warrick Dunn,2009,33,2,"$6,000,000",3000000
875,Ahman Green,2007,29,4,"$23,000,000",5750000
875,Ahman Green,2008,30,4,"$23,000,000",5750000
875,Ahman Green,2010,32,4,"$23,000,000",5750000
876,Correll Buckhalter,2007,28,2,"$2,550,000",1275000
876,Correll Buckhalter,2008,29,2,"$2,550,000",1275000
877,Deon Anderson,2007,24,4,"$1,757,250",439313
877,Deon Anderson,2008,25,4,"$1,757,250",439313
877,Deon Anderson,2009,26,4,"$1,757,250",439313
877,Deon Anderson,2010,27,4,"$1,757,250",439313
878,Derrick Ward,2007,26,1,"$850,000",850000
879,Dominic Rhodes,2007,27,2,"$7,500,000",3750000
880,Dwayne Wright,2007,24,4,"$2,126,000",531500
880,Dwayne Wright,2008,25,4,"$2,126,000",531500
880,Dwayne Wright,2009,26,4,"$2,126,000",531500
880,Dwayne Wright,2010,27,4,"$2,126,000",531500
881,Fred Jackson,2007,25,2,"$655,000",327500
881,Fred Jackson,2008,26,2,"$655,000",327500
882,Fred Taylor,2007,30,4,"$23,000,000",5750000
882,Fred Taylor,2008,31,4,"$23,000,000",5750000
883,Jamal Lewis,2007,27,1,"$3,500,000",3500000
884,Justise Hairston,2007,24,3,"$1,170,500",390167
884,Justise Hairston,2008,25,3,"$1,170,500",390167
884,Justise Hairston,2009,26,3,"$1,170,500",390167
885,Kenneth Darby,2007,24,4,"$1,705,000",426250
885,Kenneth Darby,2008,25,4,"$1,705,000",426250
885,Kenneth Darby,2009,26,4,"$1,705,000",426250
886,Kenton Keith,2007,26,3,"$1,119,000",373000
886,Kenton Keith,2008,27,3,"$1,119,000",373000
886,Kenton Keith,2009,28,3,"$1,119,000",373000
887,Ladell Betts,2007,27,5,"$11,000,000",2200000
887,Ladell Betts,2008,28,5,"$11,000,000",2200000
887,Ladell Betts,2009,29,5,"$11,000,000",2200000
887,Ladell Betts,2011,31,5,"$11,000,000",2200000
888,Larry Johnson,2007,27,6,"$45,000,000",7500000
888,Larry Johnson,2008,28,6,"$45,000,000",7500000
889,Lousaka Polite,2007,25,2,"$1,005,000",502500
889,Lousaka Polite,2008,26,2,"$1,005,000",502500
890,Luke Lawton,2007,26,3,"$1,340,000",446667
891,Michael Turner,2007,24,1,"$2,350,000",2350000
892,Nate Ilaoa,2007,24,4,"$2,155,000",538750
892,Nate Ilaoa,2008,25,4,"$2,155,000",538750
892,Nate Ilaoa,2009,26,4,"$2,155,000",538750
892,Nate Ilaoa,2010,27,4,"$2,155,000",538750
893,Ovie Mughelli,2007,26,6,"$18,000,000",3000000
893,Ovie Mughelli,2008,27,6,"$18,000,000",3000000
893,Ovie Mughelli,2009,28,6,"$18,000,000",3000000
893,Ovie Mughelli,2010,29,6,"$18,000,000",3000000
893,Ovie Mughelli,2011,30,6,"$18,000,000",3000000
894,Ron Dayne,2007,29,1,"$1,300,000",1300000
895,Ryan Grant,2007,24,1,"$315,000",315000
896,T.J. Duckett,2007,25,1,"$1,600,000",1600000
897,Thomas Jones,2007,28,4,"$20,000,000",5000000
897,Thomas Jones,2008,29,4,"$20,000,000",5000000
897,Thomas Jones,2009,30,4,"$20,000,000",5000000
898,Travis Henry,2007,28,5,"$22,500,000",4500000
898,Travis Henry,2008,29,5,"$22,500,000",4500000
898,Travis Henry,2009,30,5,"$22,500,000",4500000
898,Travis Henry,2010,31,5,"$22,500,000",4500000
898,Travis Henry,2011,32,5,"$22,500,000",4500000
899,Verron Haynes,2007,27,1,"$840,000",840000
900,Willis McGahee,2007,25,7,"$40,120,000",5731429
900,Willis McGahee,2008,26,7,"$40,120,000",5731429
900,Willis McGahee,2009,27,7,"$40,120,000",5731429
900,Willis McGahee,2010,28,7,"$40,120,000",5731429
